Workbook
Name items: Lookups!$C:$C
Name keylabelaim: Lookups!$E:$F
Name label: MAIN!$AA:$AK
Name labelitem: Lookups!$B:$C
Name layout: MAIN!$A$1

Sheet MAIN
A1: C47 | X1: Layout | Y1: Row | Z1: Column | AA1: Index | AB1: Primary | AC1: F-shift | AD1: G-shift | AF1: Alpha | AH1: f-Alpha | AI1: g-Alpha | AJ1: TAM | AM1: primary | AN1: fShifted | AO1: gShifted | AP1: keyLblAim | AQ1: primaryAim | AR1: fShiftedAim | AS1: gShiftedAim | AT1: primaryTam | AX1: primary | AY1: fShifted | AZ1: gShifted | BA1: keyLblAim | BB1: primaryAim | BC1: fShiftedAim | BD1: gShiftedAim | BE1: primaryTam
V2: IN CODE | W2: DROPLIST | AA2: 1 | AB2: 2 | AC2: 3 | AD2: 4 | AF2: 5
C3: =VLOOKUP(LEFT(C53,LEN(layout)+3),label,RIGHT(C53,1)+1,0) -> F1 | G3: =VLOOKUP(LEFT(G53,LEN(layout)+3),label,RIGHT(G53,1)+1,0) -> F2 | J3: =VLOOKUP(LEFT(J53,LEN(layout)+3),label,RIGHT(J53,1)+1,0) -> F3 | M3: =VLOOKUP(LEFT(M53,LEN(layout)+3),label,RIGHT(M53,1)+1,0) -> F4 | P3: =VLOOKUP(LEFT(P53,LEN(layout)+3),label,RIGHT(P53,1)+1,0) -> F4 | S3: =VLOOKUP(LEFT(S53,LEN(layout)+3),label,RIGHT(S53,1)+1,0) -> F6 | W3: =X48 -> C47
V4: From WP code | W4: =X93 -> WP43
W5: =X138 -> E47
W6: =X183 -> V47
V7: kbd_std_N43 | W7: =X228 -> N47
C8: =VLOOKUP(LEFT(C58,LEN(layout)+3),label,RIGHT(C58,1)+1,0) -> ->I | D8: =VLOOKUP(LEFT(D58,LEN(layout)+3),label,RIGHT(D58,1)+1,0) -> a b/c | G8: =VLOOKUP(LEFT(G58,LEN(layout)+3),label,RIGHT(G58,1)+1,0) -> y^x | H8: =VLOOKUP(LEFT(H58,LEN(layout)+3),label,RIGHT(H58,1)+1,0) -> # | J8: =VLOOKUP(LEFT(J58,LEN(layout)+3),label,RIGHT(J58,1)+1,0) -> x^2 | K8: =VLOOKUP(LEFT(K58,LEN(layout)+3),label,RIGHT(K58,1)+1,0) -> .ms | M8: =VLOOKUP(LEFT(M58,LEN(layout)+3),label,RIGHT(M58,1)+1,0) -> 10^x | N8: =VLOOKUP(LEFT(N58,LEN(layout)+3),label,RIGHT(N58,1)+1,0) -> .d | P8: =VLOOKUP(LEFT(P58,LEN(layout)+3),label,RIGHT(P58,1)+1,0) -> e^x | Q8: =VLOOKUP(LEFT(Q58,LEN(layout)+3),label,RIGHT(Q58,1)+1,0) -> LBL | S8: =VLOOKUP(LEFT(S58,LEN(layout)+3),label,RIGHT(S58,1)+1,0) -> [ alpha ] | T8: =VLOOKUP(LEFT(T58,LEN(layout)+3),label,RIGHT(T58,1)+1,0) -> GTO | V8: kbd_std_D47 | W8: =X273 -> D47
C9: =VLOOKUP(LEFT(C59,LEN(layout)+3),label,RIGHT(C59,1)+1,0) -> Sigma+ | E9: =SUBSTITUTE(VLOOKUP(LEFT(E59,LEN(layout)+3),label,RIGHT(E59,1)+2,0),0,"") -> A | G9: =VLOOKUP(LEFT(G59,LEN(layout)+3),label,RIGHT(G59,1)+1,0) -> 1/x | I9: =SUBSTITUTE(VLOOKUP(LEFT(I59,LEN(layout)+3),label,RIGHT(I59,1)+2,0),0,"") -> B | J9: =VLOOKUP(LEFT(J59,LEN(layout)+3),label,RIGHT(J59,1)+1,0) -> √x | L9: =SUBSTITUTE(VLOOKUP(LEFT(L59,LEN(layout)+3),label,RIGHT(L59,1)+2,0),0,"") -> C | M9: =VLOOKUP(LEFT(M59,LEN(layout)+3),label,RIGHT(M59,1)+1,0) -> LOG | O9: =SUBSTITUTE(VLOOKUP(LEFT(O59,LEN(layout)+3),label,RIGHT(O59,1)+2,0),0,"") -> D | P9: =VLOOKUP(LEFT(P59,LEN(layout)+3),label,RIGHT(P59,1)+1,0) -> LN | R9: =SUBSTITUTE(VLOOKUP(LEFT(R59,LEN(layout)+3),label,RIGHT(R59,1)+2,0),0,"") -> E | S9: =VLOOKUP(LEFT(S59,LEN(layout)+3),label,RIGHT(S59,1)+1,0) -> XEQ | U9: =SUBSTITUTE(VLOOKUP(LEFT(U59,LEN(layout)+3),label,RIGHT(U59,1)+2,0),0,"") -> F | W9: DM42
W10: S47
W11: R47
C12: =VLOOKUP(LEFT(C58,LEN(layout)+3),label,RIGHT(C58,1)+6,0) -> a | D12: =VLOOKUP(LEFT(D58,LEN(layout)+3),label,RIGHT(D58,1)+6,0) -> Sigma | E12: =VLOOKUP(LEFT(E59,LEN(layout)+3),label,RIGHT(E59,1)+6,0) -> Reg A | G12: =VLOOKUP(LEFT(G58,LEN(layout)+3),label,RIGHT(G58,1)+6,0) -> b | H12: =VLOOKUP(LEFT(H58,LEN(layout)+3),label,RIGHT(H58,1)+6,0) -> ^ | I12: =VLOOKUP(LEFT(I59,LEN(layout)+3),label,RIGHT(I59,1)+6,0) -> Reg B | J12: =VLOOKUP(LEFT(J58,LEN(layout)+3),label,RIGHT(J58,1)+6,0) -> c | K12: =VLOOKUP(LEFT(K58,LEN(layout)+3),label,RIGHT(K58,1)+6,0) -> √ | L12: =VLOOKUP(LEFT(L59,LEN(layout)+3),label,RIGHT(L59,1)+6,0) -> Reg C | M12: =VLOOKUP(LEFT(M58,LEN(layout)+3),label,RIGHT(M58,1)+6,0) -> d | N12: =VLOOKUP(LEFT(N58,LEN(layout)+3),label,RIGHT(N58,1)+6,0) -> LOG | O12: =VLOOKUP(LEFT(O59,LEN(layout)+3),label,RIGHT(O59,1)+6,0) -> Reg D | P12: =VLOOKUP(LEFT(P58,LEN(layout)+3),label,RIGHT(P58,1)+6,0) -> e | Q12: =VLOOKUP(LEFT(Q58,LEN(layout)+3),label,RIGHT(Q58,1)+6,0) -> LN | R12: =VLOOKUP(LEFT(R59,LEN(layout)+3),label,RIGHT(R59,1)+6,0) -> Reg E | S12: =VLOOKUP(LEFT(S58,LEN(layout)+3),label,RIGHT(S58,1)+6,0) -> f | T12: =VLOOKUP(LEFT(T58,LEN(layout)+3),label,RIGHT(T58,1)+6,0) -> alpha | U12: =VLOOKUP(LEFT(U59,LEN(layout)+3),label,RIGHT(U59,1)+6,0) -> [TAMALPHA] | W12: R47bkfg
W13: R47fgbk
C14: =VLOOKUP(LEFT(C64,LEN(layout)+3),label,RIGHT(C64,1)+1,0) -> |x| | D14: =VLOOKUP(LEFT(D64,LEN(layout)+3),label,RIGHT(D64,1)+1,0) -> angle | G14: =VLOOKUP(LEFT(G64,LEN(layout)+3),label,RIGHT(G64,1)+1,0) -> % | H14: =VLOOKUP(LEFT(H64,LEN(layout)+3),label,RIGHT(H64,1)+1,0) -> Delta % | J14: =VLOOKUP(LEFT(J64,LEN(layout)+3),label,RIGHT(J64,1)+1,0) -> pi | K14: =VLOOKUP(LEFT(K64,LEN(layout)+3),label,RIGHT(K64,1)+1,0) -> x√y | M14: =VLOOKUP(LEFT(M64,LEN(layout)+3),label,RIGHT(M64,1)+1,0) -> ASIN | N14: =VLOOKUP(LEFT(N64,LEN(layout)+3),label,RIGHT(N64,1)+1,0) -> op_i | P14: =VLOOKUP(LEFT(P64,LEN(layout)+3),label,RIGHT(P64,1)+1,0) -> ACOS | Q14: =VLOOKUP(LEFT(Q64,LEN(layout)+3),label,RIGHT(Q64,1)+1,0) -> ->R | S14: =VLOOKUP(LEFT(S64,LEN(layout)+3),label,RIGHT(S64,1)+1,0) -> ATAN | T14: =VLOOKUP(LEFT(T64,LEN(layout)+3),label,RIGHT(T64,1)+1,0) -> ->P | W14: R47fg_g
C15: =VLOOKUP(LEFT(C65,LEN(layout)+3),label,RIGHT(C65,1)+1,0) -> STO | E15: =SUBSTITUTE(VLOOKUP(LEFT(E65,LEN(layout)+3),label,RIGHT(E65,1)+2,0),0,"") -> G | G15: =VLOOKUP(LEFT(G65,LEN(layout)+3),label,RIGHT(G65,1)+1,0) -> RCL | I15: =SUBSTITUTE(VLOOKUP(LEFT(I65,LEN(layout)+3),label,RIGHT(I65,1)+2,0),0,"") -> H | J15: =VLOOKUP(LEFT(J65,LEN(layout)+3),label,RIGHT(J65,1)+1,0) -> RDN | L15: =SUBSTITUTE(VLOOKUP(LEFT(L65,LEN(layout)+3),label,RIGHT(L65,1)+2,0),0,"") -> I | M15: =VLOOKUP(LEFT(M65,LEN(layout)+3),label,RIGHT(M65,1)+1,0) -> SIN | O15: =SUBSTITUTE(VLOOKUP(LEFT(O65,LEN(layout)+3),label,RIGHT(O65,1)+2,0),0,"") -> J | P15: =VLOOKUP(LEFT(P65,LEN(layout)+3),label,RIGHT(P65,1)+1,0) -> COS | R15: =SUBSTITUTE(VLOOKUP(LEFT(R65,LEN(layout)+3),label,RIGHT(R65,1)+2,0),0,"") -> K | S15: =VLOOKUP(LEFT(S65,LEN(layout)+3),label,RIGHT(S65,1)+1,0) -> TAN | U15: =SUBSTITUTE(VLOOKUP(LEFT(U65,LEN(layout)+3),label,RIGHT(U65,1)+2,0),0,"") -> L
C18: =VLOOKUP(LEFT(C64,LEN(layout)+3),label,RIGHT(C64,1)+6,0) -> g | D18: =VLOOKUP(LEFT(D64,LEN(layout)+3),label,RIGHT(D64,1)+6,0) -> | | E18: =VLOOKUP(LEFT(E65,LEN(layout)+3),label,RIGHT(E65,1)+6,0) -> Reg G | G18: =VLOOKUP(LEFT(G64,LEN(layout)+3),label,RIGHT(G64,1)+6,0) -> h | H18: =VLOOKUP(LEFT(H64,LEN(layout)+3),label,RIGHT(H64,1)+6,0) -> Delta | I18: =VLOOKUP(LEFT(I65,LEN(layout)+3),label,RIGHT(I65,1)+6,0) -> Reg H | J18: =VLOOKUP(LEFT(J64,LEN(layout)+3),label,RIGHT(J64,1)+6,0) -> i | K18: =VLOOKUP(LEFT(K64,LEN(layout)+3),label,RIGHT(K64,1)+6,0) -> pi | L18: =VLOOKUP(LEFT(L65,LEN(layout)+3),label,RIGHT(L65,1)+6,0) -> Reg I | M18: =VLOOKUP(LEFT(M64,LEN(layout)+3),label,RIGHT(M64,1)+6,0) -> j | N18: =VLOOKUP(LEFT(N64,LEN(layout)+3),label,RIGHT(N64,1)+6,0) -> SIN | O18: =VLOOKUP(LEFT(O65,LEN(layout)+3),label,RIGHT(O65,1)+6,0) -> Reg J | P18: =VLOOKUP(LEFT(P64,LEN(layout)+3),label,RIGHT(P64,1)+6,0) -> k | Q18: =VLOOKUP(LEFT(Q64,LEN(layout)+3),label,RIGHT(Q64,1)+6,0) -> COS | R18: =VLOOKUP(LEFT(R65,LEN(layout)+3),label,RIGHT(R65,1)+6,0) -> Reg K | S18: =VLOOKUP(LEFT(S64,LEN(layout)+3),label,RIGHT(S64,1)+6,0) -> l | T18: =VLOOKUP(LEFT(T64,LEN(layout)+3),label,RIGHT(T64,1)+6,0) -> TAN | U18: =VLOOKUP(LEFT(U65,LEN(layout)+3),label,RIGHT(U65,1)+6,0) -> Reg L
C20: =VLOOKUP(LEFT(C70,LEN(layout)+3),label,RIGHT(C70,1)+1,0) -> COMPLEX | F20: =VLOOKUP(LEFT(F70,LEN(layout)+3),label,RIGHT(F70,1)+1,0) -> [ CPX ] | J20: =VLOOKUP(LEFT(J70,LEN(layout)+3),label,RIGHT(J70,1)+1,0) -> LASTx | K20: =VLOOKUP(LEFT(K70,LEN(layout)+3),label,RIGHT(K70,1)+1,0) -> [ STK ] | M20: =VLOOKUP(LEFT(M70,LEN(layout)+3),label,RIGHT(M70,1)+1,0) -> [ MODE ] | N20: =VLOOKUP(LEFT(N70,LEN(layout)+3),label,RIGHT(N70,1)+1,0) -> [ TRG ] | P20: =VLOOKUP(LEFT(P70,LEN(layout)+3),label,RIGHT(P70,1)+1,0) -> [ DISP ] | Q20: =VLOOKUP(LEFT(Q70,LEN(layout)+3),label,RIGHT(Q70,1)+1,0) -> [ EXP ] | S20: =VLOOKUP(LEFT(S70,LEN(layout)+3),label,RIGHT(S70,1)+1,0) -> Undo | T20: =VLOOKUP(LEFT(T70,LEN(layout)+3),label,RIGHT(T70,1)+1,0) -> [ CLR ] | AB20: C 4 3 | AC20: DELETED
C21: =VLOOKUP(LEFT(C71,LEN(layout)+3),label,RIGHT(C71,1)+1,0) -> ENTER | I21: =SUBSTITUTE(VLOOKUP(LEFT(I71,LEN(layout)+3),label,RIGHT(I71,1)+2,0),0,"") -> ENTER | J21: =VLOOKUP(LEFT(J71,LEN(layout)+3),label,RIGHT(J71,1)+1,0) -> x <> y | L21: =SUBSTITUTE(VLOOKUP(LEFT(L71,LEN(layout)+3),label,RIGHT(L71,1)+2,0),0,"") -> M | M21: =VLOOKUP(LEFT(M71,LEN(layout)+3),label,RIGHT(M71,1)+1,0) -> CHS | O21: =SUBSTITUTE(VLOOKUP(LEFT(O71,LEN(layout)+3),label,RIGHT(O71,1)+2,0),0,"") -> N | P21: =VLOOKUP(LEFT(P71,LEN(layout)+3),label,RIGHT(P71,1)+1,0) -> EEX | R21: =SUBSTITUTE(VLOOKUP(LEFT(R71,LEN(layout)+3),label,RIGHT(R71,1)+2,0),0,"") -> O | S21: =VLOOKUP(LEFT(S71,LEN(layout)+3),label,RIGHT(S71,1)+1,0) -> <= | U21: =SUBSTITUTE(VLOOKUP(LEFT(U71,LEN(layout)+3),label,RIGHT(U71,1)+2,0),0,"") -> <=
C24: =VLOOKUP(LEFT(C70,LEN(layout)+3),label,RIGHT(C70,1)+6,0) -> X.SWAP | F24: =VLOOKUP(LEFT(F70,LEN(layout)+3),label,RIGHT(F70,1)+6,0) -> a.PARSE | I24: =VLOOKUP(LEFT(I71,LEN(layout)+3),label,RIGHT(I71,1)+6,0) -> ENTER | J24: =VLOOKUP(LEFT(J70,LEN(layout)+3),label,RIGHT(J70,1)+6,0) -> m | K24: =VLOOKUP(LEFT(K70,LEN(layout)+3),label,RIGHT(K70,1)+6,0) -> <> | L24: =VLOOKUP(LEFT(L71,LEN(layout)+3),label,RIGHT(L71,1)+6,0) -> Reg M | M24: =VLOOKUP(LEFT(M70,LEN(layout)+3),label,RIGHT(M70,1)+6,0) -> n | N24: =VLOOKUP(LEFT(N70,LEN(layout)+3),label,RIGHT(N70,1)+6,0) -> +/- | O24: =VLOOKUP(LEFT(O71,LEN(layout)+3),label,RIGHT(O71,1)+6,0) -> Reg N | P24: =VLOOKUP(LEFT(P70,LEN(layout)+3),label,RIGHT(P70,1)+6,0) -> o | Q24: =VLOOKUP(LEFT(Q70,LEN(layout)+3),label,RIGHT(Q70,1)+6,0) -> <E> | R24: =VLOOKUP(LEFT(R71,LEN(layout)+3),label,RIGHT(R71,1)+6,0) -> Reg O | S24: =VLOOKUP(LEFT(S70,LEN(layout)+3),label,RIGHT(S70,1)+6,0) -> CLA | T24: =VLOOKUP(LEFT(T70,LEN(layout)+3),label,RIGHT(T70,1)+6,0) -> CLA | U24: =VLOOKUP(LEFT(U71,LEN(layout)+3),label,RIGHT(U71,1)+6,0) -> <=
C26: =VLOOKUP(LEFT(C76,LEN(layout)+3),label,RIGHT(C76,1)+1,0) -> Scroll Up | D26: =VLOOKUP(LEFT(D76,LEN(layout)+3),label,RIGHT(D76,1)+1,0) -> REGS | F26: =VLOOKUP(LEFT(F76,LEN(layout)+3),label,RIGHT(F76,1)+1,0) -> [ EQN ] | H26: =VLOOKUP(LEFT(H76,LEN(layout)+3),label,RIGHT(H76,1)+1,0) -> [ HOME ] | J26: =VLOOKUP(LEFT(J76,LEN(layout)+3),label,RIGHT(J76,1)+1,0) -> [ ADV ] | L26: =VLOOKUP(LEFT(L76,LEN(layout)+3),label,RIGHT(L76,1)+1,0) -> [ FIN ] | N26: =VLOOKUP(LEFT(N76,LEN(layout)+3),label,RIGHT(N76,1)+1,0) -> [ MATX ] | P26: =VLOOKUP(LEFT(P76,LEN(layout)+3),label,RIGHT(P76,1)+1,0) -> [ X.FN ] | R26: =VLOOKUP(LEFT(R76,LEN(layout)+3),label,RIGHT(R76,1)+1,0) -> [ STAT ] | T26: =VLOOKUP(LEFT(T76,LEN(layout)+3),label,RIGHT(T76,1)+1,0) -> [ PLOT ]
C27: =VLOOKUP(LEFT(C77,LEN(layout)+3),label,RIGHT(C77,1)+1,0) -> Up | E27: =SUBSTITUTE(VLOOKUP(LEFT(E77,LEN(layout)+3),label,RIGHT(E77,1)+2,0),0,"") -> <-HOME | F27: =VLOOKUP(LEFT(F77,LEN(layout)+3),label,RIGHT(F77,1)+1,0) -> 7 | I27: =SUBSTITUTE(VLOOKUP(LEFT(I77,LEN(layout)+3),label,RIGHT(I77,1)+2,0),0,"") -> P | J27: =VLOOKUP(LEFT(J77,LEN(layout)+3),label,RIGHT(J77,1)+1,0) -> 8 | M27: =SUBSTITUTE(VLOOKUP(LEFT(M77,LEN(layout)+3),label,RIGHT(M77,1)+2,0),0,"") -> Q | N27: =VLOOKUP(LEFT(N77,LEN(layout)+3),label,RIGHT(N77,1)+1,0) -> 9 | Q27: =SUBSTITUTE(VLOOKUP(LEFT(Q77,LEN(layout)+3),label,RIGHT(Q77,1)+2,0),0,"") -> R | R27: =VLOOKUP(LEFT(R77,LEN(layout)+3),label,RIGHT(R77,1)+1,0) -> ÷ | U27: =SUBSTITUTE(VLOOKUP(LEFT(U77,LEN(layout)+3),label,RIGHT(U77,1)+2,0),0,"") -> S
C30: =VLOOKUP(LEFT(C76,LEN(layout)+3),label,RIGHT(C76,1)+6,0) -> CASE UP | D30: =VLOOKUP(LEFT(D76,LEN(layout)+3),label,RIGHT(D76,1)+6,0) -> Super | E30: =VLOOKUP(LEFT(E77,LEN(layout)+3),label,RIGHT(E77,1)+6,0) -> Up | F30: =VLOOKUP(LEFT(F76,LEN(layout)+3),label,RIGHT(F76,1)+6,0) -> p | H30: =VLOOKUP(LEFT(H76,LEN(layout)+3),label,RIGHT(H76,1)+6,0) -> 7 | I30: =VLOOKUP(LEFT(I77,LEN(layout)+3),label,RIGHT(I77,1)+6,0) -> 7 | J30: =VLOOKUP(LEFT(J76,LEN(layout)+3),label,RIGHT(J76,1)+6,0) -> q | L30: =VLOOKUP(LEFT(L76,LEN(layout)+3),label,RIGHT(L76,1)+6,0) -> 8 | M30: =VLOOKUP(LEFT(M77,LEN(layout)+3),label,RIGHT(M77,1)+6,0) -> 8 | N30: =VLOOKUP(LEFT(N76,LEN(layout)+3),label,RIGHT(N76,1)+6,0) -> r | P30: =VLOOKUP(LEFT(P76,LEN(layout)+3),label,RIGHT(P76,1)+6,0) -> 9 | Q30: =VLOOKUP(LEFT(Q77,LEN(layout)+3),label,RIGHT(Q77,1)+6,0) -> 9 | R30: =VLOOKUP(LEFT(R76,LEN(layout)+3),label,RIGHT(R76,1)+6,0) -> s | T30: =VLOOKUP(LEFT(T76,LEN(layout)+3),label,RIGHT(T76,1)+6,0) -> ÷ | U30: =VLOOKUP(LEFT(U77,LEN(layout)+3),label,RIGHT(U77,1)+6,0) -> ÷
C32: =VLOOKUP(LEFT(C82,LEN(layout)+3),label,RIGHT(C82,1)+1,0) -> Scroll Dn | D32: =VLOOKUP(LEFT(D82,LEN(layout)+3),label,RIGHT(D82,1)+1,0) -> FLGS | F32: =VLOOKUP(LEFT(F82,LEN(layout)+3),label,RIGHT(F82,1)+1,0) -> [ BASE ] | H32: =VLOOKUP(LEFT(H82,LEN(layout)+3),label,RIGHT(H82,1)+1,0) -> [ BITS ] | J32: =VLOOKUP(LEFT(J82,LEN(layout)+3),label,RIGHT(J82,1)+1,0) -> [ CONV ] | L32: =VLOOKUP(LEFT(L82,LEN(layout)+3),label,RIGHT(L82,1)+1,0) -> [ CLK ] | N32: =VLOOKUP(LEFT(N82,LEN(layout)+3),label,RIGHT(N82,1)+1,0) -> [ FLAG ] | P32: =VLOOKUP(LEFT(P82,LEN(layout)+3),label,RIGHT(P82,1)+1,0) -> [ REAL ] | R32: =VLOOKUP(LEFT(R82,LEN(layout)+3),label,RIGHT(R82,1)+1,0) -> [ PROB ] | T32: =VLOOKUP(LEFT(T82,LEN(layout)+3),label,RIGHT(T82,1)+1,0) -> [ INTS ]
C33: =VLOOKUP(LEFT(C83,LEN(layout)+3),label,RIGHT(C83,1)+1,0) -> Dn | E33: =SUBSTITUTE(VLOOKUP(LEFT(E83,LEN(layout)+3),label,RIGHT(E83,1)+2,0),0,"") -> END-> | F33: =VLOOKUP(LEFT(F83,LEN(layout)+3),label,RIGHT(F83,1)+1,0) -> 4 | I33: =SUBSTITUTE(VLOOKUP(LEFT(I83,LEN(layout)+3),label,RIGHT(I83,1)+2,0),0,"") -> T | J33: =VLOOKUP(LEFT(J83,LEN(layout)+3),label,RIGHT(J83,1)+1,0) -> 5 | M33: =SUBSTITUTE(VLOOKUP(LEFT(M83,LEN(layout)+3),label,RIGHT(M83,1)+2,0),0,"") -> U | N33: =VLOOKUP(LEFT(N83,LEN(layout)+3),label,RIGHT(N83,1)+1,0) -> 6 | Q33: =SUBSTITUTE(VLOOKUP(LEFT(Q83,LEN(layout)+3),label,RIGHT(Q83,1)+2,0),0,"") -> V | R33: =VLOOKUP(LEFT(R83,LEN(layout)+3),label,RIGHT(R83,1)+1,0) -> ✕ | U33: =SUBSTITUTE(VLOOKUP(LEFT(U83,LEN(layout)+3),label,RIGHT(U83,1)+2,0),0,"") -> W
C36: =VLOOKUP(LEFT(C82,LEN(layout)+3),label,RIGHT(C82,1)+6,0) -> CASE DN | D36: =VLOOKUP(LEFT(D82,LEN(layout)+3),label,RIGHT(D82,1)+6,0) -> Sub | E36: =VLOOKUP(LEFT(E83,LEN(layout)+3),label,RIGHT(E83,1)+6,0) -> Dn | F36: =VLOOKUP(LEFT(F82,LEN(layout)+3),label,RIGHT(F82,1)+6,0) -> t | H36: =VLOOKUP(LEFT(H82,LEN(layout)+3),label,RIGHT(H82,1)+6,0) -> 4 | I36: =VLOOKUP(LEFT(I83,LEN(layout)+3),label,RIGHT(I83,1)+6,0) -> 4 | J36: =VLOOKUP(LEFT(J82,LEN(layout)+3),label,RIGHT(J82,1)+6,0) -> u | L36: =VLOOKUP(LEFT(L82,LEN(layout)+3),label,RIGHT(L82,1)+6,0) -> 5 | M36: =VLOOKUP(LEFT(M83,LEN(layout)+3),label,RIGHT(M83,1)+6,0) -> 5 | N36: =VLOOKUP(LEFT(N82,LEN(layout)+3),label,RIGHT(N82,1)+6,0) -> v | P36: =VLOOKUP(LEFT(P82,LEN(layout)+3),label,RIGHT(P82,1)+6,0) -> 6 | Q36: =VLOOKUP(LEFT(Q83,LEN(layout)+3),label,RIGHT(Q83,1)+6,0) -> 6 | R36: =VLOOKUP(LEFT(R82,LEN(layout)+3),label,RIGHT(R82,1)+6,0) -> w | T36: =VLOOKUP(LEFT(T82,LEN(layout)+3),label,RIGHT(T82,1)+6,0) -> ✕ | U36: =VLOOKUP(LEFT(U83,LEN(layout)+3),label,RIGHT(U83,1)+6,0) -> ✕
C38: =VLOOKUP(LEFT(C88,LEN(layout)+3),label,RIGHT(C88,1)+1,0) | D38: =VLOOKUP(LEFT(D88,LEN(layout)+3),label,RIGHT(D88,1)+1,0) | F38: =VLOOKUP(LEFT(F88,LEN(layout)+3),label,RIGHT(F88,1)+1,0) -> ASN | H38: =VLOOKUP(LEFT(H88,LEN(layout)+3),label,RIGHT(H88,1)+1,0) -> [ KEYS ] | J38: =VLOOKUP(LEFT(J88,LEN(layout)+3),label,RIGHT(J88,1)+1,0) -> USER | L38: =VLOOKUP(LEFT(L88,LEN(layout)+3),label,RIGHT(L88,1)+1,0) -> [ a.FN ] | N38: =VLOOKUP(LEFT(N88,LEN(layout)+3),label,RIGHT(N88,1)+1,0) -> [ P.FN ] | P38: =VLOOKUP(LEFT(P88,LEN(layout)+3),label,RIGHT(P88,1)+1,0) -> [ LOOP ] | R38: =VLOOKUP(LEFT(R88,LEN(layout)+3),label,RIGHT(R88,1)+1,0) -> [ PRINT ] | T38: =VLOOKUP(LEFT(T88,LEN(layout)+3),label,RIGHT(T88,1)+1,0) -> [ I/O ]
C39: =VLOOKUP(LEFT(C89,LEN(layout)+3),label,RIGHT(C89,1)+1,0) -> f/g | E39: =SUBSTITUTE(VLOOKUP(LEFT(E89,LEN(layout)+3),label,RIGHT(E89,1)+2,0),0,"") -> f/g | F39: =VLOOKUP(LEFT(F89,LEN(layout)+3),label,RIGHT(F89,1)+1,0) -> 1 | I39: =SUBSTITUTE(VLOOKUP(LEFT(I89,LEN(layout)+3),label,RIGHT(I89,1)+2,0),0,"") -> X | J39: =VLOOKUP(LEFT(J89,LEN(layout)+3),label,RIGHT(J89,1)+1,0) -> 2 | M39: =SUBSTITUTE(VLOOKUP(LEFT(M89,LEN(layout)+3),label,RIGHT(M89,1)+2,0),0,"") -> Y | N39: =VLOOKUP(LEFT(N89,LEN(layout)+3),label,RIGHT(N89,1)+1,0) -> 3 | Q39: =SUBSTITUTE(VLOOKUP(LEFT(Q89,LEN(layout)+3),label,RIGHT(Q89,1)+2,0),0,"") -> Z | R39: =VLOOKUP(LEFT(R89,LEN(layout)+3),label,RIGHT(R89,1)+1,0) -> - | U39: =SUBSTITUTE(VLOOKUP(LEFT(U89,LEN(layout)+3),label,RIGHT(U89,1)+2,0),0,"") -> _
C42: =VLOOKUP(LEFT(C88,LEN(layout)+3),label,RIGHT(C88,1)+6,0) -> (FlipChar) | D42: =VLOOKUP(LEFT(D88,LEN(layout)+3),label,RIGHT(D88,1)+6,0) -> (Digit) | E42: =VLOOKUP(LEFT(E89,LEN(layout)+3),label,RIGHT(E89,1)+6,0) -> f/g | F42: =VLOOKUP(LEFT(F88,LEN(layout)+3),label,RIGHT(F88,1)+6,0) -> x | H42: =VLOOKUP(LEFT(H88,LEN(layout)+3),label,RIGHT(H88,1)+6,0) -> 1 | I42: =VLOOKUP(LEFT(I89,LEN(layout)+3),label,RIGHT(I89,1)+6,0) -> 1 | J42: =VLOOKUP(LEFT(J88,LEN(layout)+3),label,RIGHT(J88,1)+6,0) -> y | L42: =VLOOKUP(LEFT(L88,LEN(layout)+3),label,RIGHT(L88,1)+6,0) -> 2 | M42: =VLOOKUP(LEFT(M89,LEN(layout)+3),label,RIGHT(M89,1)+6,0) -> 2 | N42: =VLOOKUP(LEFT(N88,LEN(layout)+3),label,RIGHT(N88,1)+6,0) -> z | P42: =VLOOKUP(LEFT(P88,LEN(layout)+3),label,RIGHT(P88,1)+6,0) -> 3 | Q42: =VLOOKUP(LEFT(Q89,LEN(layout)+3),label,RIGHT(Q89,1)+6,0) -> 3 | R42: =VLOOKUP(LEFT(R88,LEN(layout)+3),label,RIGHT(R88,1)+6,0) -> <e> | T42: =VLOOKUP(LEFT(T88,LEN(layout)+3),label,RIGHT(T88,1)+6,0) -> - | U42: =VLOOKUP(LEFT(U89,LEN(layout)+3),label,RIGHT(U89,1)+6,0) -> -
C44: =VLOOKUP(LEFT(C94,LEN(layout)+3),label,RIGHT(C94,1)+1,0) -> OFF | D44: =VLOOKUP(LEFT(D94,LEN(layout)+3),label,RIGHT(D94,1)+1,0) -> SNAP | F44: =VLOOKUP(LEFT(F94,LEN(layout)+3),label,RIGHT(F94,1)+1,0) -> VIEW | H44: =VLOOKUP(LEFT(H94,LEN(layout)+3),label,RIGHT(H94,1)+1,0) -> STOPW | J44: =VLOOKUP(LEFT(J94,LEN(layout)+3),label,RIGHT(J94,1)+1,0) -> SHOW | L44: =VLOOKUP(LEFT(L94,LEN(layout)+3),label,RIGHT(L94,1)+1,0) -> [ INFO ] | N44: =VLOOKUP(LEFT(N94,LEN(layout)+3),label,RIGHT(N94,1)+1,0) -> PRGM | P44: =VLOOKUP(LEFT(P94,LEN(layout)+3),label,RIGHT(P94,1)+1,0) -> [ TEST ] | R44: =VLOOKUP(LEFT(R94,LEN(layout)+3),label,RIGHT(R94,1)+1,0) -> [ CAT ] | T44: =VLOOKUP(LEFT(T94,LEN(layout)+3),label,RIGHT(T94,1)+1,0) -> [ CNST ]
C45: =VLOOKUP(LEFT(C95,LEN(layout)+3),label,RIGHT(C95,1)+1,0) -> EXIT | E45: =SUBSTITUTE(VLOOKUP(LEFT(E95,LEN(layout)+3),label,RIGHT(E95,1)+2,0),0,"") -> EXIT | F45: =VLOOKUP(LEFT(F95,LEN(layout)+3),label,RIGHT(F95,1)+1,0) -> 0 | I45: =SUBSTITUTE(VLOOKUP(LEFT(I95,LEN(layout)+3),label,RIGHT(I95,1)+2,0),0,"") -> : | J45: =VLOOKUP(LEFT(J95,LEN(layout)+3),label,RIGHT(J95,1)+1,0) -> • | M45: =SUBSTITUTE(VLOOKUP(LEFT(M95,LEN(layout)+3),label,RIGHT(M95,1)+2,0),0,"") -> , | N45: =VLOOKUP(LEFT(N95,LEN(layout)+3),label,RIGHT(N95,1)+1,0) -> R/S | Q45: =SUBSTITUTE(VLOOKUP(LEFT(Q95,LEN(layout)+3),label,RIGHT(Q95,1)+2,0),0,"") -> ？ | R45: =VLOOKUP(LEFT(R95,LEN(layout)+3),label,RIGHT(R95,1)+1,0) -> + | U45: =SUBSTITUTE(VLOOKUP(LEFT(U95,LEN(layout)+3),label,RIGHT(U95,1)+2,0),0,"") -> spc
C48: =VLOOKUP(LEFT(C94,LEN(layout)+3),label,RIGHT(C94,1)+6,0) -> OFF | D48: =VLOOKUP(LEFT(D94,LEN(layout)+3),label,RIGHT(D94,1)+6,0) -> SNAP | E48: =VLOOKUP(LEFT(E95,LEN(layout)+3),label,RIGHT(E95,1)+6,0) -> EXIT | F48: =VLOOKUP(LEFT(F94,LEN(layout)+3),label,RIGHT(F94,1)+6,0) -> ; | H48: =VLOOKUP(LEFT(H94,LEN(layout)+3),label,RIGHT(H94,1)+6,0) -> 0 | I48: =VLOOKUP(LEFT(I95,LEN(layout)+3),label,RIGHT(I95,1)+6,0) -> 0 | J48: =VLOOKUP(LEFT(J94,LEN(layout)+3),label,RIGHT(J94,1)+6,0) -> # | L48: =VLOOKUP(LEFT(L94,LEN(layout)+3),label,RIGHT(L94,1)+6,0) -> . | M48: =VLOOKUP(LEFT(M95,LEN(layout)+3),label,RIGHT(M95,1)+6,0) -> . | N48: =VLOOKUP(LEFT(N94,LEN(layout)+3),label,RIGHT(N94,1)+6,0) -> ! | P48: =VLOOKUP(LEFT(P94,LEN(layout)+3),label,RIGHT(P94,1)+6,0) -> / | Q48: =VLOOKUP(LEFT(Q95,LEN(layout)+3),label,RIGHT(Q95,1)+6,0) | R48: =VLOOKUP(LEFT(R94,LEN(layout)+3),label,RIGHT(R94,1)+6,0) -> = | T48: =VLOOKUP(LEFT(T94,LEN(layout)+3),label,RIGHT(T94,1)+6,0) -> + | U48: =VLOOKUP(LEFT(U95,LEN(layout)+3),label,RIGHT(U95,1)+6,0) -> + | W48: NEW | X48: C47 | Y48: 1 | Z48: 1 | AA48: =X48&"."&Y48&Z48 -> C47.11 | AB48: F1
X49: =X48 -> C47 | Y49: 1 | Z49: 2 | AA49: =X49&"."&Y49&Z49 -> C47.12 | AB49: F2
C50: =2/10 -> 0.2 | D50: =3/10 -> 0.3 | E50: =4/10 -> 0.4 | G50: =2/10 -> 0.2 | H50: =3/10 -> 0.3 | I50: =4/10 -> 0.4 | J50: =2/10 -> 0.2 | K50: =3/10 -> 0.3 | L50: =4/10 -> 0.4 | M50: =2/10 -> 0.2 | N50: =3/10 -> 0.3 | O50: =4/10 -> 0.4 | P50: =2/10 -> 0.2 | Q50: =3/10 -> 0.3 | R50: =4/10 -> 0.4 | S50: =2/10 -> 0.2 | T50: =3/10 -> 0.3 | U50: =4/10 -> 0.4 | X50: =X49 -> C47 | Y50: 1 | Z50: 3 | AA50: =X50&"."&Y50&Z50 -> C47.13 | AB50: F3 | AM50: DOCUMENTATION | AX50: CODE GENERATION | AY50: not be be edited manually | BI50: ="// "&X50&" Layout from Layout_template_automation template: Do not change manually" -> // C47 Layout from Layout_template_automation template: Do not change manually
C51: 1 | D51: 1 | E51: 1 | G51: 2 | H51: 2 | I51: 2 | J51: 3 | K51: 3 | L51: 3 | M51: 4 | N51: 4 | O51: 4 | P51: 5 | Q51: 5 | R51: 5 | S51: 6 | T51: 6 | U51: 6 | X51: =X50 -> C47 | Y51: 1 | Z51: 4 | AA51: =X51&"."&Y51&Z51 -> C47.14 | AB51: F4 | BI51: //This variable is to store in flash memory
B52: 10 | X52: =X51 -> C47 | Y52: 1 | Z52: 5 | AA52: =X52&"."&Y52&Z52 -> C47.15 | AB52: F4 | AL52: =X52 -> C47 | AM52: Lookup label items | AP52: Double lookup F:G | AQ52: lookup label items | AR52: manual input | AS52: manual input | AT52: manual input | BI52: ="TO_QSPI const calcKey_t kbd_std_C47[37] = { //C47 Layout, in the default position without suffix, kbd_std" -> TO_QSPI const calcKey_t kbd_std_C47[37] = { //C47 Layout, in the default position without suffix, kbd_std
A53: 0.1 | B53: 10 | C53: =layout&"."&$B55+C51+$A53 -> C47.11,1 | G53: =layout&"."&$B55+G51+$A53 -> C47.12,1 | J53: =layout&"."&$B55+J51+$A53 -> C47.13,1 | M53: =layout&"."&$B55+M51+$A53 -> C47.14,1 | P53: =layout&"."&$B55+P51+$A53 -> C47.15,1 | S53: =layout&"."&$B55+S51+$A53 -> C47.16,1 | X53: =X52 -> C47 | Y53: 1 | Z53: 6 | AA53: =X53&"."&Y53&Z53 -> C47.16 | AB53: F6 | BI53: //keyID, primary, fShifted, gShifted, keyLblAim, primaryAim, fShiftedAim, gShiftedAim, primaryTam | BL53: HelperA | BM53: HelperB
A54: 0.1 | B54: 10 | X54: =X53 -> C47 | Y54: 2 | Z54: 1 | AA54: =X54&"."&Y54&Z54 -> C47.21 | AB54: Sigma+ | AC54: ->I | AD54: a b/c | AF54: A | AG54: =AF54=AH54 -> TRUE | AH54: =INDEX(labelitem,MATCH(AR54,items,0),1) -> a | AI54: =INDEX(labelitem,MATCH(AS54,items,0),1) -> Sigma | AJ54: =INDEX(labelitem,MATCH(AT54,items,0),1) -> Reg A | AL54: ="{"&Y54*10+Z54 -> {21 | AM54: =VLOOKUP(AB54,labelitem,2,0) -> ITM_SIGMAPLUS | AN54: =VLOOKUP(AC54,labelitem,2,0) -> ITM_RI | AO54: =VLOOKUP(AD54,labelitem,2,0) -> ITM_TGLFRT | AP54: =IF(NOT(ISNA(MATCH(AM54,Lookups!E:E,))),VLOOKUP(AM54,Lookups!E:F,2,0), IF(NOT(ISNA(MATCH(AN54,Lookups!E:E,))),VLOOKUP(AN54,Lookups!E:F,2,0), IF(NOT(ISNA(MATCH(AO54,Lookups!E:E,))),VLOOKUP(AO54,Lookups!E:F,2,0),"ITM_NULL"))) -> ITM_NULL | AQ54: =VLOOKUP(AF54,labelitem,2,0) -> ITM_A | AR54: ITM_a.lo | AS54: ITM_SIGMA | AT54: ITM_REG_A | AW54: =AL54 -> {21 | AX54: {=SUBSTITUTE(SUBSTITUTE(_xlfn.SWITCH(AM54, "ITM_T_HOME", "ITM_UP1", "ITM_T_END", "ITM_DOWN1", "DOCU_CHR_sub", "ITM_DOWN_ARROW", "DOCU_CHR_super", "ITM_UP_ARROW", "MNU_TAMALPHA", "ITM_alpha", "DOCU_CHR_caseFLIP", "ITM_NULL", "DOCU_CHR_numSET", "ITM_NULL", "DOCU_ITM_RADIX", "ITM_PERIOD", AM54), ".lo", ),"MNU_", "-MNU_")} -> ITM_SIGMAPLUS | AY54: {=SUBSTITUTE(SUBSTITUTE(_xlfn.SWITCH(AN54, "ITM_T_HOME", "ITM_UP1", "ITM_T_END", "ITM_DOWN1", "DOCU_CHR_sub", "ITM_DOWN_ARROW", "DOCU_CHR_super", "ITM_UP_ARROW", "MNU_TAMALPHA", "ITM_alpha", "DOCU_CHR_caseFLIP", "ITM_NULL", "DOCU_CHR_numSET", "ITM_NULL", "DOCU_ITM_RADIX", "ITM_PERIOD", AN54), ".lo", ),"MNU_", "-MNU_")} -> ITM_RI | AZ54: {=SUBSTITUTE(SUBSTITUTE(_xlfn.SWITCH(AO54, "ITM_T_HOME", "ITM_UP1", "ITM_T_END", "ITM_DOWN1", "DOCU_CHR_sub", "ITM_DOWN_ARROW", "DOCU_CHR_super", "ITM_UP_ARROW", "MNU_TAMALPHA", "ITM_alpha", "DOCU_CHR_caseFLIP", "ITM_NULL", "DOCU_CHR_numSET", "ITM_NULL", "DOCU_ITM_RADIX", "ITM_PERIOD", AO54), ".lo", ),"MNU_", "-MNU_")} -> ITM_TGLFRT | BA54: {=SUBSTITUTE(SUBSTITUTE(_xlfn.SWITCH(AP54, "ITM_T_HOME", "ITM_UP1", "ITM_T_END", "ITM_DOWN1", "DOCU_CHR_sub", "ITM_DOWN_ARROW", "DOCU_CHR_super", "ITM_UP_ARROW", "MNU_TAMALPHA", "ITM_alpha", "DOCU_CHR_caseFLIP", "ITM_NULL", "DOCU_CHR_numSET", "ITM_NULL", "DOCU_ITM_RADIX", "ITM_PERIOD", AP54), ".lo", ),"MNU_", "-MNU_")} -> ITM_NULL | BB54: {=SUBSTITUTE(SUBSTITUTE(_xlfn.SWITCH(AQ54, "ITM_T_HOME", "ITM_UP1", "ITM_T_END", "ITM_DOWN1", "DOCU_CHR_sub", "ITM_DOWN_ARROW", "DOCU_CHR_super", "ITM_UP_ARROW", "MNU_TAMALPHA", "ITM_alpha", "DOCU_CHR_caseFLIP", "ITM_NULL", "DOCU_CHR_numSET", "ITM_NULL", "DOCU_ITM_RADIX", "ITM_PERIOD", AQ54), ".lo", ),"MNU_", "-MNU_")} -> ITM_A | BC54: {=SUBSTITUTE(SUBSTITUTE(_xlfn.SWITCH(AR54, "ITM_T_HOME", "ITM_UP1", "ITM_T_END", "ITM_DOWN1", "DOCU_CHR_sub", "ITM_DOWN_ARROW", "DOCU_CHR_super", "ITM_UP_ARROW", "MNU_TAMALPHA", "ITM_alpha", "DOCU_CHR_caseFLIP", "ITM_NULL", "DOCU_CHR_numSET", "ITM_NULL", "DOCU_ITM_RADIX", "ITM_PERIOD", AR54), ".lo", ),"MNU_", "-MNU_")} -> ITM_a | BD54: {=SUBSTITUTE(SUBSTITUTE(_xlfn.SWITCH(AS54, "ITM_T_HOME", "ITM_UP1", "ITM_T_END", "ITM_DOWN1", "DOCU_CHR_sub", "ITM_DOWN_ARROW", "DOCU_CHR_super", "ITM_UP_ARROW", "MNU_TAMALPHA", "ITM_alpha", "DOCU_CHR_caseFLIP", "ITM_NULL", "DOCU_CHR_numSET", "ITM_NULL", "DOCU_ITM_RADIX", "ITM_PERIOD", AS54), ".lo", ),"MNU_", "-MNU_")} -> ITM_SIGMA | BE54: {=SUBSTITUTE(SUBSTITUTE(_xlfn.SWITCH(AT54, "ITM_T_HOME", "ITM_UP1", "ITM_T_END", "ITM_DOWN1", "DOCU_CHR_sub", "ITM_DOWN_ARROW", "DOCU_CHR_super", "ITM_UP_ARROW", "MNU_TAMALPHA", "ITM_alpha", "DOCU_CHR_caseFLIP", "ITM_NULL", "DOCU_CHR_numSET", "ITM_NULL", "DOCU_ITM_RADIX", "ITM_PERIOD", AT54), ".lo", ),"MNU_", "-MNU_")} -> ITM_REG_A | BH54: 20 | BI54: =" "&AW54&", "&REPT(" ",$BH$54-LEN(AW54))& AX54&", "&REPT(" ",$BH$54-LEN(AX54))& AY54&", "&REPT(" ",$BH$54-LEN(AY54))& AZ54&", "&REPT(" ",$BH$54-LEN(AZ54))& BA54&", "&REPT(" ",$BH$54-LEN(BA54))& BB54&", "&REPT(" ",$BH$54-LEN(BB54))& BC54&", "&REPT(" ",$BH$54-LEN(BC54))& BD54&", "&REPT(" ",$BH$54-LEN(BD54))& BE54&REPT(" ",$BH$54-LEN(BE54))& "}," -> {21, ITM_SIGMAPLUS, ITM_RI, ITM_TGLFRT, ITM_NULL, ITM_A, ITM_a, ITM_SIGMA, ITM_REG_A }, | BL54: =SUBSTITUTE(AR54,".lo","") -> ITM_a | BM54: =SUBSTITUTE(AS54,".lo","") -> ITM_SIGMA
A55: 0.1 | B55: 10 | X55: =X54 -> C47 | Y55: 2 | Z55: 2 | AA55: =X55&"."&Y55&Z55 -> C47.22 | AB55: 1/x | AC55: y^x | AD55: # | AF55: B | AG55: =AF55=AH55 -> TRUE | AH55: =INDEX(labelitem,MATCH(AR55,items,0),1) -> b | AI55: =INDEX(labelitem,MATCH(AS55,items,0),1) -> ^ | AJ55: =INDEX(labelitem,MATCH(AT55,items,0),1) -> Reg B | AL55: ="{"&Y55*10+Z55 -> {22 | AM55: =VLOOKUP(AB55,labelitem,2,0) -> ITM_1ONX | AN55: =VLOOKUP(AC55,labelitem,2,0) -> ITM_YX | AO55: =VLOOKUP(AD55,labelitem,2,0) -> ITM_HASH_JM | AP55: =IF(NOT(ISNA(MATCH(AM55,Lookups!E:E,))),VLOOKUP(AM55,Lookups!E:F,2,0), IF(NOT(ISNA(MATCH(AN55,Lookups!E:E,))),VLOOKUP(AN55,Lookups!E:F,2,0), IF(NOT(ISNA(MATCH(AO55,Lookups!E:E,))),VLOOKUP(AO55,Lookups!E:F,2,0),"ITM_NULL"))) -> ITM_NUMBER_SIGN | AQ55: =VLOOKUP(AF55,labelitem,2,0) -> ITM_B | AR55: ITM_b.lo | AS55: ITM_CIRCUMFLEX | AT55: ITM_REG_B | AW55: =AL55 -> {22 | AX55: {=SUBSTITUTE(SUBSTITUTE(_xlfn.SWITCH(AM55, "ITM_T_HOME", "ITM_UP1", "ITM_T_END", "ITM_DOWN1", "DOCU_CHR_sub", "ITM_DOWN_ARROW", "DOCU_CHR_super", "ITM_UP_ARROW", "MNU_TAMALPHA", "ITM_alpha", "DOCU_CHR_caseFLIP", "ITM_NULL", "DOCU_CHR_numSET", "ITM_NULL", "DOCU_ITM_RADIX", "ITM_PERIOD", AM55), ".lo", ),"MNU_", "-MNU_")} -> ITM_1ONX | AY55: {=SUBSTITUTE(SUBSTITUTE(_xlfn.SWITCH(AN55, "ITM_T_HOME", "ITM_UP1", "ITM_T_END", "ITM_DOWN1", "DOCU_CHR_sub", "ITM_DOWN_ARROW", "DOCU_CHR_super", "ITM_UP_ARROW", "MNU_TAMALPHA", "ITM_alpha", "DOCU_CHR_caseFLIP", "ITM_NULL", "DOCU_CHR_numSET", "ITM_NULL", "DOCU_ITM_RADIX", "ITM_PERIOD", AN55), ".lo", ),"MNU_", "-MNU_")} -> ITM_YX | AZ55: {=SUBSTITUTE(SUBSTITUTE(_xlfn.SWITCH(AO55, "ITM_T_HOME", "ITM_UP1", "ITM_T_END", "ITM_DOWN1", "DOCU_CHR_sub", "ITM_DOWN_ARROW", "DOCU_CHR_super", "ITM_UP_ARROW", "MNU_TAMALPHA", "ITM_alpha", "DOCU_CHR_caseFLIP", "ITM_NULL", "DOCU_CHR_numSET", "ITM_NULL", "DOCU_ITM_RADIX", "ITM_PERIOD", AO55), ".lo", ),"MNU_", "-MNU_")} -> ITM_HASH_JM | BA55: {=SUBSTITUTE(SUBSTITUTE(_xlfn.SWITCH(AP55, "ITM_T_HOME", "ITM_UP1", "ITM_T_END", "ITM_DOWN1", "DOCU_CHR_sub", "ITM_DOWN_ARROW", "DOCU_CHR_super", "ITM_UP_ARROW", "MNU_TAMALPHA", "ITM_alpha", "DOCU_CHR_caseFLIP", "ITM_NULL", "DOCU_CHR_numSET", "ITM_NULL", "DOCU_ITM_RADIX", "ITM_PERIOD", AP55), ".lo", ),"MNU_", "-MNU_")} -> ITM_NUMBER_SIGN | BB55: {=SUBSTITUTE(SUBSTITUTE(_xlfn.SWITCH(AQ55, "ITM_T_HOME", "ITM_UP1", "ITM_T_END", "ITM_DOWN1", "DOCU_CHR_sub", "ITM_DOWN_ARROW", "DOCU_CHR_super", "ITM_UP_ARROW", "MNU_TAMALPHA", "ITM_alpha", "DOCU_CHR_caseFLIP", "ITM_NULL", "DOCU_CHR_numSET", "ITM_NULL", "DOCU_ITM_RADIX", "ITM_PERIOD", AQ55), ".lo", ),"MNU_", "-MNU_")} -> ITM_B | BC55: {=SUBSTITUTE(SUBSTITUTE(_xlfn.SWITCH(AR55, "ITM_T_HOME", "ITM_UP1", "ITM_T_END", "ITM_DOWN1", "DOCU_CHR_sub", "ITM_DOWN_ARROW", "DOCU_CHR_super", "ITM_UP_ARROW", "MNU_TAMALPHA", "ITM_alpha", "DOCU_CHR_caseFLIP", "ITM_NULL", "DOCU_CHR_numSET", "ITM_NULL", "DOCU_ITM_RADIX", "ITM_PERIOD", AR55), ".lo", ),"MNU_", "-MNU_")} -> ITM_b | BD55: {=SUBSTITUTE(SUBSTITUTE(_xlfn.SWITCH(AS55, "ITM_T_HOME", "ITM_UP1", "ITM_T_END", "ITM_DOWN1", "DOCU_CHR_sub", "ITM_DOWN_ARROW", "DOCU_CHR_super", "ITM_UP_ARROW", "MNU_TAMALPHA", "ITM_alpha", "DOCU_CHR_caseFLIP", "ITM_NULL", "DOCU_CHR_numSET", "ITM_NULL", "DOCU_ITM_RADIX", "ITM_PERIOD", AS55), ".lo", ),"MNU_", "-MNU_")} -> ITM_CIRCUMFLEX | BE55: {=SUBSTITUTE(SUBSTITUTE(_xlfn.SWITCH(AT55, "ITM_T_HOME", "ITM_UP1", "ITM_T_END", "ITM_DOWN1", "DOCU_CHR_sub", "ITM_DOWN_ARROW", "DOCU_CHR_super", "ITM_UP_ARROW", "MNU_TAMALPHA", "ITM_alpha", "DOCU_CHR_caseFLIP", "ITM_NULL", "DOCU_CHR_numSET", "ITM_NULL", "DOCU_ITM_RADIX", "ITM_PERIOD", AT55), ".lo", ),"MNU_", "-MNU_")} -> ITM_REG_B | BI55: =" "&AW55&", "&REPT(" ",$BH$54-LEN(AW55))& AX55&", "&REPT(" ",$BH$54-LEN(AX55))& AY55&", "&REPT(" ",$BH$54-LEN(AY55))& AZ55&", "&REPT(" ",$BH$54-LEN(AZ55))& BA55&", "&REPT(" ",$BH$54-LEN(BA55))& BB55&", "&REPT(" ",$BH$54-LEN(BB55))& BC55&", "&REPT(" ",$BH$54-LEN(BC55))& BD55&", "&REPT(" ",$BH$54-LEN(BD55))& BE55&REPT(" ",$BH$54-LEN(BE55))& "}," -> {22, ITM_1ONX, ITM_YX, ITM_HASH_JM, ITM_NUMBER_SIGN, ITM_B, ITM_b, ITM_CIRCUMFLEX, ITM_REG_B }, | BL55: =SUBSTITUTE(AR55,".lo","") -> ITM_b | BM55: =SUBSTITUTE(AS55,".lo","") -> ITM_CIRCUMFLEX
C56: =2/10 -> 0.2 | D56: =3/10 -> 0.3 | E56: =4/10 -> 0.4 | G56: =2/10 -> 0.2 | H56: =3/10 -> 0.3 | I56: =4/10 -> 0.4 | J56: =2/10 -> 0.2 | K56: =3/10 -> 0.3 | L56: =4/10 -> 0.4 | M56: =2/10 -> 0.2 | N56: =3/10 -> 0.3 | O56: =4/10 -> 0.4 | P56: =2/10 -> 0.2 | Q56: =3/10 -> 0.3 | R56: =4/10 -> 0.4 | S56: =2/10 -> 0.2 | T56: =3/10 -> 0.3 | U56: =4/10 -> 0.4 | X56: =X55 -> C47 | Y56: 2 | Z56: 3 | AA56: =X56&"."&Y56&Z56 -> C47.23 | AB56: √x | AC56: x^2 | AD56: .ms | AF56: C | AG56: =AF56=AH56 -> TRUE | AH56: =INDEX(labelitem,MATCH(AR56,items,0),1) -> c | AI56: =INDEX(labelitem,MATCH(AS56,items,0),1) -> √ | AJ56: =INDEX(labelitem,MATCH(AT56,items,0),1) -> Reg C | AL56: ="{"&Y56*10+Z56 -> {23 | AM56: =VLOOKUP(AB56,labelitem,2,0) -> ITM_SQUAREROOTX | AN56: =VLOOKUP(AC56,labelitem,2,0) -> ITM_SQUARE | AO56: =VLOOKUP(AD56,labelitem,2,0) -> ITM_ms | AP56: =IF(NOT(ISNA(MATCH(AM56,Lookups!E:E,))),VLOOKUP(AM56,Lookups!E:F,2,0), IF(NOT(ISNA(MATCH(AN56,Lookups!E:E,))),VLOOKUP(AN56,Lookups!E:F,2,0), IF(NOT(ISNA(MATCH(AO56,Lookups!E:E,))),VLOOKUP(AO56,Lookups!E:F,2,0),"ITM_NULL"))) -> ITM_ROOT_SIGN | AQ56: =VLOOKUP(AF56,labelitem,2,0) -> ITM_C | AR56: ITM_c.lo | AS56: ITM_ROOT_SIGN | AT56: ITM_REG_C | AW56: =AL56 -> {23 | AX56: {=SUBSTITUTE(SUBSTITUTE(_xlfn.SWITCH(AM56, "ITM_T_HOME", "ITM_UP1", "ITM_T_END", "ITM_DOWN1", "DOCU_CHR_sub", "ITM_DOWN_ARROW", "DOCU_CHR_super", "ITM_UP_ARROW", "MNU_TAMALPHA", "ITM_alpha", "DOCU_CHR_caseFLIP", "ITM_NULL", "DOCU_CHR_numSET", "ITM_NULL", "DOCU_ITM_RADIX", "ITM_PERIOD", AM56), ".lo", ),"MNU_", "-MNU_")} -> ITM_SQUAREROOTX | AY56: {=SUBSTITUTE(SUBSTITUTE(_xlfn.SWITCH(AN56, "ITM_T_HOME", "ITM_UP1", "ITM_T_END", "ITM_DOWN1", "DOCU_CHR_sub", "ITM_DOWN_ARROW", "DOCU_CHR_super", "ITM_UP_ARROW", "MNU_TAMALPHA", "ITM_alpha", "DOCU_CHR_caseFLIP", "ITM_NULL", "DOCU_CHR_numSET", "ITM_NULL", "DOCU_ITM_RADIX", "ITM_PERIOD", AN56), ".lo", ),"MNU_", "-MNU_")} -> ITM_SQUARE | AZ56: {=SUBSTITUTE(SUBSTITUTE(_xlfn.SWITCH(AO56, "ITM_T_HOME", "ITM_UP1", "ITM_T_END", "ITM_DOWN1", "DOCU_CHR_sub", "ITM_DOWN_ARROW", "DOCU_CHR_super", "ITM_UP_ARROW", "MNU_TAMALPHA", "ITM_alpha", "DOCU_CHR_caseFLIP", "ITM_NULL", "DOCU_CHR_numSET", "ITM_NULL", "DOCU_ITM_RADIX", "ITM_PERIOD", AO56), ".lo", ),"MNU_", "-MNU_")} -> ITM_ms | BA56: {=SUBSTITUTE(SUBSTITUTE(_xlfn.SWITCH(AP56, "ITM_T_HOME", "ITM_UP1", "ITM_T_END", "ITM_DOWN1", "DOCU_CHR_sub", "ITM_DOWN_ARROW", "DOCU_CHR_super", "ITM_UP_ARROW", "MNU_TAMALPHA", "ITM_alpha", "DOCU_CHR_caseFLIP", "ITM_NULL", "DOCU_CHR_numSET", "ITM_NULL", "DOCU_ITM_RADIX", "ITM_PERIOD", AP56), ".lo", ),"MNU_", "-MNU_")} -> ITM_ROOT_SIGN | BB56: {=SUBSTITUTE(SUBSTITUTE(_xlfn.SWITCH(AQ56, "ITM_T_HOME", "ITM_UP1", "ITM_T_END", "ITM_DOWN1", "DOCU_CHR_sub", "ITM_DOWN_ARROW", "DOCU_CHR_super", "ITM_UP_ARROW", "MNU_TAMALPHA", "ITM_alpha", "DOCU_CHR_caseFLIP", "ITM_NULL", "DOCU_CHR_numSET", "ITM_NULL", "DOCU_ITM_RADIX", "ITM_PERIOD", AQ56), ".lo", ),"MNU_", "-MNU_")} -> ITM_C | BC56: {=SUBSTITUTE(SUBSTITUTE(_xlfn.SWITCH(AR56, "ITM_T_HOME", "ITM_UP1", "ITM_T_END", "ITM_DOWN1", "DOCU_CHR_sub", "ITM_DOWN_ARROW", "DOCU_CHR_super", "ITM_UP_ARROW", "MNU_TAMALPHA", "ITM_alpha", "DOCU_CHR_caseFLIP", "ITM_NULL", "DOCU_CHR_numSET", "ITM_NULL", "DOCU_ITM_RADIX", "ITM_PERIOD", AR56), ".lo", ),"MNU_", "-MNU_")} -> ITM_c | BD56: {=SUBSTITUTE(SUBSTITUTE(_xlfn.SWITCH(AS56, "ITM_T_HOME", "ITM_UP1", "ITM_T_END", "ITM_DOWN1", "DOCU_CHR_sub", "ITM_DOWN_ARROW", "DOCU_CHR_super", "ITM_UP_ARROW", "MNU_TAMALPHA", "ITM_alpha", "DOCU_CHR_caseFLIP", "ITM_NULL", "DOCU_CHR_numSET", "ITM_NULL", "DOCU_ITM_RADIX", "ITM_PERIOD", AS56), ".lo", ),"MNU_", "-MNU_")} -> ITM_ROOT_SIGN | BE56: {=SUBSTITUTE(SUBSTITUTE(_xlfn.SWITCH(AT56, "ITM_T_HOME", "ITM_UP1", "ITM_T_END", "ITM_DOWN1", "DOCU_CHR_sub", "ITM_DOWN_ARROW", "DOCU_CHR_super", "ITM_UP_ARROW", "MNU_TAMALPHA", "ITM_alpha", "DOCU_CHR_caseFLIP", "ITM_NULL", "DOCU_CHR_numSET", "ITM_NULL", "DOCU_ITM_RADIX", "ITM_PERIOD", AT56), ".lo", ),"MNU_", "-MNU_")} -> ITM_REG_C | BI56: =" "&AW56&", "&REPT(" ",$BH$54-LEN(AW56))& AX56&", "&REPT(" ",$BH$54-LEN(AX56))& AY56&", "&REPT(" ",$BH$54-LEN(AY56))& AZ56&", "&REPT(" ",$BH$54-LEN(AZ56))& BA56&", "&REPT(" ",$BH$54-LEN(BA56))& BB56&", "&REPT(" ",$BH$54-LEN(BB56))& BC56&", "&REPT(" ",$BH$54-LEN(BC56))& BD56&", "&REPT(" ",$BH$54-LEN(BD56))& BE56&REPT(" ",$BH$54-LEN(BE56))& "}," -> {23, ITM_SQUAREROOTX, ITM_SQUARE, ITM_ms, ITM_ROOT_SIGN, ITM_C, ITM_c, ITM_ROOT_SIGN, ITM_REG_C }, | BL56: =SUBSTITUTE(AR56,".lo","") -> ITM_c | BM56: =SUBSTITUTE(AS56,".lo","") -> ITM_ROOT_SIGN
C57: 1 | D57: 1 | E57: 1 | G57: 2 | H57: 2 | I57: 2 | J57: 3 | K57: 3 | L57: 3 | M57: 4 | N57: 4 | O57: 4 | P57: 5 | Q57: 5 | R57: 5 | S57: 6 | T57: 6 | U57: 6 | X57: =X56 -> C47 | Y57: 2 | Z57: 4 | AA57: =X57&"."&Y57&Z57 -> C47.24 | AB57: LOG | AC57: 10^x | AD57: .d | AF57: D | AG57: =AF57=AH57 -> TRUE | AH57: =INDEX(labelitem,MATCH(AR57,items,0),1) -> d | AI57: =INDEX(labelitem,MATCH(AS57,items,0),1) -> LOG | AJ57: =INDEX(labelitem,MATCH(AT57,items,0),1) -> Reg D | AL57: ="{"&Y57*10+Z57 -> {24 | AM57: =VLOOKUP(AB57,labelitem,2,0) -> ITM_LOG10 | AN57: =VLOOKUP(AC57,labelitem,2,0) -> ITM_10x | AO57: =VLOOKUP(AD57,labelitem,2,0) -> ITM_dotD | AP57: =IF(NOT(ISNA(MATCH(AM57,Lookups!E:E,))),VLOOKUP(AM57,Lookups!E:F,2,0), IF(NOT(ISNA(MATCH(AN57,Lookups!E:E,))),VLOOKUP(AN57,Lookups!E:F,2,0), IF(NOT(ISNA(MATCH(AO57,Lookups!E:E,))),VLOOKUP(AO57,Lookups!E:F,2,0),"ITM_NULL"))) -> ITM_NULL | AQ57: =VLOOKUP(AF57,labelitem,2,0) -> ITM_D | AR57: ITM_d.lo | AS57: ITM_LG_SIGN | AT57: ITM_REG_D | AW57: =AL57 -> {24 | AX57: {=SUBSTITUTE(SUBSTITUTE(_xlfn.SWITCH(AM57, "ITM_T_HOME", "ITM_UP1", "ITM_T_END", "ITM_DOWN1", "DOCU_CHR_sub", "ITM_DOWN_ARROW", "DOCU_CHR_super", "ITM_UP_ARROW", "MNU_TAMALPHA", "ITM_alpha", "DOCU_CHR_caseFLIP", "ITM_NULL", "DOCU_CHR_numSET", "ITM_NULL", "DOCU_ITM_RADIX", "ITM_PERIOD", AM57), ".lo", ),"MNU_", "-MNU_")} -> ITM_LOG10 | AY57: {=SUBSTITUTE(SUBSTITUTE(_xlfn.SWITCH(AN57, "ITM_T_HOME", "ITM_UP1", "ITM_T_END", "ITM_DOWN1", "DOCU_CHR_sub", "ITM_DOWN_ARROW", "DOCU_CHR_super", "ITM_UP_ARROW", "MNU_TAMALPHA", "ITM_alpha", "DOCU_CHR_caseFLIP", "ITM_NULL", "DOCU_CHR_numSET", "ITM_NULL", "DOCU_ITM_RADIX", "ITM_PERIOD", AN57), ".lo", ),"MNU_", "-MNU_")} -> ITM_10x | AZ57: {=SUBSTITUTE(SUBSTITUTE(_xlfn.SWITCH(AO57, "ITM_T_HOME", "ITM_UP1", "ITM_T_END", "ITM_DOWN1", "DOCU_CHR_sub", "ITM_DOWN_ARROW", "DOCU_CHR_super", "ITM_UP_ARROW", "MNU_TAMALPHA", "ITM_alpha", "DOCU_CHR_caseFLIP", "ITM_NULL", "DOCU_CHR_numSET", "ITM_NULL", "DOCU_ITM_RADIX", "ITM_PERIOD", AO57), ".lo", ),"MNU_", "-MNU_")} -> ITM_dotD | BA57: {=SUBSTITUTE(SUBSTITUTE(_xlfn.SWITCH(AP57, "ITM_T_HOME", "ITM_UP1", "ITM_T_END", "ITM_DOWN1", "DOCU_CHR_sub", "ITM_DOWN_ARROW", "DOCU_CHR_super", "ITM_UP_ARROW", "MNU_TAMALPHA", "ITM_alpha", "DOCU_CHR_caseFLIP", "ITM_NULL", "DOCU_CHR_numSET", "ITM_NULL", "DOCU_ITM_RADIX", "ITM_PERIOD", AP57), ".lo", ),"MNU_", "-MNU_")} -> ITM_NULL | BB57: {=SUBSTITUTE(SUBSTITUTE(_xlfn.SWITCH(AQ57, "ITM_T_HOME", "ITM_UP1", "ITM_T_END", "ITM_DOWN1", "DOCU_CHR_sub", "ITM_DOWN_ARROW", "DOCU_CHR_super", "ITM_UP_ARROW", "MNU_TAMALPHA", "ITM_alpha", "DOCU_CHR_caseFLIP", "ITM_NULL", "DOCU_CHR_numSET", "ITM_NULL", "DOCU_ITM_RADIX", "ITM_PERIOD", AQ57), ".lo", ),"MNU_", "-MNU_")} -> ITM_D | BC57: {=SUBSTITUTE(SUBSTITUTE(_xlfn.SWITCH(AR57, "ITM_T_HOME", "ITM_UP1", "ITM_T_END", "ITM_DOWN1", "DOCU_CHR_sub", "ITM_DOWN_ARROW", "DOCU_CHR_super", "ITM_UP_ARROW", "MNU_TAMALPHA", "ITM_alpha", "DOCU_CHR_caseFLIP", "ITM_NULL", "DOCU_CHR_numSET", "ITM_NULL", "DOCU_ITM_RADIX", "ITM_PERIOD", AR57), ".lo", ),"MNU_", "-MNU_")} -> ITM_d | BD57: {=SUBSTITUTE(SUBSTITUTE(_xlfn.SWITCH(AS57, "ITM_T_HOME", "ITM_UP1", "ITM_T_END", "ITM_DOWN1", "DOCU_CHR_sub", "ITM_DOWN_ARROW", "DOCU_CHR_super", "ITM_UP_ARROW", "MNU_TAMALPHA", "ITM_alpha", "DOCU_CHR_caseFLIP", "ITM_NULL", "DOCU_CHR_numSET", "ITM_NULL", "DOCU_ITM_RADIX", "ITM_PERIOD", AS57), ".lo", ),"MNU_", "-MNU_")} -> ITM_LG_SIGN | BE57: {=SUBSTITUTE(SUBSTITUTE(_xlfn.SWITCH(AT57, "ITM_T_HOME", "ITM_UP1", "ITM_T_END", "ITM_DOWN1", "DOCU_CHR_sub", "ITM_DOWN_ARROW", "DOCU_CHR_super", "ITM_UP_ARROW", "MNU_TAMALPHA", "ITM_alpha", "DOCU_CHR_caseFLIP", "ITM_NULL", "DOCU_CHR_numSET", "ITM_NULL", "DOCU_ITM_RADIX", "ITM_PERIOD", AT57), ".lo", ),"MNU_", "-MNU_")} -> ITM_REG_D | BI57: =" "&AW57&", "&REPT(" ",$BH$54-LEN(AW57))& AX57&", "&REPT(" ",$BH$54-LEN(AX57))& AY57&", "&REPT(" ",$BH$54-LEN(AY57))& AZ57&", "&REPT(" ",$BH$54-LEN(AZ57))& BA57&", "&REPT(" ",$BH$54-LEN(BA57))& BB57&", "&REPT(" ",$BH$54-LEN(BB57))& BC57&", "&REPT(" ",$BH$54-LEN(BC57))& BD57&", "&REPT(" ",$BH$54-LEN(BD57))& BE57&REPT(" ",$BH$54-LEN(BE57))& "}," -> {24, ITM_LOG10, ITM_10x, ITM_dotD, ITM_NULL, ITM_D, ITM_d, ITM_LG_SIGN, ITM_REG_D }, | BL57: =SUBSTITUTE(AR57,".lo","") -> ITM_d | BM57: =SUBSTITUTE(AS57,".lo","") -> ITM_LG_SIGN
B58: 20 | C58: =layout&"."&$B58+C57+C56 -> C47.21,2 | D58: =layout&"."&$B58+D57+D56 -> C47.21,3 | G58: =layout&"."&$B58+G57+G56 -> C47.22,2 | H58: =layout&"."&$B58+H57+H56 -> C47.22,3 | J58: =layout&"."&$B58+J57+J56 -> C47.23,2 | K58: =layout&"."&$B58+K57+K56 -> C47.23,3 | M58: =layout&"."&$B58+M57+M56 -> C47.24,2 | N58: =layout&"."&$B58+N57+N56 -> C47.24,3 | P58: =layout&"."&$B58+P57+P56 -> C47.25,2 | Q58: =layout&"."&$B58+Q57+Q56 -> C47.25,3 | S58: =layout&"."&$B58+S57+S56 -> C47.26,2 | T58: =layout&"."&$B58+T57+T56 -> C47.26,3 | X58: =X57 -> C47 | Y58: 2 | Z58: 5 | AA58: =X58&"."&Y58&Z58 -> C47.25 | AB58: LN | AC58: e^x | AD58: LBL | AF58: E | AG58: =AF58=AH58 -> TRUE | AH58: =INDEX(labelitem,MATCH(AR58,items,0),1) -> e | AI58: =INDEX(labelitem,MATCH(AS58,items,0),1) -> LN | AJ58: =INDEX(labelitem,MATCH(AT58,items,0),1) -> Reg E | AL58: ="{"&Y58*10+Z58 -> {25 | AM58: =VLOOKUP(AB58,labelitem,2,0) -> ITM_LN | AN58: =VLOOKUP(AC58,labelitem,2,0) -> ITM_EXP | AO58: =VLOOKUP(AD58,labelitem,2,0) -> ITM_LBL | AP58: =IF(NOT(ISNA(MATCH(AM58,Lookups!E:E,))),VLOOKUP(AM58,Lookups!E:F,2,0), IF(NOT(ISNA(MATCH(AN58,Lookups!E:E,))),VLOOKUP(AN58,Lookups!E:F,2,0), IF(NOT(ISNA(MATCH(AO58,Lookups!E:E,))),VLOOKUP(AO58,Lookups!E:F,2,0),"ITM_NULL"))) -> ITM_NULL | AQ58: =VLOOKUP(AF58,labelitem,2,0) -> ITM_E | AR58: ITM_e.lo | AS58: ITM_LN_SIGN | AT58: ITM_REG_E | AW58: =AL58 -> {25 | AX58: {=SUBSTITUTE(SUBSTITUTE(_xlfn.SWITCH(AM58, "ITM_T_HOME", "ITM_UP1", "ITM_T_END", "ITM_DOWN1", "DOCU_CHR_sub", "ITM_DOWN_ARROW", "DOCU_CHR_super", "ITM_UP_ARROW", "MNU_TAMALPHA", "ITM_alpha", "DOCU_CHR_caseFLIP", "ITM_NULL", "DOCU_CHR_numSET", "ITM_NULL", "DOCU_ITM_RADIX", "ITM_PERIOD", AM58), ".lo", ),"MNU_", "-MNU_")} -> ITM_LN | AY58: {=SUBSTITUTE(SUBSTITUTE(_xlfn.SWITCH(AN58, "ITM_T_HOME", "ITM_UP1", "ITM_T_END", "ITM_DOWN1", "DOCU_CHR_sub", "ITM_DOWN_ARROW", "DOCU_CHR_super", "ITM_UP_ARROW", "MNU_TAMALPHA", "ITM_alpha", "DOCU_CHR_caseFLIP", "ITM_NULL", "DOCU_CHR_numSET", "ITM_NULL", "DOCU_ITM_RADIX", "ITM_PERIOD", AN58), ".lo", ),"MNU_", "-MNU_")} -> ITM_EXP | AZ58: {=SUBSTITUTE(SUBSTITUTE(_xlfn.SWITCH(AO58, "ITM_T_HOME", "ITM_UP1", "ITM_T_END", "ITM_DOWN1", "DOCU_CHR_sub", "ITM_DOWN_ARROW", "DOCU_CHR_super", "ITM_UP_ARROW", "MNU_TAMALPHA", "ITM_alpha", "DOCU_CHR_caseFLIP", "ITM_NULL", "DOCU_CHR_numSET", "ITM_NULL", "DOCU_ITM_RADIX", "ITM_PERIOD", AO58), ".lo", ),"MNU_", "-MNU_")} -> ITM_LBL | BA58: {=SUBSTITUTE(SUBSTITUTE(_xlfn.SWITCH(AP58, "ITM_T_HOME", "ITM_UP1", "ITM_T_END", "ITM_DOWN1", "DOCU_CHR_sub", "ITM_DOWN_ARROW", "DOCU_CHR_super", "ITM_UP_ARROW", "MNU_TAMALPHA", "ITM_alpha", "DOCU_CHR_caseFLIP", "ITM_NULL", "DOCU_CHR_numSET", "ITM_NULL", "DOCU_ITM_RADIX", "ITM_PERIOD", AP58), ".lo", ),"MNU_", "-MNU_")} -> ITM_NULL | BB58: {=SUBSTITUTE(SUBSTITUTE(_xlfn.SWITCH(AQ58, "ITM_T_HOME", "ITM_UP1", "ITM_T_END", "ITM_DOWN1", "DOCU_CHR_sub", "ITM_DOWN_ARROW", "DOCU_CHR_super", "ITM_UP_ARROW", "MNU_TAMALPHA", "ITM_alpha", "DOCU_CHR_caseFLIP", "ITM_NULL", "DOCU_CHR_numSET", "ITM_NULL", "DOCU_ITM_RADIX", "ITM_PERIOD", AQ58), ".lo", ),"MNU_", "-MNU_")} -> ITM_E | BC58: {=SUBSTITUTE(SUBSTITUTE(_xlfn.SWITCH(AR58, "ITM_T_HOME", "ITM_UP1", "ITM_T_END", "ITM_DOWN1", "DOCU_CHR_sub", "ITM_DOWN_ARROW", "DOCU_CHR_super", "ITM_UP_ARROW", "MNU_TAMALPHA", "ITM_alpha", "DOCU_CHR_caseFLIP", "ITM_NULL", "DOCU_CHR_numSET", "ITM_NULL", "DOCU_ITM_RADIX", "ITM_PERIOD", AR58), ".lo", ),"MNU_", "-MNU_")} -> ITM_e | BD58: {=SUBSTITUTE(SUBSTITUTE(_xlfn.SWITCH(AS58, "ITM_T_HOME", "ITM_UP1", "ITM_T_END", "ITM_DOWN1", "DOCU_CHR_sub", "ITM_DOWN_ARROW", "DOCU_CHR_super", "ITM_UP_ARROW", "MNU_TAMALPHA", "ITM_alpha", "DOCU_CHR_caseFLIP", "ITM_NULL", "DOCU_CHR_numSET", "ITM_NULL", "DOCU_ITM_RADIX", "ITM_PERIOD", AS58), ".lo", ),"MNU_", "-MNU_")} -> ITM_LN_SIGN | BE58: {=SUBSTITUTE(SUBSTITUTE(_xlfn.SWITCH(AT58, "ITM_T_HOME", "ITM_UP1", "ITM_T_END", "ITM_DOWN1", "DOCU_CHR_sub", "ITM_DOWN_ARROW", "DOCU_CHR_super", "ITM_UP_ARROW", "MNU_TAMALPHA", "ITM_alpha", "DOCU_CHR_caseFLIP", "ITM_NULL", "DOCU_CHR_numSET", "ITM_NULL", "DOCU_ITM_RADIX", "ITM_PERIOD", AT58), ".lo", ),"MNU_", "-MNU_")} -> ITM_REG_E | BI58: =" "&AW58&", "&REPT(" ",$BH$54-LEN(AW58))& AX58&", "&REPT(" ",$BH$54-LEN(AX58))& AY58&", "&REPT(" ",$BH$54-LEN(AY58))& AZ58&", "&REPT(" ",$BH$54-LEN(AZ58))& BA58&", "&REPT(" ",$BH$54-LEN(BA58))& BB58&", "&REPT(" ",$BH$54-LEN(BB58))& BC58&", "&REPT(" ",$BH$54-LEN(BC58))& BD58&", "&REPT(" ",$BH$54-LEN(BD58))& BE58&REPT(" ",$BH$54-LEN(BE58))& "}," -> {25, ITM_LN, ITM_EXP, ITM_LBL, ITM_NULL, ITM_E, ITM_e, ITM_LN_SIGN, ITM_REG_E }, | BL58: =SUBSTITUTE(AR58,".lo","") -> ITM_e | BM58: =SUBSTITUTE(AS58,".lo","") -> ITM_LN_SIGN
A59: 0.1 | B59: 20 | C59: =layout&"."&$B61+C57+$A59 -> C47.21,1 | E59: =layout&"."&$B59+E57+E56 -> C47.21,4 | G59: =layout&"."&$B61+G57+$A59 -> C47.22,1 | I59: =layout&"."&$B59+I57+I56 -> C47.22,4 | J59: =layout&"."&$B61+J57+$A59 -> C47.23,1 | L59: =layout&"."&$B59+L57+L56 -> C47.23,4 | M59: =layout&"."&$B61+M57+$A59 -> C47.24,1 | O59: =layout&"."&$B59+O57+O56 -> C47.24,4 | P59: =layout&"."&$B61+P57+$A59 -> C47.25,1 | R59: =layout&"."&$B59+R57+R56 -> C47.25,4 | S59: =layout&"."&$B61+S57+$A59 -> C47.26,1 | U59: =layout&"."&$B59+U57+U56 -> C47.26,4 | X59: =X58 -> C47 | Y59: 2 | Z59: 6 | AA59: =X59&"."&Y59&Z59 -> C47.26 | AB59: XEQ | AC59: [ alpha ] | AD59: GTO | AF59: F | AG59: =AF59=AH59 -> TRUE | AH59: =INDEX(labelitem,MATCH(AR59,items,0),1) -> f | AI59: =INDEX(labelitem,MATCH(AS59,items,0),1) -> alpha | AJ59: =INDEX(labelitem,MATCH(AT59,items,0),1) -> [TAMALPHA] | AL59: ="{"&Y59*10+Z59 -> {26 | AM59: =VLOOKUP(AB59,labelitem,2,0) -> ITM_XEQ | AN59: =VLOOKUP(AC59,labelitem,2,0) -> ITM_AIM | AO59: =VLOOKUP(AD59,labelitem,2,0) -> ITM_GTO | AP59: =IF(NOT(ISNA(MATCH(AM59,Lookups!E:E,))),VLOOKUP(AM59,Lookups!E:F,2,0), IF(NOT(ISNA(MATCH(AN59,Lookups!E:E,))),VLOOKUP(AN59,Lookups!E:F,2,0), IF(NOT(ISNA(MATCH(AO59,Lookups!E:E,))),VLOOKUP(AO59,Lookups!E:F,2,0),"ITM_NULL"))) -> ITM_NULL | AQ59: =VLOOKUP(AF59,labelitem,2,0) -> ITM_F | AR59: ITM_f.lo | AS59: ITM_alpha.lo | AT59: MNU_TAMALPHA | AW59: =AL59 -> {26 | AX59: {=SUBSTITUTE(SUBSTITUTE(_xlfn.SWITCH(AM59, "ITM_T_HOME", "ITM_UP1", "ITM_T_END", "ITM_DOWN1", "DOCU_CHR_sub", "ITM_DOWN_ARROW", "DOCU_CHR_super", "ITM_UP_ARROW", "MNU_TAMALPHA", "ITM_alpha", "DOCU_CHR_caseFLIP", "ITM_NULL", "DOCU_CHR_numSET", "ITM_NULL", "DOCU_ITM_RADIX", "ITM_PERIOD", AM59), ".lo", ),"MNU_", "-MNU_")} -> ITM_XEQ | AY59: {=SUBSTITUTE(SUBSTITUTE(_xlfn.SWITCH(AN59, "ITM_T_HOME", "ITM_UP1", "ITM_T_END", "ITM_DOWN1", "DOCU_CHR_sub", "ITM_DOWN_ARROW", "DOCU_CHR_super", "ITM_UP_ARROW", "MNU_TAMALPHA", "ITM_alpha", "DOCU_CHR_caseFLIP", "ITM_NULL", "DOCU_CHR_numSET", "ITM_NULL", "DOCU_ITM_RADIX", "ITM_PERIOD", AN59), ".lo", ),"MNU_", "-MNU_")} -> ITM_AIM | AZ59: {=SUBSTITUTE(SUBSTITUTE(_xlfn.SWITCH(AO59, "ITM_T_HOME", "ITM_UP1", "ITM_T_END", "ITM_DOWN1", "DOCU_CHR_sub", "ITM_DOWN_ARROW", "DOCU_CHR_super", "ITM_UP_ARROW", "MNU_TAMALPHA", "ITM_alpha", "DOCU_CHR_caseFLIP", "ITM_NULL", "DOCU_CHR_numSET", "ITM_NULL", "DOCU_ITM_RADIX", "ITM_PERIOD", AO59), ".lo", ),"MNU_", "-MNU_")} -> ITM_GTO | BA59: {=SUBSTITUTE(SUBSTITUTE(_xlfn.SWITCH(AP59, "ITM_T_HOME", "ITM_UP1", "ITM_T_END", "ITM_DOWN1", "DOCU_CHR_sub", "ITM_DOWN_ARROW", "DOCU_CHR_super", "ITM_UP_ARROW", "MNU_TAMALPHA", "ITM_alpha", "DOCU_CHR_caseFLIP", "ITM_NULL", "DOCU_CHR_numSET", "ITM_NULL", "DOCU_ITM_RADIX", "ITM_PERIOD", AP59), ".lo", ),"MNU_", "-MNU_")} -> ITM_NULL | BB59: {=SUBSTITUTE(SUBSTITUTE(_xlfn.SWITCH(AQ59, "ITM_T_HOME", "ITM_UP1", "ITM_T_END", "ITM_DOWN1", "DOCU_CHR_sub", "ITM_DOWN_ARROW", "DOCU_CHR_super", "ITM_UP_ARROW", "MNU_TAMALPHA", "ITM_alpha", "DOCU_CHR_caseFLIP", "ITM_NULL", "DOCU_CHR_numSET", "ITM_NULL", "DOCU_ITM_RADIX", "ITM_PERIOD", AQ59), ".lo", ),"MNU_", "-MNU_")} -> ITM_F | BC59: {=SUBSTITUTE(SUBSTITUTE(_xlfn.SWITCH(AR59, "ITM_T_HOME", "ITM_UP1", "ITM_T_END", "ITM_DOWN1", "DOCU_CHR_sub", "ITM_DOWN_ARROW", "DOCU_CHR_super", "ITM_UP_ARROW", "MNU_TAMALPHA", "ITM_alpha", "DOCU_CHR_caseFLIP", "ITM_NULL", "DOCU_CHR_numSET", "ITM_NULL", "DOCU_ITM_RADIX", "ITM_PERIOD", AR59), ".lo", ),"MNU_", "-MNU_")} -> ITM_f | BD59: {=SUBSTITUTE(SUBSTITUTE(_xlfn.SWITCH(AS59, "ITM_T_HOME", "ITM_UP1", "ITM_T_END", "ITM_DOWN1", "DOCU_CHR_sub", "ITM_DOWN_ARROW", "DOCU_CHR_super", "ITM_UP_ARROW", "MNU_TAMALPHA", "ITM_alpha", "DOCU_CHR_caseFLIP", "ITM_NULL", "DOCU_CHR_numSET", "ITM_NULL", "DOCU_ITM_RADIX", "ITM_PERIOD", AS59), ".lo", ),"MNU_", "-MNU_")} -> ITM_alpha | BE59: {=SUBSTITUTE(SUBSTITUTE(_xlfn.SWITCH(AT59, "ITM_T_HOME", "ITM_UP1", "ITM_T_END", "ITM_DOWN1", "DOCU_CHR_sub", "ITM_DOWN_ARROW", "DOCU_CHR_super", "ITM_UP_ARROW", "MNU_TAMALPHA", "ITM_alpha", "DOCU_CHR_caseFLIP", "ITM_NULL", "DOCU_CHR_numSET", "ITM_NULL", "DOCU_ITM_RADIX", "ITM_PERIOD", AT59), ".lo", ),"MNU_", "-MNU_")} -> ITM_alpha | BI59: =" "&AW59&", "&REPT(" ",$BH$54-LEN(AW59))& AX59&", "&REPT(" ",$BH$54-LEN(AX59))& AY59&", "&REPT(" ",$BH$54-LEN(AY59))& AZ59&", "&REPT(" ",$BH$54-LEN(AZ59))& BA59&", "&REPT(" ",$BH$54-LEN(BA59))& BB59&", "&REPT(" ",$BH$54-LEN(BB59))& BC59&", "&REPT(" ",$BH$54-LEN(BC59))& BD59&", "&REPT(" ",$BH$54-LEN(BD59))& BE59&REPT(" ",$BH$54-LEN(BE59))& "}," -> {26, ITM_XEQ, ITM_AIM, ITM_GTO, ITM_NULL, ITM_F, ITM_f, ITM_alpha, ITM_alpha }, | BL59: =SUBSTITUTE(AR59,".lo","") -> ITM_f | BM59: =SUBSTITUTE(AS59,".lo","") -> ITM_alpha
A60: 0.1 | B60: 20 | E60: =layout&"."&$B60+E59+E58 -> #VALUE! | I60: =layout&"."&$B60+I59+I58 -> #VALUE! | L60: =layout&"."&$B60+L59+L58 -> #VALUE! | O60: =layout&"."&$B60+O59+O58 -> #VALUE! | R60: =layout&"."&$B60+R59+R58 -> #VALUE! | U60: =layout&"."&$B60+U59+U58 -> #VALUE! | X60: =X59 -> C47 | Y60: 3 | Z60: 1 | AA60: =X60&"."&Y60&Z60 -> C47.31 | AB60: STO | AC60: |x| | AD60: angle | AF60: G | AG60: =AF60=AH60 -> TRUE | AH60: =INDEX(labelitem,MATCH(AR60,items,0),1) -> g | AI60: =INDEX(labelitem,MATCH(AS60,items,0),1) -> | | AJ60: =INDEX(labelitem,MATCH(AT60,items,0),1) -> Reg G | AL60: ="{"&Y60*10+Z60 -> {31 | AM60: =VLOOKUP(AB60,labelitem,2,0) -> ITM_STO | AN60: =VLOOKUP(AC60,labelitem,2,0) -> ITM_MAGNITUDE | AO60: =VLOOKUP(AD60,labelitem,2,0) -> ITM_ARG | AP60: =IF(NOT(ISNA(MATCH(AM60,Lookups!E:E,))),VLOOKUP(AM60,Lookups!E:F,2,0), IF(NOT(ISNA(MATCH(AN60,Lookups!E:E,))),VLOOKUP(AN60,Lookups!E:F,2,0), IF(NOT(ISNA(MATCH(AO60,Lookups!E:E,))),VLOOKUP(AO60,Lookups!E:F,2,0),"ITM_NULL"))) -> ITM_NULL | AQ60: =VLOOKUP(AF60,labelitem,2,0) -> ITM_G | AR60: ITM_g.lo | AS60: ITM_VERTICAL_BAR | AT60: ITM_REG_G | AW60: =AL60 -> {31 | AX60: {=SUBSTITUTE(SUBSTITUTE(_xlfn.SWITCH(AM60, "ITM_T_HOME", "ITM_UP1", "ITM_T_END", "ITM_DOWN1", "DOCU_CHR_sub", "ITM_DOWN_ARROW", "DOCU_CHR_super", "ITM_UP_ARROW", "MNU_TAMALPHA", "ITM_alpha", "DOCU_CHR_caseFLIP", "ITM_NULL", "DOCU_CHR_numSET", "ITM_NULL", "DOCU_ITM_RADIX", "ITM_PERIOD", AM60), ".lo", ),"MNU_", "-MNU_")} -> ITM_STO | AY60: {=SUBSTITUTE(SUBSTITUTE(_xlfn.SWITCH(AN60, "ITM_T_HOME", "ITM_UP1", "ITM_T_END", "ITM_DOWN1", "DOCU_CHR_sub", "ITM_DOWN_ARROW", "DOCU_CHR_super", "ITM_UP_ARROW", "MNU_TAMALPHA", "ITM_alpha", "DOCU_CHR_caseFLIP", "ITM_NULL", "DOCU_CHR_numSET", "ITM_NULL", "DOCU_ITM_RADIX", "ITM_PERIOD", AN60), ".lo", ),"MNU_", "-MNU_")} -> ITM_MAGNITUDE | AZ60: {=SUBSTITUTE(SUBSTITUTE(_xlfn.SWITCH(AO60, "ITM_T_HOME", "ITM_UP1", "ITM_T_END", "ITM_DOWN1", "DOCU_CHR_sub", "ITM_DOWN_ARROW", "DOCU_CHR_super", "ITM_UP_ARROW", "MNU_TAMALPHA", "ITM_alpha", "DOCU_CHR_caseFLIP", "ITM_NULL", "DOCU_CHR_numSET", "ITM_NULL", "DOCU_ITM_RADIX", "ITM_PERIOD", AO60), ".lo", ),"MNU_", "-MNU_")} -> ITM_ARG | BA60: {=SUBSTITUTE(SUBSTITUTE(_xlfn.SWITCH(AP60, "ITM_T_HOME", "ITM_UP1", "ITM_T_END", "ITM_DOWN1", "DOCU_CHR_sub", "ITM_DOWN_ARROW", "DOCU_CHR_super", "ITM_UP_ARROW", "MNU_TAMALPHA", "ITM_alpha", "DOCU_CHR_caseFLIP", "ITM_NULL", "DOCU_CHR_numSET", "ITM_NULL", "DOCU_ITM_RADIX", "ITM_PERIOD", AP60), ".lo", ),"MNU_", "-MNU_")} -> ITM_NULL | BB60: {=SUBSTITUTE(SUBSTITUTE(_xlfn.SWITCH(AQ60, "ITM_T_HOME", "ITM_UP1", "ITM_T_END", "ITM_DOWN1", "DOCU_CHR_sub", "ITM_DOWN_ARROW", "DOCU_CHR_super", "ITM_UP_ARROW", "MNU_TAMALPHA", "ITM_alpha", "DOCU_CHR_caseFLIP", "ITM_NULL", "DOCU_CHR_numSET", "ITM_NULL", "DOCU_ITM_RADIX", "ITM_PERIOD", AQ60), ".lo", ),"MNU_", "-MNU_")} -> ITM_G | BC60: {=SUBSTITUTE(SUBSTITUTE(_xlfn.SWITCH(AR60, "ITM_T_HOME", "ITM_UP1", "ITM_T_END", "ITM_DOWN1", "DOCU_CHR_sub", "ITM_DOWN_ARROW", "DOCU_CHR_super", "ITM_UP_ARROW", "MNU_TAMALPHA", "ITM_alpha", "DOCU_CHR_caseFLIP", "ITM_NULL", "DOCU_CHR_numSET", "ITM_NULL", "DOCU_ITM_RADIX", "ITM_PERIOD", AR60), ".lo", ),"MNU_", "-MNU_")} -> ITM_g | BD60: {=SUBSTITUTE(SUBSTITUTE(_xlfn.SWITCH(AS60, "ITM_T_HOME", "ITM_UP1", "ITM_T_END", "ITM_DOWN1", "DOCU_CHR_sub", "ITM_DOWN_ARROW", "DOCU_CHR_super", "ITM_UP_ARROW", "MNU_TAMALPHA", "ITM_alpha", "DOCU_CHR_caseFLIP", "ITM_NULL", "DOCU_CHR_numSET", "ITM_NULL", "DOCU_ITM_RADIX", "ITM_PERIOD", AS60), ".lo", ),"MNU_", "-MNU_")} -> ITM_VERTICAL_BAR | BE60: {=SUBSTITUTE(SUBSTITUTE(_xlfn.SWITCH(AT60, "ITM_T_HOME", "ITM_UP1", "ITM_T_END", "ITM_DOWN1", "DOCU_CHR_sub", "ITM_DOWN_ARROW", "DOCU_CHR_super", "ITM_UP_ARROW", "MNU_TAMALPHA", "ITM_alpha", "DOCU_CHR_caseFLIP", "ITM_NULL", "DOCU_CHR_numSET", "ITM_NULL", "DOCU_ITM_RADIX", "ITM_PERIOD", AT60), ".lo", ),"MNU_", "-MNU_")} -> ITM_REG_G | BI60: =" "&AW60&", "&REPT(" ",$BH$54-LEN(AW60))& AX60&", "&REPT(" ",$BH$54-LEN(AX60))& AY60&", "&REPT(" ",$BH$54-LEN(AY60))& AZ60&", "&REPT(" ",$BH$54-LEN(AZ60))& BA60&", "&REPT(" ",$BH$54-LEN(BA60))& BB60&", "&REPT(" ",$BH$54-LEN(BB60))& BC60&", "&REPT(" ",$BH$54-LEN(BC60))& BD60&", "&REPT(" ",$BH$54-LEN(BD60))& BE60&REPT(" ",$BH$54-LEN(BE60))& "}," -> {31, ITM_STO, ITM_MAGNITUDE, ITM_ARG, ITM_NULL, ITM_G, ITM_g, ITM_VERTICAL_BAR, ITM_REG_G }, | BL60: =SUBSTITUTE(AR60,".lo","") -> ITM_g | BM60: =SUBSTITUTE(AS60,".lo","") -> ITM_VERTICAL_BAR
A61: 0.1 | B61: 20 | E61: =layout&"."&$B61+E60+E59 -> #VALUE! | I61: =layout&"."&$B61+I60+I59 -> #VALUE! | L61: =layout&"."&$B61+L60+L59 -> #VALUE! | O61: =layout&"."&$B61+O60+O59 -> #VALUE! | R61: =layout&"."&$B61+R60+R59 -> #VALUE! | U61: =layout&"."&$B61+U60+U59 -> #VALUE! | X61: =X60 -> C47 | Y61: 3 | Z61: 2 | AA61: =X61&"."&Y61&Z61 -> C47.32 | AB61: RCL | AC61: % | AD61: Delta % | AF61: H | AG61: =AF61=AH61 -> TRUE | AH61: =INDEX(labelitem,MATCH(AR61,items,0),1) -> h | AI61: =INDEX(labelitem,MATCH(AS61,items,0),1) -> Delta | AJ61: =INDEX(labelitem,MATCH(AT61,items,0),1) -> Reg H | AL61: ="{"&Y61*10+Z61 -> {32 | AM61: =VLOOKUP(AB61,labelitem,2,0) -> ITM_RCL | AN61: =VLOOKUP(AC61,labelitem,2,0) -> ITM_PC | AO61: =VLOOKUP(AD61,labelitem,2,0) -> ITM_DELTAPC | AP61: =IF(NOT(ISNA(MATCH(AM61,Lookups!E:E,))),VLOOKUP(AM61,Lookups!E:F,2,0), IF(NOT(ISNA(MATCH(AN61,Lookups!E:E,))),VLOOKUP(AN61,Lookups!E:F,2,0), IF(NOT(ISNA(MATCH(AO61,Lookups!E:E,))),VLOOKUP(AO61,Lookups!E:F,2,0),"ITM_NULL"))) -> ITM_NULL | AQ61: =VLOOKUP(AF61,labelitem,2,0) -> ITM_H | AR61: ITM_h.lo | AS61: ITM_DELTA | AT61: ITM_REG_H | AW61: =AL61 -> {32 | AX61: {=SUBSTITUTE(SUBSTITUTE(_xlfn.SWITCH(AM61, "ITM_T_HOME", "ITM_UP1", "ITM_T_END", "ITM_DOWN1", "DOCU_CHR_sub", "ITM_DOWN_ARROW", "DOCU_CHR_super", "ITM_UP_ARROW", "MNU_TAMALPHA", "ITM_alpha", "DOCU_CHR_caseFLIP", "ITM_NULL", "DOCU_CHR_numSET", "ITM_NULL", "DOCU_ITM_RADIX", "ITM_PERIOD", AM61), ".lo", ),"MNU_", "-MNU_")} -> ITM_RCL | AY61: {=SUBSTITUTE(SUBSTITUTE(_xlfn.SWITCH(AN61, "ITM_T_HOME", "ITM_UP1", "ITM_T_END", "ITM_DOWN1", "DOCU_CHR_sub", "ITM_DOWN_ARROW", "DOCU_CHR_super", "ITM_UP_ARROW", "MNU_TAMALPHA", "ITM_alpha", "DOCU_CHR_caseFLIP", "ITM_NULL", "DOCU_CHR_numSET", "ITM_NULL", "DOCU_ITM_RADIX", "ITM_PERIOD", AN61), ".lo", ),"MNU_", "-MNU_")} -> ITM_PC | AZ61: {=SUBSTITUTE(SUBSTITUTE(_xlfn.SWITCH(AO61, "ITM_T_HOME", "ITM_UP1", "ITM_T_END", "ITM_DOWN1", "DOCU_CHR_sub", "ITM_DOWN_ARROW", "DOCU_CHR_super", "ITM_UP_ARROW", "MNU_TAMALPHA", "ITM_alpha", "DOCU_CHR_caseFLIP", "ITM_NULL", "DOCU_CHR_numSET", "ITM_NULL", "DOCU_ITM_RADIX", "ITM_PERIOD", AO61), ".lo", ),"MNU_", "-MNU_")} -> ITM_DELTAPC | BA61: {=SUBSTITUTE(SUBSTITUTE(_xlfn.SWITCH(AP61, "ITM_T_HOME", "ITM_UP1", "ITM_T_END", "ITM_DOWN1", "DOCU_CHR_sub", "ITM_DOWN_ARROW", "DOCU_CHR_super", "ITM_UP_ARROW", "MNU_TAMALPHA", "ITM_alpha", "DOCU_CHR_caseFLIP", "ITM_NULL", "DOCU_CHR_numSET", "ITM_NULL", "DOCU_ITM_RADIX", "ITM_PERIOD", AP61), ".lo", ),"MNU_", "-MNU_")} -> ITM_NULL | BB61: {=SUBSTITUTE(SUBSTITUTE(_xlfn.SWITCH(AQ61, "ITM_T_HOME", "ITM_UP1", "ITM_T_END", "ITM_DOWN1", "DOCU_CHR_sub", "ITM_DOWN_ARROW", "DOCU_CHR_super", "ITM_UP_ARROW", "MNU_TAMALPHA", "ITM_alpha", "DOCU_CHR_caseFLIP", "ITM_NULL", "DOCU_CHR_numSET", "ITM_NULL", "DOCU_ITM_RADIX", "ITM_PERIOD", AQ61), ".lo", ),"MNU_", "-MNU_")} -> ITM_H | BC61: {=SUBSTITUTE(SUBSTITUTE(_xlfn.SWITCH(AR61, "ITM_T_HOME", "ITM_UP1", "ITM_T_END", "ITM_DOWN1", "DOCU_CHR_sub", "ITM_DOWN_ARROW", "DOCU_CHR_super", "ITM_UP_ARROW", "MNU_TAMALPHA", "ITM_alpha", "DOCU_CHR_caseFLIP", "ITM_NULL", "DOCU_CHR_numSET", "ITM_NULL", "DOCU_ITM_RADIX", "ITM_PERIOD", AR61), ".lo", ),"MNU_", "-MNU_")} -> ITM_h | BD61: {=SUBSTITUTE(SUBSTITUTE(_xlfn.SWITCH(AS61, "ITM_T_HOME", "ITM_UP1", "ITM_T_END", "ITM_DOWN1", "DOCU_CHR_sub", "ITM_DOWN_ARROW", "DOCU_CHR_super", "ITM_UP_ARROW", "MNU_TAMALPHA", "ITM_alpha", "DOCU_CHR_caseFLIP", "ITM_NULL", "DOCU_CHR_numSET", "ITM_NULL", "DOCU_ITM_RADIX", "ITM_PERIOD", AS61), ".lo", ),"MNU_", "-MNU_")} -> ITM_DELTA | BE61: {=SUBSTITUTE(SUBSTITUTE(_xlfn.SWITCH(AT61, "ITM_T_HOME", "ITM_UP1", "ITM_T_END", "ITM_DOWN1", "DOCU_CHR_sub", "ITM_DOWN_ARROW", "DOCU_CHR_super", "ITM_UP_ARROW", "MNU_TAMALPHA", "ITM_alpha", "DOCU_CHR_caseFLIP", "ITM_NULL", "DOCU_CHR_numSET", "ITM_NULL", "DOCU_ITM_RADIX", "ITM_PERIOD", AT61), ".lo", ),"MNU_", "-MNU_")} -> ITM_REG_H | BI61: =" "&AW61&", "&REPT(" ",$BH$54-LEN(AW61))& AX61&", "&REPT(" ",$BH$54-LEN(AX61))& AY61&", "&REPT(" ",$BH$54-LEN(AY61))& AZ61&", "&REPT(" ",$BH$54-LEN(AZ61))& BA61&", "&REPT(" ",$BH$54-LEN(BA61))& BB61&", "&REPT(" ",$BH$54-LEN(BB61))& BC61&", "&REPT(" ",$BH$54-LEN(BC61))& BD61&", "&REPT(" ",$BH$54-LEN(BD61))& BE61&REPT(" ",$BH$54-LEN(BE61))& "}," -> {32, ITM_RCL, ITM_PC, ITM_DELTAPC, ITM_NULL, ITM_H, ITM_h, ITM_DELTA, ITM_REG_H }, | BL61: =SUBSTITUTE(AR61,".lo","") -> ITM_h | BM61: =SUBSTITUTE(AS61,".lo","") -> ITM_DELTA
C62: =2/10 -> 0.2 | D62: =3/10 -> 0.3 | E62: =4/10 -> 0.4 | G62: =2/10 -> 0.2 | H62: =3/10 -> 0.3 | I62: =4/10 -> 0.4 | J62: =2/10 -> 0.2 | K62: =3/10 -> 0.3 | L62: =4/10 -> 0.4 | M62: =2/10 -> 0.2 | N62: =3/10 -> 0.3 | O62: =4/10 -> 0.4 | P62: =2/10 -> 0.2 | Q62: =3/10 -> 0.3 | R62: =4/10 -> 0.4 | S62: =2/10 -> 0.2 | T62: =3/10 -> 0.3 | U62: =4/10 -> 0.4 | X62: =X61 -> C47 | Y62: 3 | Z62: 3 | AA62: =X62&"."&Y62&Z62 -> C47.33 | AB62: RDN | AC62: pi | AD62: x√y | AF62: I | AG62: =AF62=AH62 -> TRUE | AH62: =INDEX(labelitem,MATCH(AR62,items,0),1) -> i | AI62: =INDEX(labelitem,MATCH(AS62,items,0),1) -> pi | AJ62: =INDEX(labelitem,MATCH(AT62,items,0),1) -> Reg I | AL62: ="{"&Y62*10+Z62 -> {33 | AM62: =VLOOKUP(AB62,labelitem,2,0) -> ITM_Rdown | AN62: =VLOOKUP(AC62,labelitem,2,0) -> ITM_CONSTpi | AO62: =VLOOKUP(AD62,labelitem,2,0) -> ITM_XTHROOT | AP62: =IF(NOT(ISNA(MATCH(AM62,Lookups!E:E,))),VLOOKUP(AM62,Lookups!E:F,2,0), IF(NOT(ISNA(MATCH(AN62,Lookups!E:E,))),VLOOKUP(AN62,Lookups!E:F,2,0), IF(NOT(ISNA(MATCH(AO62,Lookups!E:E,))),VLOOKUP(AO62,Lookups!E:F,2,0),"ITM_NULL"))) -> ITM_NULL | AQ62: =VLOOKUP(AF62,labelitem,2,0) -> ITM_I | AR62: ITM_i.lo | AS62: ITM_pi.lo | AT62: ITM_REG_I | AW62: =AL62 -> {33 | AX62: {=SUBSTITUTE(SUBSTITUTE(_xlfn.SWITCH(AM62, "ITM_T_HOME", "ITM_UP1", "ITM_T_END", "ITM_DOWN1", "DOCU_CHR_sub", "ITM_DOWN_ARROW", "DOCU_CHR_super", "ITM_UP_ARROW", "MNU_TAMALPHA", "ITM_alpha", "DOCU_CHR_caseFLIP", "ITM_NULL", "DOCU_CHR_numSET", "ITM_NULL", "DOCU_ITM_RADIX", "ITM_PERIOD", AM62), ".lo", ),"MNU_", "-MNU_")} -> ITM_Rdown | AY62: {=SUBSTITUTE(SUBSTITUTE(_xlfn.SWITCH(AN62, "ITM_T_HOME", "ITM_UP1", "ITM_T_END", "ITM_DOWN1", "DOCU_CHR_sub", "ITM_DOWN_ARROW", "DOCU_CHR_super", "ITM_UP_ARROW", "MNU_TAMALPHA", "ITM_alpha", "DOCU_CHR_caseFLIP", "ITM_NULL", "DOCU_CHR_numSET", "ITM_NULL", "DOCU_ITM_RADIX", "ITM_PERIOD", AN62), ".lo", ),"MNU_", "-MNU_")} -> ITM_CONSTpi | AZ62: {=SUBSTITUTE(SUBSTITUTE(_xlfn.SWITCH(AO62, "ITM_T_HOME", "ITM_UP1", "ITM_T_END", "ITM_DOWN1", "DOCU_CHR_sub", "ITM_DOWN_ARROW", "DOCU_CHR_super", "ITM_UP_ARROW", "MNU_TAMALPHA", "ITM_alpha", "DOCU_CHR_caseFLIP", "ITM_NULL", "DOCU_CHR_numSET", "ITM_NULL", "DOCU_ITM_RADIX", "ITM_PERIOD", AO62), ".lo", ),"MNU_", "-MNU_")} -> ITM_XTHROOT | BA62: {=SUBSTITUTE(SUBSTITUTE(_xlfn.SWITCH(AP62, "ITM_T_HOME", "ITM_UP1", "ITM_T_END", "ITM_DOWN1", "DOCU_CHR_sub", "ITM_DOWN_ARROW", "DOCU_CHR_super", "ITM_UP_ARROW", "MNU_TAMALPHA", "ITM_alpha", "DOCU_CHR_caseFLIP", "ITM_NULL", "DOCU_CHR_numSET", "ITM_NULL", "DOCU_ITM_RADIX", "ITM_PERIOD", AP62), ".lo", ),"MNU_", "-MNU_")} -> ITM_NULL | BB62: {=SUBSTITUTE(SUBSTITUTE(_xlfn.SWITCH(AQ62, "ITM_T_HOME", "ITM_UP1", "ITM_T_END", "ITM_DOWN1", "DOCU_CHR_sub", "ITM_DOWN_ARROW", "DOCU_CHR_super", "ITM_UP_ARROW", "MNU_TAMALPHA", "ITM_alpha", "DOCU_CHR_caseFLIP", "ITM_NULL", "DOCU_CHR_numSET", "ITM_NULL", "DOCU_ITM_RADIX", "ITM_PERIOD", AQ62), ".lo", ),"MNU_", "-MNU_")} -> ITM_I | BC62: {=SUBSTITUTE(SUBSTITUTE(_xlfn.SWITCH(AR62, "ITM_T_HOME", "ITM_UP1", "ITM_T_END", "ITM_DOWN1", "DOCU_CHR_sub", "ITM_DOWN_ARROW", "DOCU_CHR_super", "ITM_UP_ARROW", "MNU_TAMALPHA", "ITM_alpha", "DOCU_CHR_caseFLIP", "ITM_NULL", "DOCU_CHR_numSET", "ITM_NULL", "DOCU_ITM_RADIX", "ITM_PERIOD", AR62), ".lo", ),"MNU_", "-MNU_")} -> ITM_i | BD62: {=SUBSTITUTE(SUBSTITUTE(_xlfn.SWITCH(AS62, "ITM_T_HOME", "ITM_UP1", "ITM_T_END", "ITM_DOWN1", "DOCU_CHR_sub", "ITM_DOWN_ARROW", "DOCU_CHR_super", "ITM_UP_ARROW", "MNU_TAMALPHA", "ITM_alpha", "DOCU_CHR_caseFLIP", "ITM_NULL", "DOCU_CHR_numSET", "ITM_NULL", "DOCU_ITM_RADIX", "ITM_PERIOD", AS62), ".lo", ),"MNU_", "-MNU_")} -> ITM_pi | BE62: {=SUBSTITUTE(SUBSTITUTE(_xlfn.SWITCH(AT62, "ITM_T_HOME", "ITM_UP1", "ITM_T_END", "ITM_DOWN1", "DOCU_CHR_sub", "ITM_DOWN_ARROW", "DOCU_CHR_super", "ITM_UP_ARROW", "MNU_TAMALPHA", "ITM_alpha", "DOCU_CHR_caseFLIP", "ITM_NULL", "DOCU_CHR_numSET", "ITM_NULL", "DOCU_ITM_RADIX", "ITM_PERIOD", AT62), ".lo", ),"MNU_", "-MNU_")} -> ITM_REG_I | BI62: =" "&AW62&", "&REPT(" ",$BH$54-LEN(AW62))& AX62&", "&REPT(" ",$BH$54-LEN(AX62))& AY62&", "&REPT(" ",$BH$54-LEN(AY62))& AZ62&", "&REPT(" ",$BH$54-LEN(AZ62))& BA62&", "&REPT(" ",$BH$54-LEN(BA62))& BB62&", "&REPT(" ",$BH$54-LEN(BB62))& BC62&", "&REPT(" ",$BH$54-LEN(BC62))& BD62&", "&REPT(" ",$BH$54-LEN(BD62))& BE62&REPT(" ",$BH$54-LEN(BE62))& "}," -> {33, ITM_Rdown, ITM_CONSTpi, ITM_XTHROOT, ITM_NULL, ITM_I, ITM_i, ITM_pi, ITM_REG_I }, | BL62: =SUBSTITUTE(AR62,".lo","") -> ITM_i | BM62: =SUBSTITUTE(AS62,".lo","") -> ITM_pi
C63: 1 | D63: 1 | E63: 1 | G63: 2 | H63: 2 | I63: 2 | J63: 3 | K63: 3 | L63: 3 | M63: 4 | N63: 4 | O63: 4 | P63: 5 | Q63: 5 | R63: 5 | S63: 6 | T63: 6 | U63: 6 | X63: =X62 -> C47 | Y63: 3 | Z63: 4 | AA63: =X63&"."&Y63&Z63 -> C47.34 | AB63: SIN | AC63: ASIN | AD63: op_i | AF63: J | AG63: =AF63=AH63 -> TRUE | AH63: =INDEX(labelitem,MATCH(AR63,items,0),1) -> j | AI63: =INDEX(labelitem,MATCH(AS63,items,0),1) -> SIN | AJ63: =INDEX(labelitem,MATCH(AT63,items,0),1) -> Reg J | AL63: ="{"&Y63*10+Z63 -> {34 | AM63: =VLOOKUP(AB63,labelitem,2,0) -> ITM_sin | AN63: =VLOOKUP(AC63,labelitem,2,0) -> ITM_arcsin | AO63: =VLOOKUP(AD63,labelitem,2,0) -> ITM_op_j | AP63: =IF(NOT(ISNA(MATCH(AM63,Lookups!E:E,))),VLOOKUP(AM63,Lookups!E:F,2,0), IF(NOT(ISNA(MATCH(AN63,Lookups!E:E,))),VLOOKUP(AN63,Lookups!E:F,2,0), IF(NOT(ISNA(MATCH(AO63,Lookups!E:E,))),VLOOKUP(AO63,Lookups!E:F,2,0),"ITM_NULL"))) -> ITM_NULL | AQ63: =VLOOKUP(AF63,labelitem,2,0) -> ITM_J | AR63: ITM_j.lo | AS63: ITM_SIN_SIGN | AT63: ITM_REG_J | AW63: =AL63 -> {34 | AX63: {=SUBSTITUTE(SUBSTITUTE(_xlfn.SWITCH(AM63, "ITM_T_HOME", "ITM_UP1", "ITM_T_END", "ITM_DOWN1", "DOCU_CHR_sub", "ITM_DOWN_ARROW", "DOCU_CHR_super", "ITM_UP_ARROW", "MNU_TAMALPHA", "ITM_alpha", "DOCU_CHR_caseFLIP", "ITM_NULL", "DOCU_CHR_numSET", "ITM_NULL", "DOCU_ITM_RADIX", "ITM_PERIOD", AM63), ".lo", ),"MNU_", "-MNU_")} -> ITM_sin | AY63: {=SUBSTITUTE(SUBSTITUTE(_xlfn.SWITCH(AN63, "ITM_T_HOME", "ITM_UP1", "ITM_T_END", "ITM_DOWN1", "DOCU_CHR_sub", "ITM_DOWN_ARROW", "DOCU_CHR_super", "ITM_UP_ARROW", "MNU_TAMALPHA", "ITM_alpha", "DOCU_CHR_caseFLIP", "ITM_NULL", "DOCU_CHR_numSET", "ITM_NULL", "DOCU_ITM_RADIX", "ITM_PERIOD", AN63), ".lo", ),"MNU_", "-MNU_")} -> ITM_arcsin | AZ63: {=SUBSTITUTE(SUBSTITUTE(_xlfn.SWITCH(AO63, "ITM_T_HOME", "ITM_UP1", "ITM_T_END", "ITM_DOWN1", "DOCU_CHR_sub", "ITM_DOWN_ARROW", "DOCU_CHR_super", "ITM_UP_ARROW", "MNU_TAMALPHA", "ITM_alpha", "DOCU_CHR_caseFLIP", "ITM_NULL", "DOCU_CHR_numSET", "ITM_NULL", "DOCU_ITM_RADIX", "ITM_PERIOD", AO63), ".lo", ),"MNU_", "-MNU_")} -> ITM_op_j | BA63: {=SUBSTITUTE(SUBSTITUTE(_xlfn.SWITCH(AP63, "ITM_T_HOME", "ITM_UP1", "ITM_T_END", "ITM_DOWN1", "DOCU_CHR_sub", "ITM_DOWN_ARROW", "DOCU_CHR_super", "ITM_UP_ARROW", "MNU_TAMALPHA", "ITM_alpha", "DOCU_CHR_caseFLIP", "ITM_NULL", "DOCU_CHR_numSET", "ITM_NULL", "DOCU_ITM_RADIX", "ITM_PERIOD", AP63), ".lo", ),"MNU_", "-MNU_")} -> ITM_NULL | BB63: {=SUBSTITUTE(SUBSTITUTE(_xlfn.SWITCH(AQ63, "ITM_T_HOME", "ITM_UP1", "ITM_T_END", "ITM_DOWN1", "DOCU_CHR_sub", "ITM_DOWN_ARROW", "DOCU_CHR_super", "ITM_UP_ARROW", "MNU_TAMALPHA", "ITM_alpha", "DOCU_CHR_caseFLIP", "ITM_NULL", "DOCU_CHR_numSET", "ITM_NULL", "DOCU_ITM_RADIX", "ITM_PERIOD", AQ63), ".lo", ),"MNU_", "-MNU_")} -> ITM_J | BC63: {=SUBSTITUTE(SUBSTITUTE(_xlfn.SWITCH(AR63, "ITM_T_HOME", "ITM_UP1", "ITM_T_END", "ITM_DOWN1", "DOCU_CHR_sub", "ITM_DOWN_ARROW", "DOCU_CHR_super", "ITM_UP_ARROW", "MNU_TAMALPHA", "ITM_alpha", "DOCU_CHR_caseFLIP", "ITM_NULL", "DOCU_CHR_numSET", "ITM_NULL", "DOCU_ITM_RADIX", "ITM_PERIOD", AR63), ".lo", ),"MNU_", "-MNU_")} -> ITM_j | BD63: {=SUBSTITUTE(SUBSTITUTE(_xlfn.SWITCH(AS63, "ITM_T_HOME", "ITM_UP1", "ITM_T_END", "ITM_DOWN1", "DOCU_CHR_sub", "ITM_DOWN_ARROW", "DOCU_CHR_super", "ITM_UP_ARROW", "MNU_TAMALPHA", "ITM_alpha", "DOCU_CHR_caseFLIP", "ITM_NULL", "DOCU_CHR_numSET", "ITM_NULL", "DOCU_ITM_RADIX", "ITM_PERIOD", AS63), ".lo", ),"MNU_", "-MNU_")} -> ITM_SIN_SIGN | BE63: {=SUBSTITUTE(SUBSTITUTE(_xlfn.SWITCH(AT63, "ITM_T_HOME", "ITM_UP1", "ITM_T_END", "ITM_DOWN1", "DOCU_CHR_sub", "ITM_DOWN_ARROW", "DOCU_CHR_super", "ITM_UP_ARROW", "MNU_TAMALPHA", "ITM_alpha", "DOCU_CHR_caseFLIP", "ITM_NULL", "DOCU_CHR_numSET", "ITM_NULL", "DOCU_ITM_RADIX", "ITM_PERIOD", AT63), ".lo", ),"MNU_", "-MNU_")} -> ITM_REG_J | BI63: =" "&AW63&", "&REPT(" ",$BH$54-LEN(AW63))& AX63&", "&REPT(" ",$BH$54-LEN(AX63))& AY63&", "&REPT(" ",$BH$54-LEN(AY63))& AZ63&", "&REPT(" ",$BH$54-LEN(AZ63))& BA63&", "&REPT(" ",$BH$54-LEN(BA63))& BB63&", "&REPT(" ",$BH$54-LEN(BB63))& BC63&", "&REPT(" ",$BH$54-LEN(BC63))& BD63&", "&REPT(" ",$BH$54-LEN(BD63))& BE63&REPT(" ",$BH$54-LEN(BE63))& "}," -> {34, ITM_sin, ITM_arcsin, ITM_op_j, ITM_NULL, ITM_J, ITM_j, ITM_SIN_SIGN, ITM_REG_J }, | BL63: =SUBSTITUTE(AR63,".lo","") -> ITM_j | BM63: =SUBSTITUTE(AS63,".lo","") -> ITM_SIN_SIGN
B64: 30 | C64: =layout&"."&$B64+C63+C62 -> C47.31,2 | D64: =layout&"."&$B64+D63+D62 -> C47.31,3 | G64: =layout&"."&$B64+G63+G62 -> C47.32,2 | H64: =layout&"."&$B64+H63+H62 -> C47.32,3 | J64: =layout&"."&$B64+J63+J62 -> C47.33,2 | K64: =layout&"."&$B64+K63+K62 -> C47.33,3 | M64: =layout&"."&$B64+M63+M62 -> C47.34,2 | N64: =layout&"."&$B64+N63+N62 -> C47.34,3 | P64: =layout&"."&$B64+P63+P62 -> C47.35,2 | Q64: =layout&"."&$B64+Q63+Q62 -> C47.35,3 | S64: =layout&"."&$B64+S63+S62 -> C47.36,2 | T64: =layout&"."&$B64+T63+T62 -> C47.36,3 | X64: =X63 -> C47 | Y64: 3 | Z64: 5 | AA64: =X64&"."&Y64&Z64 -> C47.35 | AB64: COS | AC64: ACOS | AD64: ->R | AF64: K | AG64: =AF64=AH64 -> TRUE | AH64: =INDEX(labelitem,MATCH(AR64,items,0),1) -> k | AI64: =INDEX(labelitem,MATCH(AS64,items,0),1) -> COS | AJ64: =INDEX(labelitem,MATCH(AT64,items,0),1) -> Reg K | AL64: ="{"&Y64*10+Z64 -> {35 | AM64: =VLOOKUP(AB64,labelitem,2,0) -> ITM_cos | AN64: =VLOOKUP(AC64,labelitem,2,0) -> ITM_arccos | AO64: =VLOOKUP(AD64,labelitem,2,0) -> ITM_toREC2 | AP64: =IF(NOT(ISNA(MATCH(AM64,Lookups!E:E,))),VLOOKUP(AM64,Lookups!E:F,2,0), IF(NOT(ISNA(MATCH(AN64,Lookups!E:E,))),VLOOKUP(AN64,Lookups!E:F,2,0), IF(NOT(ISNA(MATCH(AO64,Lookups!E:E,))),VLOOKUP(AO64,Lookups!E:F,2,0),"ITM_NULL"))) -> ITM_NULL | AQ64: =VLOOKUP(AF64,labelitem,2,0) -> ITM_K | AR64: ITM_k.lo | AS64: ITM_COS_SIGN | AT64: ITM_REG_K | AW64: =AL64 -> {35 | AX64: {=SUBSTITUTE(SUBSTITUTE(_xlfn.SWITCH(AM64, "ITM_T_HOME", "ITM_UP1", "ITM_T_END", "ITM_DOWN1", "DOCU_CHR_sub", "ITM_DOWN_ARROW", "DOCU_CHR_super", "ITM_UP_ARROW", "MNU_TAMALPHA", "ITM_alpha", "DOCU_CHR_caseFLIP", "ITM_NULL", "DOCU_CHR_numSET", "ITM_NULL", "DOCU_ITM_RADIX", "ITM_PERIOD", AM64), ".lo", ),"MNU_", "-MNU_")} -> ITM_cos | AY64: {=SUBSTITUTE(SUBSTITUTE(_xlfn.SWITCH(AN64, "ITM_T_HOME", "ITM_UP1", "ITM_T_END", "ITM_DOWN1", "DOCU_CHR_sub", "ITM_DOWN_ARROW", "DOCU_CHR_super", "ITM_UP_ARROW", "MNU_TAMALPHA", "ITM_alpha", "DOCU_CHR_caseFLIP", "ITM_NULL", "DOCU_CHR_numSET", "ITM_NULL", "DOCU_ITM_RADIX", "ITM_PERIOD", AN64), ".lo", ),"MNU_", "-MNU_")} -> ITM_arccos | AZ64: {=SUBSTITUTE(SUBSTITUTE(_xlfn.SWITCH(AO64, "ITM_T_HOME", "ITM_UP1", "ITM_T_END", "ITM_DOWN1", "DOCU_CHR_sub", "ITM_DOWN_ARROW", "DOCU_CHR_super", "ITM_UP_ARROW", "MNU_TAMALPHA", "ITM_alpha", "DOCU_CHR_caseFLIP", "ITM_NULL", "DOCU_CHR_numSET", "ITM_NULL", "DOCU_ITM_RADIX", "ITM_PERIOD", AO64), ".lo", ),"MNU_", "-MNU_")} -> ITM_toREC2 | BA64: {=SUBSTITUTE(SUBSTITUTE(_xlfn.SWITCH(AP64, "ITM_T_HOME", "ITM_UP1", "ITM_T_END", "ITM_DOWN1", "DOCU_CHR_sub", "ITM_DOWN_ARROW", "DOCU_CHR_super", "ITM_UP_ARROW", "MNU_TAMALPHA", "ITM_alpha", "DOCU_CHR_caseFLIP", "ITM_NULL", "DOCU_CHR_numSET", "ITM_NULL", "DOCU_ITM_RADIX", "ITM_PERIOD", AP64), ".lo", ),"MNU_", "-MNU_")} -> ITM_NULL | BB64: {=SUBSTITUTE(SUBSTITUTE(_xlfn.SWITCH(AQ64, "ITM_T_HOME", "ITM_UP1", "ITM_T_END", "ITM_DOWN1", "DOCU_CHR_sub", "ITM_DOWN_ARROW", "DOCU_CHR_super", "ITM_UP_ARROW", "MNU_TAMALPHA", "ITM_alpha", "DOCU_CHR_caseFLIP", "ITM_NULL", "DOCU_CHR_numSET", "ITM_NULL", "DOCU_ITM_RADIX", "ITM_PERIOD", AQ64), ".lo", ),"MNU_", "-MNU_")} -> ITM_K | BC64: {=SUBSTITUTE(SUBSTITUTE(_xlfn.SWITCH(AR64, "ITM_T_HOME", "ITM_UP1", "ITM_T_END", "ITM_DOWN1", "DOCU_CHR_sub", "ITM_DOWN_ARROW", "DOCU_CHR_super", "ITM_UP_ARROW", "MNU_TAMALPHA", "ITM_alpha", "DOCU_CHR_caseFLIP", "ITM_NULL", "DOCU_CHR_numSET", "ITM_NULL", "DOCU_ITM_RADIX", "ITM_PERIOD", AR64), ".lo", ),"MNU_", "-MNU_")} -> ITM_k | BD64: {=SUBSTITUTE(SUBSTITUTE(_xlfn.SWITCH(AS64, "ITM_T_HOME", "ITM_UP1", "ITM_T_END", "ITM_DOWN1", "DOCU_CHR_sub", "ITM_DOWN_ARROW", "DOCU_CHR_super", "ITM_UP_ARROW", "MNU_TAMALPHA", "ITM_alpha", "DOCU_CHR_caseFLIP", "ITM_NULL", "DOCU_CHR_numSET", "ITM_NULL", "DOCU_ITM_RADIX", "ITM_PERIOD", AS64), ".lo", ),"MNU_", "-MNU_")} -> ITM_COS_SIGN | BE64: {=SUBSTITUTE(SUBSTITUTE(_xlfn.SWITCH(AT64, "ITM_T_HOME", "ITM_UP1", "ITM_T_END", "ITM_DOWN1", "DOCU_CHR_sub", "ITM_DOWN_ARROW", "DOCU_CHR_super", "ITM_UP_ARROW", "MNU_TAMALPHA", "ITM_alpha", "DOCU_CHR_caseFLIP", "ITM_NULL", "DOCU_CHR_numSET", "ITM_NULL", "DOCU_ITM_RADIX", "ITM_PERIOD", AT64), ".lo", ),"MNU_", "-MNU_")} -> ITM_REG_K | BI64: =" "&AW64&", "&REPT(" ",$BH$54-LEN(AW64))& AX64&", "&REPT(" ",$BH$54-LEN(AX64))& AY64&", "&REPT(" ",$BH$54-LEN(AY64))& AZ64&", "&REPT(" ",$BH$54-LEN(AZ64))& BA64&", "&REPT(" ",$BH$54-LEN(BA64))& BB64&", "&REPT(" ",$BH$54-LEN(BB64))& BC64&", "&REPT(" ",$BH$54-LEN(BC64))& BD64&", "&REPT(" ",$BH$54-LEN(BD64))& BE64&REPT(" ",$BH$54-LEN(BE64))& "}," -> {35, ITM_cos, ITM_arccos, ITM_toREC2, ITM_NULL, ITM_K, ITM_k, ITM_COS_SIGN, ITM_REG_K }, | BL64: =SUBSTITUTE(AR64,".lo","") -> ITM_k | BM64: =SUBSTITUTE(AS64,".lo","") -> ITM_COS_SIGN
A65: 0.1 | B65: 30 | C65: =layout&"."&$B67+C63+$A65 -> C47.31,1 | E65: =layout&"."&$B65+E63+E62 -> C47.31,4 | G65: =layout&"."&$B67+G63+$A65 -> C47.32,1 | I65: =layout&"."&$B65+I63+I62 -> C47.32,4 | J65: =layout&"."&$B67+J63+$A65 -> C47.33,1 | L65: =layout&"."&$B65+L63+L62 -> C47.33,4 | M65: =layout&"."&$B67+M63+$A65 -> C47.34,1 | O65: =layout&"."&$B65+O63+O62 -> C47.34,4 | P65: =layout&"."&$B67+P63+$A65 -> C47.35,1 | R65: =layout&"."&$B65+R63+R62 -> C47.35,4 | S65: =layout&"."&$B67+S63+$A65 -> C47.36,1 | U65: =layout&"."&$B65+U63+U62 -> C47.36,4 | X65: =X64 -> C47 | Y65: 3 | Z65: 6 | AA65: =X65&"."&Y65&Z65 -> C47.36 | AB65: TAN | AC65: ATAN | AD65: ->P | AF65: L | AG65: =AF65=AH65 -> TRUE | AH65: =INDEX(labelitem,MATCH(AR65,items,0),1) -> l | AI65: =INDEX(labelitem,MATCH(AS65,items,0),1) -> TAN | AJ65: =INDEX(labelitem,MATCH(AT65,items,0),1) -> Reg L | AL65: ="{"&Y65*10+Z65 -> {36 | AM65: =VLOOKUP(AB65,labelitem,2,0) -> ITM_tan | AN65: =VLOOKUP(AC65,labelitem,2,0) -> ITM_arctan | AO65: =VLOOKUP(AD65,labelitem,2,0) -> ITM_toPOL2 | AP65: =IF(NOT(ISNA(MATCH(AM65,Lookups!E:E,))),VLOOKUP(AM65,Lookups!E:F,2,0), IF(NOT(ISNA(MATCH(AN65,Lookups!E:E,))),VLOOKUP(AN65,Lookups!E:F,2,0), IF(NOT(ISNA(MATCH(AO65,Lookups!E:E,))),VLOOKUP(AO65,Lookups!E:F,2,0),"ITM_NULL"))) -> ITM_NULL | AQ65: =VLOOKUP(AF65,labelitem,2,0) -> ITM_L | AR65: ITM_l.lo | AS65: ITM_TAN_SIGN | AT65: ITM_REG_L | AW65: =AL65 -> {36 | AX65: {=SUBSTITUTE(SUBSTITUTE(_xlfn.SWITCH(AM65, "ITM_T_HOME", "ITM_UP1", "ITM_T_END", "ITM_DOWN1", "DOCU_CHR_sub", "ITM_DOWN_ARROW", "DOCU_CHR_super", "ITM_UP_ARROW", "MNU_TAMALPHA", "ITM_alpha", "DOCU_CHR_caseFLIP", "ITM_NULL", "DOCU_CHR_numSET", "ITM_NULL", "DOCU_ITM_RADIX", "ITM_PERIOD", AM65), ".lo", ),"MNU_", "-MNU_")} -> ITM_tan | AY65: {=SUBSTITUTE(SUBSTITUTE(_xlfn.SWITCH(AN65, "ITM_T_HOME", "ITM_UP1", "ITM_T_END", "ITM_DOWN1", "DOCU_CHR_sub", "ITM_DOWN_ARROW", "DOCU_CHR_super", "ITM_UP_ARROW", "MNU_TAMALPHA", "ITM_alpha", "DOCU_CHR_caseFLIP", "ITM_NULL", "DOCU_CHR_numSET", "ITM_NULL", "DOCU_ITM_RADIX", "ITM_PERIOD", AN65), ".lo", ),"MNU_", "-MNU_")} -> ITM_arctan | AZ65: {=SUBSTITUTE(SUBSTITUTE(_xlfn.SWITCH(AO65, "ITM_T_HOME", "ITM_UP1", "ITM_T_END", "ITM_DOWN1", "DOCU_CHR_sub", "ITM_DOWN_ARROW", "DOCU_CHR_super", "ITM_UP_ARROW", "MNU_TAMALPHA", "ITM_alpha", "DOCU_CHR_caseFLIP", "ITM_NULL", "DOCU_CHR_numSET", "ITM_NULL", "DOCU_ITM_RADIX", "ITM_PERIOD", AO65), ".lo", ),"MNU_", "-MNU_")} -> ITM_toPOL2 | BA65: {=SUBSTITUTE(SUBSTITUTE(_xlfn.SWITCH(AP65, "ITM_T_HOME", "ITM_UP1", "ITM_T_END", "ITM_DOWN1", "DOCU_CHR_sub", "ITM_DOWN_ARROW", "DOCU_CHR_super", "ITM_UP_ARROW", "MNU_TAMALPHA", "ITM_alpha", "DOCU_CHR_caseFLIP", "ITM_NULL", "DOCU_CHR_numSET", "ITM_NULL", "DOCU_ITM_RADIX", "ITM_PERIOD", AP65), ".lo", ),"MNU_", "-MNU_")} -> ITM_NULL | BB65: {=SUBSTITUTE(SUBSTITUTE(_xlfn.SWITCH(AQ65, "ITM_T_HOME", "ITM_UP1", "ITM_T_END", "ITM_DOWN1", "DOCU_CHR_sub", "ITM_DOWN_ARROW", "DOCU_CHR_super", "ITM_UP_ARROW", "MNU_TAMALPHA", "ITM_alpha", "DOCU_CHR_caseFLIP", "ITM_NULL", "DOCU_CHR_numSET", "ITM_NULL", "DOCU_ITM_RADIX", "ITM_PERIOD", AQ65), ".lo", ),"MNU_", "-MNU_")} -> ITM_L | BC65: {=SUBSTITUTE(SUBSTITUTE(_xlfn.SWITCH(AR65, "ITM_T_HOME", "ITM_UP1", "ITM_T_END", "ITM_DOWN1", "DOCU_CHR_sub", "ITM_DOWN_ARROW", "DOCU_CHR_super", "ITM_UP_ARROW", "MNU_TAMALPHA", "ITM_alpha", "DOCU_CHR_caseFLIP", "ITM_NULL", "DOCU_CHR_numSET", "ITM_NULL", "DOCU_ITM_RADIX", "ITM_PERIOD", AR65), ".lo", ),"MNU_", "-MNU_")} -> ITM_l | BD65: {=SUBSTITUTE(SUBSTITUTE(_xlfn.SWITCH(AS65, "ITM_T_HOME", "ITM_UP1", "ITM_T_END", "ITM_DOWN1", "DOCU_CHR_sub", "ITM_DOWN_ARROW", "DOCU_CHR_super", "ITM_UP_ARROW", "MNU_TAMALPHA", "ITM_alpha", "DOCU_CHR_caseFLIP", "ITM_NULL", "DOCU_CHR_numSET", "ITM_NULL", "DOCU_ITM_RADIX", "ITM_PERIOD", AS65), ".lo", ),"MNU_", "-MNU_")} -> ITM_TAN_SIGN | BE65: {=SUBSTITUTE(SUBSTITUTE(_xlfn.SWITCH(AT65, "ITM_T_HOME", "ITM_UP1", "ITM_T_END", "ITM_DOWN1", "DOCU_CHR_sub", "ITM_DOWN_ARROW", "DOCU_CHR_super", "ITM_UP_ARROW", "MNU_TAMALPHA", "ITM_alpha", "DOCU_CHR_caseFLIP", "ITM_NULL", "DOCU_CHR_numSET", "ITM_NULL", "DOCU_ITM_RADIX", "ITM_PERIOD", AT65), ".lo", ),"MNU_", "-MNU_")} -> ITM_REG_L | BI65: =" "&AW65&", "&REPT(" ",$BH$54-LEN(AW65))& AX65&", "&REPT(" ",$BH$54-LEN(AX65))& AY65&", "&REPT(" ",$BH$54-LEN(AY65))& AZ65&", "&REPT(" ",$BH$54-LEN(AZ65))& BA65&", "&REPT(" ",$BH$54-LEN(BA65))& BB65&", "&REPT(" ",$BH$54-LEN(BB65))& BC65&", "&REPT(" ",$BH$54-LEN(BC65))& BD65&", "&REPT(" ",$BH$54-LEN(BD65))& BE65&REPT(" ",$BH$54-LEN(BE65))& "}," -> {36, ITM_tan, ITM_arctan, ITM_toPOL2, ITM_NULL, ITM_L, ITM_l, ITM_TAN_SIGN, ITM_REG_L }, | BL65: =SUBSTITUTE(AR65,".lo","") -> ITM_l | BM65: =SUBSTITUTE(AS65,".lo","") -> ITM_TAN_SIGN
A66: 0.1 | B66: 30 | E66: =layout&"."&$B66+E65+E64 -> #VALUE! | I66: =layout&"."&$B66+I65+I64 -> #VALUE! | L66: =layout&"."&$B66+L65+L64 -> #VALUE! | O66: =layout&"."&$B66+O65+O64 -> #VALUE! | R66: =layout&"."&$B66+R65+R64 -> #VALUE! | U66: =layout&"."&$B66+U65+U64 -> #VALUE! | X66: =X65 -> C47 | Y66: 4 | Z66: 1 | AA66: =X66&"."&Y66&Z66 -> C47.41 | AB66: ENTER | AC66: COMPLEX | AD66: [ CPX ] | AF66: ENTER | AG66: =AF66=AH66 -> FALSE | AH66: =INDEX(labelitem,MATCH(AR66,items,0),1) -> X.SWAP | AI66: =INDEX(labelitem,MATCH(AS66,items,0),1) -> a.PARSE | AJ66: =INDEX(labelitem,MATCH(AT66,items,0),1) -> ENTER | AL66: ="{"&Y66*10+Z66 -> {41 | AM66: =VLOOKUP(AB66,labelitem,2,0) -> ITM_ENTER | AN66: =VLOOKUP(AC66,labelitem,2,0) -> KEY_COMPLEX | AO66: =VLOOKUP(AD66,labelitem,2,0) -> MNU_CPX | AP66: =IF(NOT(ISNA(MATCH(AM66,Lookups!E:E,))),VLOOKUP(AM66,Lookups!E:F,2,0), IF(NOT(ISNA(MATCH(AN66,Lookups!E:E,))),VLOOKUP(AN66,Lookups!E:F,2,0), IF(NOT(ISNA(MATCH(AO66,Lookups!E:E,))),VLOOKUP(AO66,Lookups!E:F,2,0),"ITM_NULL"))) -> ITM_ENTER | AQ66: =VLOOKUP(AF66,labelitem,2,0) -> ITM_ENTER | AR66: ITM_XSWAP | AS66: ITM_XPARSE | AT66: ITM_ENTER | AW66: =AL66 -> {41 | AX66: {=SUBSTITUTE(SUBSTITUTE(_xlfn.SWITCH(AM66, "ITM_T_HOME", "ITM_UP1", "ITM_T_END", "ITM_DOWN1", "DOCU_CHR_sub", "ITM_DOWN_ARROW", "DOCU_CHR_super", "ITM_UP_ARROW", "MNU_TAMALPHA", "ITM_alpha", "DOCU_CHR_caseFLIP", "ITM_NULL", "DOCU_CHR_numSET", "ITM_NULL", "DOCU_ITM_RADIX", "ITM_PERIOD", AM66), ".lo", ),"MNU_", "-MNU_")} -> ITM_ENTER | AY66: {=SUBSTITUTE(SUBSTITUTE(_xlfn.SWITCH(AN66, "ITM_T_HOME", "ITM_UP1", "ITM_T_END", "ITM_DOWN1", "DOCU_CHR_sub", "ITM_DOWN_ARROW", "DOCU_CHR_super", "ITM_UP_ARROW", "MNU_TAMALPHA", "ITM_alpha", "DOCU_CHR_caseFLIP", "ITM_NULL", "DOCU_CHR_numSET", "ITM_NULL", "DOCU_ITM_RADIX", "ITM_PERIOD", AN66), ".lo", ),"MNU_", "-MNU_")} -> KEY_COMPLEX | AZ66: {=SUBSTITUTE(SUBSTITUTE(_xlfn.SWITCH(AO66, "ITM_T_HOME", "ITM_UP1", "ITM_T_END", "ITM_DOWN1", "DOCU_CHR_sub", "ITM_DOWN_ARROW", "DOCU_CHR_super", "ITM_UP_ARROW", "MNU_TAMALPHA", "ITM_alpha", "DOCU_CHR_caseFLIP", "ITM_NULL", "DOCU_CHR_numSET", "ITM_NULL", "DOCU_ITM_RADIX", "ITM_PERIOD", AO66), ".lo", ),"MNU_", "-MNU_")} -> -MNU_CPX | BA66: {=SUBSTITUTE(SUBSTITUTE(_xlfn.SWITCH(AP66, "ITM_T_HOME", "ITM_UP1", "ITM_T_END", "ITM_DOWN1", "DOCU_CHR_sub", "ITM_DOWN_ARROW", "DOCU_CHR_super", "ITM_UP_ARROW", "MNU_TAMALPHA", "ITM_alpha", "DOCU_CHR_caseFLIP", "ITM_NULL", "DOCU_CHR_numSET", "ITM_NULL", "DOCU_ITM_RADIX", "ITM_PERIOD", AP66), ".lo", ),"MNU_", "-MNU_")} -> ITM_ENTER | BB66: {=SUBSTITUTE(SUBSTITUTE(_xlfn.SWITCH(AQ66, "ITM_T_HOME", "ITM_UP1", "ITM_T_END", "ITM_DOWN1", "DOCU_CHR_sub", "ITM_DOWN_ARROW", "DOCU_CHR_super", "ITM_UP_ARROW", "MNU_TAMALPHA", "ITM_alpha", "DOCU_CHR_caseFLIP", "ITM_NULL", "DOCU_CHR_numSET", "ITM_NULL", "DOCU_ITM_RADIX", "ITM_PERIOD", AQ66), ".lo", ),"MNU_", "-MNU_")} -> ITM_ENTER | BC66: {=SUBSTITUTE(SUBSTITUTE(_xlfn.SWITCH(AR66, "ITM_T_HOME", "ITM_UP1", "ITM_T_END", "ITM_DOWN1", "DOCU_CHR_sub", "ITM_DOWN_ARROW", "DOCU_CHR_super", "ITM_UP_ARROW", "MNU_TAMALPHA", "ITM_alpha", "DOCU_CHR_caseFLIP", "ITM_NULL", "DOCU_CHR_numSET", "ITM_NULL", "DOCU_ITM_RADIX", "ITM_PERIOD", AR66), ".lo", ),"MNU_", "-MNU_")} -> ITM_XSWAP | BD66: {=SUBSTITUTE(SUBSTITUTE(_xlfn.SWITCH(AS66, "ITM_T_HOME", "ITM_UP1", "ITM_T_END", "ITM_DOWN1", "DOCU_CHR_sub", "ITM_DOWN_ARROW", "DOCU_CHR_super", "ITM_UP_ARROW", "MNU_TAMALPHA", "ITM_alpha", "DOCU_CHR_caseFLIP", "ITM_NULL", "DOCU_CHR_numSET", "ITM_NULL", "DOCU_ITM_RADIX", "ITM_PERIOD", AS66), ".lo", ),"MNU_", "-MNU_")} -> ITM_XPARSE | BE66: {=SUBSTITUTE(SUBSTITUTE(_xlfn.SWITCH(AT66, "ITM_T_HOME", "ITM_UP1", "ITM_T_END", "ITM_DOWN1", "DOCU_CHR_sub", "ITM_DOWN_ARROW", "DOCU_CHR_super", "ITM_UP_ARROW", "MNU_TAMALPHA", "ITM_alpha", "DOCU_CHR_caseFLIP", "ITM_NULL", "DOCU_CHR_numSET", "ITM_NULL", "DOCU_ITM_RADIX", "ITM_PERIOD", AT66), ".lo", ),"MNU_", "-MNU_")} -> ITM_ENTER | BI66: =" "&AW66&", "&REPT(" ",$BH$54-LEN(AW66))& AX66&", "&REPT(" ",$BH$54-LEN(AX66))& AY66&", "&REPT(" ",$BH$54-LEN(AY66))& AZ66&", "&REPT(" ",$BH$54-LEN(AZ66))& BA66&", "&REPT(" ",$BH$54-LEN(BA66))& BB66&", "&REPT(" ",$BH$54-LEN(BB66))& BC66&", "&REPT(" ",$BH$54-LEN(BC66))& BD66&", "&REPT(" ",$BH$54-LEN(BD66))& BE66&REPT(" ",$BH$54-LEN(BE66))& "}," -> {41, ITM_ENTER, KEY_COMPLEX, -MNU_CPX, ITM_ENTER, ITM_ENTER, ITM_XSWAP, ITM_XPARSE, ITM_ENTER }, | BL66: =SUBSTITUTE(AR66,".lo","") -> ITM_XSWAP | BM66: =SUBSTITUTE(AS66,".lo","") -> ITM_XPARSE
A67: 0.1 | B67: 30 | E67: =layout&"."&$B67+E66+E65 -> #VALUE! | I67: =layout&"."&$B67+I66+I65 -> #VALUE! | L67: =layout&"."&$B67+L66+L65 -> #VALUE! | O67: =layout&"."&$B67+O66+O65 -> #VALUE! | R67: =layout&"."&$B67+R66+R65 -> #VALUE! | U67: =layout&"."&$B67+U66+U65 -> #VALUE! | X67: =X66 -> C47 | Y67: 4 | Z67: 2 | AA67: =X67&"."&Y67&Z67 -> C47.42 | AB67: x <> y | AC67: LASTx | AD67: [ STK ] | AF67: M | AG67: =AF67=AH67 -> TRUE | AH67: =INDEX(labelitem,MATCH(AR67,items,0),1) -> m | AI67: =INDEX(labelitem,MATCH(AS67,items,0),1) -> <> | AJ67: =INDEX(labelitem,MATCH(AT67,items,0),1) -> Reg M | AL67: ="{"&Y67*10+Z67 -> {42 | AM67: =VLOOKUP(AB67,labelitem,2,0) -> ITM_XexY | AN67: =VLOOKUP(AC67,labelitem,2,0) -> ITM_LASTX | AO67: =VLOOKUP(AD67,labelitem,2,0) -> MNU_STK | AP67: =IF(NOT(ISNA(MATCH(AM67,Lookups!E:E,))),VLOOKUP(AM67,Lookups!E:F,2,0), IF(NOT(ISNA(MATCH(AN67,Lookups!E:E,))),VLOOKUP(AN67,Lookups!E:F,2,0), IF(NOT(ISNA(MATCH(AO67,Lookups!E:E,))),VLOOKUP(AO67,Lookups!E:F,2,0),"ITM_NULL"))) -> ITM_ex | AQ67: =VLOOKUP(AF67,labelitem,2,0) -> ITM_M | AR67: ITM_m.lo | AS67: ITM_ex | AT67: ITM_REG_M | AW67: =AL67 -> {42 | AX67: {=SUBSTITUTE(SUBSTITUTE(_xlfn.SWITCH(AM67, "ITM_T_HOME", "ITM_UP1", "ITM_T_END", "ITM_DOWN1", "DOCU_CHR_sub", "ITM_DOWN_ARROW", "DOCU_CHR_super", "ITM_UP_ARROW", "MNU_TAMALPHA", "ITM_alpha", "DOCU_CHR_caseFLIP", "ITM_NULL", "DOCU_CHR_numSET", "ITM_NULL", "DOCU_ITM_RADIX", "ITM_PERIOD", AM67), ".lo", ),"MNU_", "-MNU_")} -> ITM_XexY | AY67: {=SUBSTITUTE(SUBSTITUTE(_xlfn.SWITCH(AN67, "ITM_T_HOME", "ITM_UP1", "ITM_T_END", "ITM_DOWN1", "DOCU_CHR_sub", "ITM_DOWN_ARROW", "DOCU_CHR_super", "ITM_UP_ARROW", "MNU_TAMALPHA", "ITM_alpha", "DOCU_CHR_caseFLIP", "ITM_NULL", "DOCU_CHR_numSET", "ITM_NULL", "DOCU_ITM_RADIX", "ITM_PERIOD", AN67), ".lo", ),"MNU_", "-MNU_")} -> ITM_LASTX | AZ67: {=SUBSTITUTE(SUBSTITUTE(_xlfn.SWITCH(AO67, "ITM_T_HOME", "ITM_UP1", "ITM_T_END", "ITM_DOWN1", "DOCU_CHR_sub", "ITM_DOWN_ARROW", "DOCU_CHR_super", "ITM_UP_ARROW", "MNU_TAMALPHA", "ITM_alpha", "DOCU_CHR_caseFLIP", "ITM_NULL", "DOCU_CHR_numSET", "ITM_NULL", "DOCU_ITM_RADIX", "ITM_PERIOD", AO67), ".lo", ),"MNU_", "-MNU_")} -> -MNU_STK | BA67: {=SUBSTITUTE(SUBSTITUTE(_xlfn.SWITCH(AP67, "ITM_T_HOME", "ITM_UP1", "ITM_T_END", "ITM_DOWN1", "DOCU_CHR_sub", "ITM_DOWN_ARROW", "DOCU_CHR_super", "ITM_UP_ARROW", "MNU_TAMALPHA", "ITM_alpha", "DOCU_CHR_caseFLIP", "ITM_NULL", "DOCU_CHR_numSET", "ITM_NULL", "DOCU_ITM_RADIX", "ITM_PERIOD", AP67), ".lo", ),"MNU_", "-MNU_")} -> ITM_ex | BB67: {=SUBSTITUTE(SUBSTITUTE(_xlfn.SWITCH(AQ67, "ITM_T_HOME", "ITM_UP1", "ITM_T_END", "ITM_DOWN1", "DOCU_CHR_sub", "ITM_DOWN_ARROW", "DOCU_CHR_super", "ITM_UP_ARROW", "MNU_TAMALPHA", "ITM_alpha", "DOCU_CHR_caseFLIP", "ITM_NULL", "DOCU_CHR_numSET", "ITM_NULL", "DOCU_ITM_RADIX", "ITM_PERIOD", AQ67), ".lo", ),"MNU_", "-MNU_")} -> ITM_M | BC67: {=SUBSTITUTE(SUBSTITUTE(_xlfn.SWITCH(AR67, "ITM_T_HOME", "ITM_UP1", "ITM_T_END", "ITM_DOWN1", "DOCU_CHR_sub", "ITM_DOWN_ARROW", "DOCU_CHR_super", "ITM_UP_ARROW", "MNU_TAMALPHA", "ITM_alpha", "DOCU_CHR_caseFLIP", "ITM_NULL", "DOCU_CHR_numSET", "ITM_NULL", "DOCU_ITM_RADIX", "ITM_PERIOD", AR67), ".lo", ),"MNU_", "-MNU_")} -> ITM_m | BD67: {=SUBSTITUTE(SUBSTITUTE(_xlfn.SWITCH(AS67, "ITM_T_HOME", "ITM_UP1", "ITM_T_END", "ITM_DOWN1", "DOCU_CHR_sub", "ITM_DOWN_ARROW", "DOCU_CHR_super", "ITM_UP_ARROW", "MNU_TAMALPHA", "ITM_alpha", "DOCU_CHR_caseFLIP", "ITM_NULL", "DOCU_CHR_numSET", "ITM_NULL", "DOCU_ITM_RADIX", "ITM_PERIOD", AS67), ".lo", ),"MNU_", "-MNU_")} -> ITM_ex | BE67: {=SUBSTITUTE(SUBSTITUTE(_xlfn.SWITCH(AT67, "ITM_T_HOME", "ITM_UP1", "ITM_T_END", "ITM_DOWN1", "DOCU_CHR_sub", "ITM_DOWN_ARROW", "DOCU_CHR_super", "ITM_UP_ARROW", "MNU_TAMALPHA", "ITM_alpha", "DOCU_CHR_caseFLIP", "ITM_NULL", "DOCU_CHR_numSET", "ITM_NULL", "DOCU_ITM_RADIX", "ITM_PERIOD", AT67), ".lo", ),"MNU_", "-MNU_")} -> ITM_REG_M | BI67: =" "&AW67&", "&REPT(" ",$BH$54-LEN(AW67))& AX67&", "&REPT(" ",$BH$54-LEN(AX67))& AY67&", "&REPT(" ",$BH$54-LEN(AY67))& AZ67&", "&REPT(" ",$BH$54-LEN(AZ67))& BA67&", "&REPT(" ",$BH$54-LEN(BA67))& BB67&", "&REPT(" ",$BH$54-LEN(BB67))& BC67&", "&REPT(" ",$BH$54-LEN(BC67))& BD67&", "&REPT(" ",$BH$54-LEN(BD67))& BE67&REPT(" ",$BH$54-LEN(BE67))& "}," -> {42, ITM_XexY, ITM_LASTX, -MNU_STK, ITM_ex, ITM_M, ITM_m, ITM_ex, ITM_REG_M }, | BL67: =SUBSTITUTE(AR67,".lo","") -> ITM_m | BM67: =SUBSTITUTE(AS67,".lo","") -> ITM_ex
C68: =2/10 -> 0.2 | D68: =2/10 -> 0.2 | E68: =2/10 -> 0.2 | F68: =3/10 -> 0.3 | G68: =3/10 -> 0.3 | H68: =3/10 -> 0.3 | I68: =4/10 -> 0.4 | J68: =2/10 -> 0.2 | K68: =3/10 -> 0.3 | L68: =4/10 -> 0.4 | M68: =2/10 -> 0.2 | N68: =3/10 -> 0.3 | O68: =4/10 -> 0.4 | P68: =2/10 -> 0.2 | Q68: =3/10 -> 0.3 | R68: =4/10 -> 0.4 | S68: =2/10 -> 0.2 | T68: =3/10 -> 0.3 | U68: =4/10 -> 0.4 | X68: =X67 -> C47 | Y68: 4 | Z68: 3 | AA68: =X68&"."&Y68&Z68 -> C47.43 | AB68: CHS | AC68: [ MODE ] | AD68: [ TRG ] | AF68: N | AG68: =AF68=AH68 -> TRUE | AH68: =INDEX(labelitem,MATCH(AR68,items,0),1) -> n | AI68: =INDEX(labelitem,MATCH(AS68,items,0),1) -> +/- | AJ68: =INDEX(labelitem,MATCH(AT68,items,0),1) -> Reg N | AL68: ="{"&Y68*10+Z68 -> {43 | AM68: =VLOOKUP(AB68,labelitem,2,0) -> ITM_CHS | AN68: =VLOOKUP(AC68,labelitem,2,0) -> MNU_MODE | AO68: =VLOOKUP(AD68,labelitem,2,0) -> MNU_TRG_C47 | AP68: =IF(NOT(ISNA(MATCH(AM68,Lookups!E:E,))),VLOOKUP(AM68,Lookups!E:F,2,0), IF(NOT(ISNA(MATCH(AN68,Lookups!E:E,))),VLOOKUP(AN68,Lookups!E:F,2,0), IF(NOT(ISNA(MATCH(AO68,Lookups!E:E,))),VLOOKUP(AO68,Lookups!E:F,2,0),"ITM_NULL"))) -> ITM_PLUS_MINUS | AQ68: =VLOOKUP(AF68,labelitem,2,0) -> ITM_N | AR68: ITM_n.lo | AS68: ITM_PLUS_MINUS | AT68: ITM_REG_N | AW68: =AL68 -> {43 | AX68: {=SUBSTITUTE(SUBSTITUTE(_xlfn.SWITCH(AM68, "ITM_T_HOME", "ITM_UP1", "ITM_T_END", "ITM_DOWN1", "DOCU_CHR_sub", "ITM_DOWN_ARROW", "DOCU_CHR_super", "ITM_UP_ARROW", "MNU_TAMALPHA", "ITM_alpha", "DOCU_CHR_caseFLIP", "ITM_NULL", "DOCU_CHR_numSET", "ITM_NULL", "DOCU_ITM_RADIX", "ITM_PERIOD", AM68), ".lo", ),"MNU_", "-MNU_")} -> ITM_CHS | AY68: {=SUBSTITUTE(SUBSTITUTE(_xlfn.SWITCH(AN68, "ITM_T_HOME", "ITM_UP1", "ITM_T_END", "ITM_DOWN1", "DOCU_CHR_sub", "ITM_DOWN_ARROW", "DOCU_CHR_super", "ITM_UP_ARROW", "MNU_TAMALPHA", "ITM_alpha", "DOCU_CHR_caseFLIP", "ITM_NULL", "DOCU_CHR_numSET", "ITM_NULL", "DOCU_ITM_RADIX", "ITM_PERIOD", AN68), ".lo", ),"MNU_", "-MNU_")} -> -MNU_MODE | AZ68: {=SUBSTITUTE(SUBSTITUTE(_xlfn.SWITCH(AO68, "ITM_T_HOME", "ITM_UP1", "ITM_T_END", "ITM_DOWN1", "DOCU_CHR_sub", "ITM_DOWN_ARROW", "DOCU_CHR_super", "ITM_UP_ARROW", "MNU_TAMALPHA", "ITM_alpha", "DOCU_CHR_caseFLIP", "ITM_NULL", "DOCU_CHR_numSET", "ITM_NULL", "DOCU_ITM_RADIX", "ITM_PERIOD", AO68), ".lo", ),"MNU_", "-MNU_")} -> -MNU_TRG_C47 | BA68: {=SUBSTITUTE(SUBSTITUTE(_xlfn.SWITCH(AP68, "ITM_T_HOME", "ITM_UP1", "ITM_T_END", "ITM_DOWN1", "DOCU_CHR_sub", "ITM_DOWN_ARROW", "DOCU_CHR_super", "ITM_UP_ARROW", "MNU_TAMALPHA", "ITM_alpha", "DOCU_CHR_caseFLIP", "ITM_NULL", "DOCU_CHR_numSET", "ITM_NULL", "DOCU_ITM_RADIX", "ITM_PERIOD", AP68), ".lo", ),"MNU_", "-MNU_")} -> ITM_PLUS_MINUS | BB68: {=SUBSTITUTE(SUBSTITUTE(_xlfn.SWITCH(AQ68, "ITM_T_HOME", "ITM_UP1", "ITM_T_END", "ITM_DOWN1", "DOCU_CHR_sub", "ITM_DOWN_ARROW", "DOCU_CHR_super", "ITM_UP_ARROW", "MNU_TAMALPHA", "ITM_alpha", "DOCU_CHR_caseFLIP", "ITM_NULL", "DOCU_CHR_numSET", "ITM_NULL", "DOCU_ITM_RADIX", "ITM_PERIOD", AQ68), ".lo", ),"MNU_", "-MNU_")} -> ITM_N | BC68: {=SUBSTITUTE(SUBSTITUTE(_xlfn.SWITCH(AR68, "ITM_T_HOME", "ITM_UP1", "ITM_T_END", "ITM_DOWN1", "DOCU_CHR_sub", "ITM_DOWN_ARROW", "DOCU_CHR_super", "ITM_UP_ARROW", "MNU_TAMALPHA", "ITM_alpha", "DOCU_CHR_caseFLIP", "ITM_NULL", "DOCU_CHR_numSET", "ITM_NULL", "DOCU_ITM_RADIX", "ITM_PERIOD", AR68), ".lo", ),"MNU_", "-MNU_")} -> ITM_n | BD68: {=SUBSTITUTE(SUBSTITUTE(_xlfn.SWITCH(AS68, "ITM_T_HOME", "ITM_UP1", "ITM_T_END", "ITM_DOWN1", "DOCU_CHR_sub", "ITM_DOWN_ARROW", "DOCU_CHR_super", "ITM_UP_ARROW", "MNU_TAMALPHA", "ITM_alpha", "DOCU_CHR_caseFLIP", "ITM_NULL", "DOCU_CHR_numSET", "ITM_NULL", "DOCU_ITM_RADIX", "ITM_PERIOD", AS68), ".lo", ),"MNU_", "-MNU_")} -> ITM_PLUS_MINUS | BE68: {=SUBSTITUTE(SUBSTITUTE(_xlfn.SWITCH(AT68, "ITM_T_HOME", "ITM_UP1", "ITM_T_END", "ITM_DOWN1", "DOCU_CHR_sub", "ITM_DOWN_ARROW", "DOCU_CHR_super", "ITM_UP_ARROW", "MNU_TAMALPHA", "ITM_alpha", "DOCU_CHR_caseFLIP", "ITM_NULL", "DOCU_CHR_numSET", "ITM_NULL", "DOCU_ITM_RADIX", "ITM_PERIOD", AT68), ".lo", ),"MNU_", "-MNU_")} -> ITM_REG_N | BI68: =" "&AW68&", "&REPT(" ",$BH$54-LEN(AW68))& AX68&", "&REPT(" ",$BH$54-LEN(AX68))& AY68&", "&REPT(" ",$BH$54-LEN(AY68))& AZ68&", "&REPT(" ",$BH$54-LEN(AZ68))& BA68&", "&REPT(" ",$BH$54-LEN(BA68))& BB68&", "&REPT(" ",$BH$54-LEN(BB68))& BC68&", "&REPT(" ",$BH$54-LEN(BC68))& BD68&", "&REPT(" ",$BH$54-LEN(BD68))& BE68&REPT(" ",$BH$54-LEN(BE68))& "}," -> {43, ITM_CHS, -MNU_MODE, -MNU_TRG_C47, ITM_PLUS_MINUS, ITM_N, ITM_n, ITM_PLUS_MINUS, ITM_REG_N }, | BL68: =SUBSTITUTE(AR68,".lo","") -> ITM_n | BM68: =SUBSTITUTE(AS68,".lo","") -> ITM_PLUS_MINUS
C69: 1 | D69: 1 | E69: 1 | F69: 1 | G69: 1 | H69: 1 | I69: 1 | J69: 2 | K69: 2 | L69: 2 | M69: 3 | N69: 3 | O69: 3 | P69: 4 | Q69: 4 | R69: 4 | S69: 5 | T69: 5 | U69: 5 | X69: =X68 -> C47 | Y69: 4 | Z69: 4 | AA69: =X69&"."&Y69&Z69 -> C47.44 | AB69: EEX | AC69: [ DISP ] | AD69: [ EXP ] | AF69: O | AG69: =AF69=AH69 -> TRUE | AH69: =INDEX(labelitem,MATCH(AR69,items,0),1) -> o | AI69: =INDEX(labelitem,MATCH(AS69,items,0),1) -> <E> | AJ69: =INDEX(labelitem,MATCH(AT69,items,0),1) -> Reg O | AL69: ="{"&Y69*10+Z69 -> {44 | AM69: =VLOOKUP(AB69,labelitem,2,0) -> ITM_EXPONENT | AN69: =VLOOKUP(AC69,labelitem,2,0) -> MNU_DISP | AO69: =VLOOKUP(AD69,labelitem,2,0) -> MNU_EXP | AP69: =IF(NOT(ISNA(MATCH(AM69,Lookups!E:E,))),VLOOKUP(AM69,Lookups!E:F,2,0), IF(NOT(ISNA(MATCH(AN69,Lookups!E:E,))),VLOOKUP(AN69,Lookups!E:F,2,0), IF(NOT(ISNA(MATCH(AO69,Lookups!E:E,))),VLOOKUP(AO69,Lookups!E:F,2,0),"ITM_NULL"))) -> ITM_NULL | AQ69: =VLOOKUP(AF69,labelitem,2,0) -> ITM_O | AR69: ITM_o.lo | AS69: ITM_EEXCHR | AT69: ITM_REG_O | AW69: =AL69 -> {44 | AX69: {=SUBSTITUTE(SUBSTITUTE(_xlfn.SWITCH(AM69, "ITM_T_HOME", "ITM_UP1", "ITM_T_END", "ITM_DOWN1", "DOCU_CHR_sub", "ITM_DOWN_ARROW", "DOCU_CHR_super", "ITM_UP_ARROW", "MNU_TAMALPHA", "ITM_alpha", "DOCU_CHR_caseFLIP", "ITM_NULL", "DOCU_CHR_numSET", "ITM_NULL", "DOCU_ITM_RADIX", "ITM_PERIOD", AM69), ".lo", ),"MNU_", "-MNU_")} -> ITM_EXPONENT | AY69: {=SUBSTITUTE(SUBSTITUTE(_xlfn.SWITCH(AN69, "ITM_T_HOME", "ITM_UP1", "ITM_T_END", "ITM_DOWN1", "DOCU_CHR_sub", "ITM_DOWN_ARROW", "DOCU_CHR_super", "ITM_UP_ARROW", "MNU_TAMALPHA", "ITM_alpha", "DOCU_CHR_caseFLIP", "ITM_NULL", "DOCU_CHR_numSET", "ITM_NULL", "DOCU_ITM_RADIX", "ITM_PERIOD", AN69), ".lo", ),"MNU_", "-MNU_")} -> -MNU_DISP | AZ69: {=SUBSTITUTE(SUBSTITUTE(_xlfn.SWITCH(AO69, "ITM_T_HOME", "ITM_UP1", "ITM_T_END", "ITM_DOWN1", "DOCU_CHR_sub", "ITM_DOWN_ARROW", "DOCU_CHR_super", "ITM_UP_ARROW", "MNU_TAMALPHA", "ITM_alpha", "DOCU_CHR_caseFLIP", "ITM_NULL", "DOCU_CHR_numSET", "ITM_NULL", "DOCU_ITM_RADIX", "ITM_PERIOD", AO69), ".lo", ),"MNU_", "-MNU_")} -> -MNU_EXP | BA69: {=SUBSTITUTE(SUBSTITUTE(_xlfn.SWITCH(AP69, "ITM_T_HOME", "ITM_UP1", "ITM_T_END", "ITM_DOWN1", "DOCU_CHR_sub", "ITM_DOWN_ARROW", "DOCU_CHR_super", "ITM_UP_ARROW", "MNU_TAMALPHA", "ITM_alpha", "DOCU_CHR_caseFLIP", "ITM_NULL", "DOCU_CHR_numSET", "ITM_NULL", "DOCU_ITM_RADIX", "ITM_PERIOD", AP69), ".lo", ),"MNU_", "-MNU_")} -> ITM_NULL | BB69: {=SUBSTITUTE(SUBSTITUTE(_xlfn.SWITCH(AQ69, "ITM_T_HOME", "ITM_UP1", "ITM_T_END", "ITM_DOWN1", "DOCU_CHR_sub", "ITM_DOWN_ARROW", "DOCU_CHR_super", "ITM_UP_ARROW", "MNU_TAMALPHA", "ITM_alpha", "DOCU_CHR_caseFLIP", "ITM_NULL", "DOCU_CHR_numSET", "ITM_NULL", "DOCU_ITM_RADIX", "ITM_PERIOD", AQ69), ".lo", ),"MNU_", "-MNU_")} -> ITM_O | BC69: {=SUBSTITUTE(SUBSTITUTE(_xlfn.SWITCH(AR69, "ITM_T_HOME", "ITM_UP1", "ITM_T_END", "ITM_DOWN1", "DOCU_CHR_sub", "ITM_DOWN_ARROW", "DOCU_CHR_super", "ITM_UP_ARROW", "MNU_TAMALPHA", "ITM_alpha", "DOCU_CHR_caseFLIP", "ITM_NULL", "DOCU_CHR_numSET", "ITM_NULL", "DOCU_ITM_RADIX", "ITM_PERIOD", AR69), ".lo", ),"MNU_", "-MNU_")} -> ITM_o | BD69: {=SUBSTITUTE(SUBSTITUTE(_xlfn.SWITCH(AS69, "ITM_T_HOME", "ITM_UP1", "ITM_T_END", "ITM_DOWN1", "DOCU_CHR_sub", "ITM_DOWN_ARROW", "DOCU_CHR_super", "ITM_UP_ARROW", "MNU_TAMALPHA", "ITM_alpha", "DOCU_CHR_caseFLIP", "ITM_NULL", "DOCU_CHR_numSET", "ITM_NULL", "DOCU_ITM_RADIX", "ITM_PERIOD", AS69), ".lo", ),"MNU_", "-MNU_")} -> ITM_EEXCHR | BE69: {=SUBSTITUTE(SUBSTITUTE(_xlfn.SWITCH(AT69, "ITM_T_HOME", "ITM_UP1", "ITM_T_END", "ITM_DOWN1", "DOCU_CHR_sub", "ITM_DOWN_ARROW", "DOCU_CHR_super", "ITM_UP_ARROW", "MNU_TAMALPHA", "ITM_alpha", "DOCU_CHR_caseFLIP", "ITM_NULL", "DOCU_CHR_numSET", "ITM_NULL", "DOCU_ITM_RADIX", "ITM_PERIOD", AT69), ".lo", ),"MNU_", "-MNU_")} -> ITM_REG_O | BI69: =" "&AW69&", "&REPT(" ",$BH$54-LEN(AW69))& AX69&", "&REPT(" ",$BH$54-LEN(AX69))& AY69&", "&REPT(" ",$BH$54-LEN(AY69))& AZ69&", "&REPT(" ",$BH$54-LEN(AZ69))& BA69&", "&REPT(" ",$BH$54-LEN(BA69))& BB69&", "&REPT(" ",$BH$54-LEN(BB69))& BC69&", "&REPT(" ",$BH$54-LEN(BC69))& BD69&", "&REPT(" ",$BH$54-LEN(BD69))& BE69&REPT(" ",$BH$54-LEN(BE69))& "}," -> {44, ITM_EXPONENT, -MNU_DISP, -MNU_EXP, ITM_NULL, ITM_O, ITM_o, ITM_EEXCHR, ITM_REG_O }, | BL69: =SUBSTITUTE(AR69,".lo","") -> ITM_o | BM69: =SUBSTITUTE(AS69,".lo","") -> ITM_EEXCHR
B70: 40 | C70: =layout&"."&$B70+C69+C68 -> C47.41,2 | D70: =$B70+D69+D68 -> 41.2 | E70: =$B70+E69+E68 -> 41.2 | F70: =layout&"."&$B70+F69+F68 -> C47.41,3 | G70: =$B70+G69+G68 -> 41.3 | H70: =$B70+H69+H68 -> 41.3 | J70: =layout&"."&$B70+J69+J68 -> C47.42,2 | K70: =layout&"."&$B70+K69+K68 -> C47.42,3 | M70: =layout&"."&$B70+M69+M68 -> C47.43,2 | N70: =layout&"."&$B70+N69+N68 -> C47.43,3 | P70: =layout&"."&$B70+P69+P68 -> C47.44,2 | Q70: =layout&"."&$B70+Q69+Q68 -> C47.44,3 | S70: =layout&"."&$B70+S69+S68 -> C47.45,2 | T70: =layout&"."&$B70+T69+T68 -> C47.45,3 | X70: =X69 -> C47 | Y70: 4 | Z70: 5 | AA70: =X70&"."&Y70&Z70 -> C47.45 | AB70: <= | AC70: Undo | AD70: [ CLR ] | AF70: <= | AG70: =AF70=AH70 -> FALSE | AH70: =INDEX(labelitem,MATCH(AR70,items,0),1) -> CLA | AI70: =INDEX(labelitem,MATCH(AS70,items,0),1) -> CLA | AJ70: =INDEX(labelitem,MATCH(AT70,items,0),1) -> <= | AL70: ="{"&Y70*10+Z70 -> {45 | AM70: =VLOOKUP(AB70,labelitem,2,0) -> ITM_BACKSPACE | AN70: =VLOOKUP(AC70,labelitem,2,0) -> ITM_UNDO | AO70: =VLOOKUP(AD70,labelitem,2,0) -> MNU_CLR | AP70: =IF(NOT(ISNA(MATCH(AM70,Lookups!E:E,))),VLOOKUP(AM70,Lookups!E:F,2,0), IF(NOT(ISNA(MATCH(AN70,Lookups!E:E,))),VLOOKUP(AN70,Lookups!E:F,2,0), IF(NOT(ISNA(MATCH(AO70,Lookups!E:E,))),VLOOKUP(AO70,Lookups!E:F,2,0),"ITM_NULL"))) -> ITM_BACKSPACE | AQ70: =VLOOKUP(AF70,labelitem,2,0) -> ITM_BACKSPACE | AR70: ITM_CLA | AS70: ITM_CLA | AT70: ITM_BACKSPACE | AW70: =AL70 -> {45 | AX70: {=SUBSTITUTE(SUBSTITUTE(_xlfn.SWITCH(AM70, "ITM_T_HOME", "ITM_UP1", "ITM_T_END", "ITM_DOWN1", "DOCU_CHR_sub", "ITM_DOWN_ARROW", "DOCU_CHR_super", "ITM_UP_ARROW", "MNU_TAMALPHA", "ITM_alpha", "DOCU_CHR_caseFLIP", "ITM_NULL", "DOCU_CHR_numSET", "ITM_NULL", "DOCU_ITM_RADIX", "ITM_PERIOD", AM70), ".lo", ),"MNU_", "-MNU_")} -> ITM_BACKSPACE | AY70: {=SUBSTITUTE(SUBSTITUTE(_xlfn.SWITCH(AN70, "ITM_T_HOME", "ITM_UP1", "ITM_T_END", "ITM_DOWN1", "DOCU_CHR_sub", "ITM_DOWN_ARROW", "DOCU_CHR_super", "ITM_UP_ARROW", "MNU_TAMALPHA", "ITM_alpha", "DOCU_CHR_caseFLIP", "ITM_NULL", "DOCU_CHR_numSET", "ITM_NULL", "DOCU_ITM_RADIX", "ITM_PERIOD", AN70), ".lo", ),"MNU_", "-MNU_")} -> ITM_UNDO | AZ70: {=SUBSTITUTE(SUBSTITUTE(_xlfn.SWITCH(AO70, "ITM_T_HOME", "ITM_UP1", "ITM_T_END", "ITM_DOWN1", "DOCU_CHR_sub", "ITM_DOWN_ARROW", "DOCU_CHR_super", "ITM_UP_ARROW", "MNU_TAMALPHA", "ITM_alpha", "DOCU_CHR_caseFLIP", "ITM_NULL", "DOCU_CHR_numSET", "ITM_NULL", "DOCU_ITM_RADIX", "ITM_PERIOD", AO70), ".lo", ),"MNU_", "-MNU_")} -> -MNU_CLR | BA70: {=SUBSTITUTE(SUBSTITUTE(_xlfn.SWITCH(AP70, "ITM_T_HOME", "ITM_UP1", "ITM_T_END", "ITM_DOWN1", "DOCU_CHR_sub", "ITM_DOWN_ARROW", "DOCU_CHR_super", "ITM_UP_ARROW", "MNU_TAMALPHA", "ITM_alpha", "DOCU_CHR_caseFLIP", "ITM_NULL", "DOCU_CHR_numSET", "ITM_NULL", "DOCU_ITM_RADIX", "ITM_PERIOD", AP70), ".lo", ),"MNU_", "-MNU_")} -> ITM_BACKSPACE | BB70: {=SUBSTITUTE(SUBSTITUTE(_xlfn.SWITCH(AQ70, "ITM_T_HOME", "ITM_UP1", "ITM_T_END", "ITM_DOWN1", "DOCU_CHR_sub", "ITM_DOWN_ARROW", "DOCU_CHR_super", "ITM_UP_ARROW", "MNU_TAMALPHA", "ITM_alpha", "DOCU_CHR_caseFLIP", "ITM_NULL", "DOCU_CHR_numSET", "ITM_NULL", "DOCU_ITM_RADIX", "ITM_PERIOD", AQ70), ".lo", ),"MNU_", "-MNU_")} -> ITM_BACKSPACE | BC70: {=SUBSTITUTE(SUBSTITUTE(_xlfn.SWITCH(AR70, "ITM_T_HOME", "ITM_UP1", "ITM_T_END", "ITM_DOWN1", "DOCU_CHR_sub", "ITM_DOWN_ARROW", "DOCU_CHR_super", "ITM_UP_ARROW", "MNU_TAMALPHA", "ITM_alpha", "DOCU_CHR_caseFLIP", "ITM_NULL", "DOCU_CHR_numSET", "ITM_NULL", "DOCU_ITM_RADIX", "ITM_PERIOD", AR70), ".lo", ),"MNU_", "-MNU_")} -> ITM_CLA | BD70: {=SUBSTITUTE(SUBSTITUTE(_xlfn.SWITCH(AS70, "ITM_T_HOME", "ITM_UP1", "ITM_T_END", "ITM_DOWN1", "DOCU_CHR_sub", "ITM_DOWN_ARROW", "DOCU_CHR_super", "ITM_UP_ARROW", "MNU_TAMALPHA", "ITM_alpha", "DOCU_CHR_caseFLIP", "ITM_NULL", "DOCU_CHR_numSET", "ITM_NULL", "DOCU_ITM_RADIX", "ITM_PERIOD", AS70), ".lo", ),"MNU_", "-MNU_")} -> ITM_CLA | BE70: {=SUBSTITUTE(SUBSTITUTE(_xlfn.SWITCH(AT70, "ITM_T_HOME", "ITM_UP1", "ITM_T_END", "ITM_DOWN1", "DOCU_CHR_sub", "ITM_DOWN_ARROW", "DOCU_CHR_super", "ITM_UP_ARROW", "MNU_TAMALPHA", "ITM_alpha", "DOCU_CHR_caseFLIP", "ITM_NULL", "DOCU_CHR_numSET", "ITM_NULL", "DOCU_ITM_RADIX", "ITM_PERIOD", AT70), ".lo", ),"MNU_", "-MNU_")} -> ITM_BACKSPACE | BI70: =" "&AW70&", "&REPT(" ",$BH$54-LEN(AW70))& AX70&", "&REPT(" ",$BH$54-LEN(AX70))& AY70&", "&REPT(" ",$BH$54-LEN(AY70))& AZ70&", "&REPT(" ",$BH$54-LEN(AZ70))& BA70&", "&REPT(" ",$BH$54-LEN(BA70))& BB70&", "&REPT(" ",$BH$54-LEN(BB70))& BC70&", "&REPT(" ",$BH$54-LEN(BC70))& BD70&", "&REPT(" ",$BH$54-LEN(BD70))& BE70&REPT(" ",$BH$54-LEN(BE70))& "}," -> {45, ITM_BACKSPACE, ITM_UNDO, -MNU_CLR, ITM_BACKSPACE, ITM_BACKSPACE, ITM_CLA, ITM_CLA, ITM_BACKSPACE }, | BL70: =SUBSTITUTE(AR70,".lo","") -> ITM_CLA | BM70: =SUBSTITUTE(AS70,".lo","") -> ITM_CLA
A71: 0.1 | B71: 40 | C71: =layout&"."&$B73+C69+$A71 -> C47.41,1 | E71: =$B73+E69+$A71 -> 41.1 | G71: =$B73+G69+$A71 -> 41.1 | I71: =layout&"."&$B71+I69+I68 -> C47.41,4 | J71: =layout&"."&$B73+J69+$A71 -> C47.42,1 | L71: =layout&"."&$B71+L69+L68 -> C47.42,4 | M71: =layout&"."&$B73+M69+$A71 -> C47.43,1 | O71: =layout&"."&$B71+O69+O68 -> C47.43,4 | P71: =layout&"."&$B73+P69+$A71 -> C47.44,1 | R71: =layout&"."&$B71+R69+R68 -> C47.44,4 | S71: =layout&"."&$B73+S69+$A71 -> C47.45,1 | U71: =layout&"."&$B71+U69+U68 -> C47.45,4 | X71: =X70 -> C47 | Y71: 5 | Z71: 1 | AA71: =X71&"."&Y71&Z71 -> C47.51 | AB71: Up | AC71: Scroll Up | AD71: REGS | AF71: <-HOME | AG71: =AF71=AH71 -> FALSE | AH71: =INDEX(labelitem,MATCH(AR71,items,0),1) -> CASE UP | AI71: =INDEX(labelitem,MATCH(AS71,items,0),1) -> Super | AJ71: =INDEX(labelitem,MATCH(AT71,items,0),1) -> Up | AL71: ="{"&Y71*10+Z71 -> {51 | AM71: =VLOOKUP(AB71,labelitem,2,0) -> ITM_UP1 | AN71: =VLOOKUP(AC71,labelitem,2,0) -> ITM_BST | AO71: =VLOOKUP(AD71,labelitem,2,0) -> ITM_RBR | AP71: =IF(NOT(ISNA(MATCH(AM71,Lookups!E:E,))),VLOOKUP(AM71,Lookups!E:F,2,0), IF(NOT(ISNA(MATCH(AN71,Lookups!E:E,))),VLOOKUP(AN71,Lookups!E:F,2,0), IF(NOT(ISNA(MATCH(AO71,Lookups!E:E,))),VLOOKUP(AO71,Lookups!E:F,2,0),"ITM_NULL"))) -> ITM_UP1 | AQ71: =VLOOKUP(AF71,labelitem,2,0) -> ITM_T_HOME | AR71: CHR_caseUP | AS71: DOCU_CHR_super | AT71: ITM_UP1 | AW71: =AL71 -> {51 | AX71: {=SUBSTITUTE(SUBSTITUTE(_xlfn.SWITCH(AM71, "ITM_T_HOME", "ITM_UP1", "ITM_T_END", "ITM_DOWN1", "DOCU_CHR_sub", "ITM_DOWN_ARROW", "DOCU_CHR_super", "ITM_UP_ARROW", "MNU_TAMALPHA", "ITM_alpha", "DOCU_CHR_caseFLIP", "ITM_NULL", "DOCU_CHR_numSET", "ITM_NULL", "DOCU_ITM_RADIX", "ITM_PERIOD", AM71), ".lo", ),"MNU_", "-MNU_")} -> ITM_UP1 | AY71: {=SUBSTITUTE(SUBSTITUTE(_xlfn.SWITCH(AN71, "ITM_T_HOME", "ITM_UP1", "ITM_T_END", "ITM_DOWN1", "DOCU_CHR_sub", "ITM_DOWN_ARROW", "DOCU_CHR_super", "ITM_UP_ARROW", "MNU_TAMALPHA", "ITM_alpha", "DOCU_CHR_caseFLIP", "ITM_NULL", "DOCU_CHR_numSET", "ITM_NULL", "DOCU_ITM_RADIX", "ITM_PERIOD", AN71), ".lo", ),"MNU_", "-MNU_")} -> ITM_BST | AZ71: {=SUBSTITUTE(SUBSTITUTE(_xlfn.SWITCH(AO71, "ITM_T_HOME", "ITM_UP1", "ITM_T_END", "ITM_DOWN1", "DOCU_CHR_sub", "ITM_DOWN_ARROW", "DOCU_CHR_super", "ITM_UP_ARROW", "MNU_TAMALPHA", "ITM_alpha", "DOCU_CHR_caseFLIP", "ITM_NULL", "DOCU_CHR_numSET", "ITM_NULL", "DOCU_ITM_RADIX", "ITM_PERIOD", AO71), ".lo", ),"MNU_", "-MNU_")} -> ITM_RBR | BA71: {=SUBSTITUTE(SUBSTITUTE(_xlfn.SWITCH(AP71, "ITM_T_HOME", "ITM_UP1", "ITM_T_END", "ITM_DOWN1", "DOCU_CHR_sub", "ITM_DOWN_ARROW", "DOCU_CHR_super", "ITM_UP_ARROW", "MNU_TAMALPHA", "ITM_alpha", "DOCU_CHR_caseFLIP", "ITM_NULL", "DOCU_CHR_numSET", "ITM_NULL", "DOCU_ITM_RADIX", "ITM_PERIOD", AP71), ".lo", ),"MNU_", "-MNU_")} -> ITM_UP1 | BB71: {=SUBSTITUTE(SUBSTITUTE(_xlfn.SWITCH(AQ71, "ITM_T_HOME", "ITM_UP1", "ITM_T_END", "ITM_DOWN1", "DOCU_CHR_sub", "ITM_DOWN_ARROW", "DOCU_CHR_super", "ITM_UP_ARROW", "MNU_TAMALPHA", "ITM_alpha", "DOCU_CHR_caseFLIP", "ITM_NULL", "DOCU_CHR_numSET", "ITM_NULL", "DOCU_ITM_RADIX", "ITM_PERIOD", AQ71), ".lo", ),"MNU_", "-MNU_")} -> ITM_UP1 | BC71: {=SUBSTITUTE(SUBSTITUTE(_xlfn.SWITCH(AR71, "ITM_T_HOME", "ITM_UP1", "ITM_T_END", "ITM_DOWN1", "DOCU_CHR_sub", "ITM_DOWN_ARROW", "DOCU_CHR_super", "ITM_UP_ARROW", "MNU_TAMALPHA", "ITM_alpha", "DOCU_CHR_caseFLIP", "ITM_NULL", "DOCU_CHR_numSET", "ITM_NULL", "DOCU_ITM_RADIX", "ITM_PERIOD", AR71), ".lo", ),"MNU_", "-MNU_")} -> CHR_caseUP | BD71: {=SUBSTITUTE(SUBSTITUTE(_xlfn.SWITCH(AS71, "ITM_T_HOME", "ITM_UP1", "ITM_T_END", "ITM_DOWN1", "DOCU_CHR_sub", "ITM_DOWN_ARROW", "DOCU_CHR_super", "ITM_UP_ARROW", "MNU_TAMALPHA", "ITM_alpha", "DOCU_CHR_caseFLIP", "ITM_NULL", "DOCU_CHR_numSET", "ITM_NULL", "DOCU_ITM_RADIX", "ITM_PERIOD", AS71), ".lo", ),"MNU_", "-MNU_")} -> ITM_UP_ARROW | BE71: {=SUBSTITUTE(SUBSTITUTE(_xlfn.SWITCH(AT71, "ITM_T_HOME", "ITM_UP1", "ITM_T_END", "ITM_DOWN1", "DOCU_CHR_sub", "ITM_DOWN_ARROW", "DOCU_CHR_super", "ITM_UP_ARROW", "MNU_TAMALPHA", "ITM_alpha", "DOCU_CHR_caseFLIP", "ITM_NULL", "DOCU_CHR_numSET", "ITM_NULL", "DOCU_ITM_RADIX", "ITM_PERIOD", AT71), ".lo", ),"MNU_", "-MNU_")} -> ITM_UP1 | BI71: =" "&AW71&", "&REPT(" ",$BH$54-LEN(AW71))& AX71&", "&REPT(" ",$BH$54-LEN(AX71))& AY71&", "&REPT(" ",$BH$54-LEN(AY71))& AZ71&", "&REPT(" ",$BH$54-LEN(AZ71))& BA71&", "&REPT(" ",$BH$54-LEN(BA71))& BB71&", "&REPT(" ",$BH$54-LEN(BB71))& BC71&", "&REPT(" ",$BH$54-LEN(BC71))& BD71&", "&REPT(" ",$BH$54-LEN(BD71))& BE71&REPT(" ",$BH$54-LEN(BE71))& "}," -> {51, ITM_UP1, ITM_BST, ITM_RBR, ITM_UP1, ITM_UP1, CHR_caseUP, ITM_UP_ARROW, ITM_UP1 }, | BL71: =SUBSTITUTE(AR71,".lo","") -> CHR_caseUP | BM71: =SUBSTITUTE(AS71,".lo","") -> DOCU_CHR_super
A72: 0.1 | B72: 40 | I72: =layout&"."&$B72+I71+I70 -> #VALUE! | L72: =layout&"."&$B72+L71+L70 -> #VALUE! | O72: =layout&"."&$B72+O71+O70 -> #VALUE! | R72: =layout&"."&$B72+R71+R70 -> #VALUE! | U72: =layout&"."&$B72+U71+U70 -> #VALUE! | X72: =X71 -> C47 | Y72: 5 | Z72: 2 | AA72: =X72&"."&Y72&Z72 -> C47.52 | AB72: 7 | AC72: [ EQN ] | AD72: [ HOME ] | AF72: P | AG72: =AF72=AH72 -> TRUE | AH72: =INDEX(labelitem,MATCH(AR72,items,0),1) -> p | AI72: =INDEX(labelitem,MATCH(AS72,items,0),1) -> 7 | AJ72: =INDEX(labelitem,MATCH(AT72,items,0),1) -> 7 | AL72: ="{"&Y72*10+Z72 -> {52 | AM72: =VLOOKUP(AB72,labelitem,2,0) -> ITM_7 | AN72: =VLOOKUP(AC72,labelitem,2,0) -> MNU_EQN | AO72: =VLOOKUP(AD72,labelitem,2,0) -> MNU_HOME | AP72: =IF(NOT(ISNA(MATCH(AM72,Lookups!E:E,))),VLOOKUP(AM72,Lookups!E:F,2,0), IF(NOT(ISNA(MATCH(AN72,Lookups!E:E,))),VLOOKUP(AN72,Lookups!E:F,2,0), IF(NOT(ISNA(MATCH(AO72,Lookups!E:E,))),VLOOKUP(AO72,Lookups!E:F,2,0),"ITM_NULL"))) -> ITM_7 | AQ72: =VLOOKUP(AF72,labelitem,2,0) -> ITM_P | AR72: ITM_p.lo | AS72: ITM_7 | AT72: ITM_7 | AW72: =AL72 -> {52 | AX72: {=SUBSTITUTE(SUBSTITUTE(_xlfn.SWITCH(AM72, "ITM_T_HOME", "ITM_UP1", "ITM_T_END", "ITM_DOWN1", "DOCU_CHR_sub", "ITM_DOWN_ARROW", "DOCU_CHR_super", "ITM_UP_ARROW", "MNU_TAMALPHA", "ITM_alpha", "DOCU_CHR_caseFLIP", "ITM_NULL", "DOCU_CHR_numSET", "ITM_NULL", "DOCU_ITM_RADIX", "ITM_PERIOD", AM72), ".lo", ),"MNU_", "-MNU_")} -> ITM_7 | AY72: {=SUBSTITUTE(SUBSTITUTE(_xlfn.SWITCH(AN72, "ITM_T_HOME", "ITM_UP1", "ITM_T_END", "ITM_DOWN1", "DOCU_CHR_sub", "ITM_DOWN_ARROW", "DOCU_CHR_super", "ITM_UP_ARROW", "MNU_TAMALPHA", "ITM_alpha", "DOCU_CHR_caseFLIP", "ITM_NULL", "DOCU_CHR_numSET", "ITM_NULL", "DOCU_ITM_RADIX", "ITM_PERIOD", AN72), ".lo", ),"MNU_", "-MNU_")} -> -MNU_EQN | AZ72: {=SUBSTITUTE(SUBSTITUTE(_xlfn.SWITCH(AO72, "ITM_T_HOME", "ITM_UP1", "ITM_T_END", "ITM_DOWN1", "DOCU_CHR_sub", "ITM_DOWN_ARROW", "DOCU_CHR_super", "ITM_UP_ARROW", "MNU_TAMALPHA", "ITM_alpha", "DOCU_CHR_caseFLIP", "ITM_NULL", "DOCU_CHR_numSET", "ITM_NULL", "DOCU_ITM_RADIX", "ITM_PERIOD", AO72), ".lo", ),"MNU_", "-MNU_")} -> -MNU_HOME | BA72: {=SUBSTITUTE(SUBSTITUTE(_xlfn.SWITCH(AP72, "ITM_T_HOME", "ITM_UP1", "ITM_T_END", "ITM_DOWN1", "DOCU_CHR_sub", "ITM_DOWN_ARROW", "DOCU_CHR_super", "ITM_UP_ARROW", "MNU_TAMALPHA", "ITM_alpha", "DOCU_CHR_caseFLIP", "ITM_NULL", "DOCU_CHR_numSET", "ITM_NULL", "DOCU_ITM_RADIX", "ITM_PERIOD", AP72), ".lo", ),"MNU_", "-MNU_")} -> ITM_7 | BB72: {=SUBSTITUTE(SUBSTITUTE(_xlfn.SWITCH(AQ72, "ITM_T_HOME", "ITM_UP1", "ITM_T_END", "ITM_DOWN1", "DOCU_CHR_sub", "ITM_DOWN_ARROW", "DOCU_CHR_super", "ITM_UP_ARROW", "MNU_TAMALPHA", "ITM_alpha", "DOCU_CHR_caseFLIP", "ITM_NULL", "DOCU_CHR_numSET", "ITM_NULL", "DOCU_ITM_RADIX", "ITM_PERIOD", AQ72), ".lo", ),"MNU_", "-MNU_")} -> ITM_P | BC72: {=SUBSTITUTE(SUBSTITUTE(_xlfn.SWITCH(AR72, "ITM_T_HOME", "ITM_UP1", "ITM_T_END", "ITM_DOWN1", "DOCU_CHR_sub", "ITM_DOWN_ARROW", "DOCU_CHR_super", "ITM_UP_ARROW", "MNU_TAMALPHA", "ITM_alpha", "DOCU_CHR_caseFLIP", "ITM_NULL", "DOCU_CHR_numSET", "ITM_NULL", "DOCU_ITM_RADIX", "ITM_PERIOD", AR72), ".lo", ),"MNU_", "-MNU_")} -> ITM_p | BD72: {=SUBSTITUTE(SUBSTITUTE(_xlfn.SWITCH(AS72, "ITM_T_HOME", "ITM_UP1", "ITM_T_END", "ITM_DOWN1", "DOCU_CHR_sub", "ITM_DOWN_ARROW", "DOCU_CHR_super", "ITM_UP_ARROW", "MNU_TAMALPHA", "ITM_alpha", "DOCU_CHR_caseFLIP", "ITM_NULL", "DOCU_CHR_numSET", "ITM_NULL", "DOCU_ITM_RADIX", "ITM_PERIOD", AS72), ".lo", ),"MNU_", "-MNU_")} -> ITM_7 | BE72: {=SUBSTITUTE(SUBSTITUTE(_xlfn.SWITCH(AT72, "ITM_T_HOME", "ITM_UP1", "ITM_T_END", "ITM_DOWN1", "DOCU_CHR_sub", "ITM_DOWN_ARROW", "DOCU_CHR_super", "ITM_UP_ARROW", "MNU_TAMALPHA", "ITM_alpha", "DOCU_CHR_caseFLIP", "ITM_NULL", "DOCU_CHR_numSET", "ITM_NULL", "DOCU_ITM_RADIX", "ITM_PERIOD", AT72), ".lo", ),"MNU_", "-MNU_")} -> ITM_7 | BI72: =" "&AW72&", "&REPT(" ",$BH$54-LEN(AW72))& AX72&", "&REPT(" ",$BH$54-LEN(AX72))& AY72&", "&REPT(" ",$BH$54-LEN(AY72))& AZ72&", "&REPT(" ",$BH$54-LEN(AZ72))& BA72&", "&REPT(" ",$BH$54-LEN(BA72))& BB72&", "&REPT(" ",$BH$54-LEN(BB72))& BC72&", "&REPT(" ",$BH$54-LEN(BC72))& BD72&", "&REPT(" ",$BH$54-LEN(BD72))& BE72&REPT(" ",$BH$54-LEN(BE72))& "}," -> {52, ITM_7, -MNU_EQN, -MNU_HOME, ITM_7, ITM_P, ITM_p, ITM_7, ITM_7 }, | BL72: =SUBSTITUTE(AR72,".lo","") -> ITM_p | BM72: =SUBSTITUTE(AS72,".lo","") -> ITM_7
A73: 0.1 | B73: 40 | I73: =layout&"."&$B73+I72+I71 -> #VALUE! | L73: =layout&"."&$B73+L72+L71 -> #VALUE! | O73: =layout&"."&$B73+O72+O71 -> #VALUE! | R73: =layout&"."&$B73+R72+R71 -> #VALUE! | U73: =layout&"."&$B73+U72+U71 -> #VALUE! | X73: =X72 -> C47 | Y73: 5 | Z73: 3 | AA73: =X73&"."&Y73&Z73 -> C47.53 | AB73: 8 | AC73: [ ADV ] | AD73: [ FIN ] | AF73: Q | AG73: =AF73=AH73 -> TRUE | AH73: =INDEX(labelitem,MATCH(AR73,items,0),1) -> q | AI73: =INDEX(labelitem,MATCH(AS73,items,0),1) -> 8 | AJ73: =INDEX(labelitem,MATCH(AT73,items,0),1) -> 8 | AL73: ="{"&Y73*10+Z73 -> {53 | AM73: =VLOOKUP(AB73,labelitem,2,0) -> ITM_8 | AN73: =VLOOKUP(AC73,labelitem,2,0) -> MNU_ADV | AO73: =VLOOKUP(AD73,labelitem,2,0) -> MNU_FIN | AP73: =IF(NOT(ISNA(MATCH(AM73,Lookups!E:E,))),VLOOKUP(AM73,Lookups!E:F,2,0), IF(NOT(ISNA(MATCH(AN73,Lookups!E:E,))),VLOOKUP(AN73,Lookups!E:F,2,0), IF(NOT(ISNA(MATCH(AO73,Lookups!E:E,))),VLOOKUP(AO73,Lookups!E:F,2,0),"ITM_NULL"))) -> ITM_8 | AQ73: =VLOOKUP(AF73,labelitem,2,0) -> ITM_Q | AR73: ITM_q.lo | AS73: ITM_8 | AT73: ITM_8 | AW73: =AL73 -> {53 | AX73: {=SUBSTITUTE(SUBSTITUTE(_xlfn.SWITCH(AM73, "ITM_T_HOME", "ITM_UP1", "ITM_T_END", "ITM_DOWN1", "DOCU_CHR_sub", "ITM_DOWN_ARROW", "DOCU_CHR_super", "ITM_UP_ARROW", "MNU_TAMALPHA", "ITM_alpha", "DOCU_CHR_caseFLIP", "ITM_NULL", "DOCU_CHR_numSET", "ITM_NULL", "DOCU_ITM_RADIX", "ITM_PERIOD", AM73), ".lo", ),"MNU_", "-MNU_")} -> ITM_8 | AY73: {=SUBSTITUTE(SUBSTITUTE(_xlfn.SWITCH(AN73, "ITM_T_HOME", "ITM_UP1", "ITM_T_END", "ITM_DOWN1", "DOCU_CHR_sub", "ITM_DOWN_ARROW", "DOCU_CHR_super", "ITM_UP_ARROW", "MNU_TAMALPHA", "ITM_alpha", "DOCU_CHR_caseFLIP", "ITM_NULL", "DOCU_CHR_numSET", "ITM_NULL", "DOCU_ITM_RADIX", "ITM_PERIOD", AN73), ".lo", ),"MNU_", "-MNU_")} -> -MNU_ADV | AZ73: {=SUBSTITUTE(SUBSTITUTE(_xlfn.SWITCH(AO73, "ITM_T_HOME", "ITM_UP1", "ITM_T_END", "ITM_DOWN1", "DOCU_CHR_sub", "ITM_DOWN_ARROW", "DOCU_CHR_super", "ITM_UP_ARROW", "MNU_TAMALPHA", "ITM_alpha", "DOCU_CHR_caseFLIP", "ITM_NULL", "DOCU_CHR_numSET", "ITM_NULL", "DOCU_ITM_RADIX", "ITM_PERIOD", AO73), ".lo", ),"MNU_", "-MNU_")} -> -MNU_FIN | BA73: {=SUBSTITUTE(SUBSTITUTE(_xlfn.SWITCH(AP73, "ITM_T_HOME", "ITM_UP1", "ITM_T_END", "ITM_DOWN1", "DOCU_CHR_sub", "ITM_DOWN_ARROW", "DOCU_CHR_super", "ITM_UP_ARROW", "MNU_TAMALPHA", "ITM_alpha", "DOCU_CHR_caseFLIP", "ITM_NULL", "DOCU_CHR_numSET", "ITM_NULL", "DOCU_ITM_RADIX", "ITM_PERIOD", AP73), ".lo", ),"MNU_", "-MNU_")} -> ITM_8 | BB73: {=SUBSTITUTE(SUBSTITUTE(_xlfn.SWITCH(AQ73, "ITM_T_HOME", "ITM_UP1", "ITM_T_END", "ITM_DOWN1", "DOCU_CHR_sub", "ITM_DOWN_ARROW", "DOCU_CHR_super", "ITM_UP_ARROW", "MNU_TAMALPHA", "ITM_alpha", "DOCU_CHR_caseFLIP", "ITM_NULL", "DOCU_CHR_numSET", "ITM_NULL", "DOCU_ITM_RADIX", "ITM_PERIOD", AQ73), ".lo", ),"MNU_", "-MNU_")} -> ITM_Q | BC73: {=SUBSTITUTE(SUBSTITUTE(_xlfn.SWITCH(AR73, "ITM_T_HOME", "ITM_UP1", "ITM_T_END", "ITM_DOWN1", "DOCU_CHR_sub", "ITM_DOWN_ARROW", "DOCU_CHR_super", "ITM_UP_ARROW", "MNU_TAMALPHA", "ITM_alpha", "DOCU_CHR_caseFLIP", "ITM_NULL", "DOCU_CHR_numSET", "ITM_NULL", "DOCU_ITM_RADIX", "ITM_PERIOD", AR73), ".lo", ),"MNU_", "-MNU_")} -> ITM_q | BD73: {=SUBSTITUTE(SUBSTITUTE(_xlfn.SWITCH(AS73, "ITM_T_HOME", "ITM_UP1", "ITM_T_END", "ITM_DOWN1", "DOCU_CHR_sub", "ITM_DOWN_ARROW", "DOCU_CHR_super", "ITM_UP_ARROW", "MNU_TAMALPHA", "ITM_alpha", "DOCU_CHR_caseFLIP", "ITM_NULL", "DOCU_CHR_numSET", "ITM_NULL", "DOCU_ITM_RADIX", "ITM_PERIOD", AS73), ".lo", ),"MNU_", "-MNU_")} -> ITM_8 | BE73: {=SUBSTITUTE(SUBSTITUTE(_xlfn.SWITCH(AT73, "ITM_T_HOME", "ITM_UP1", "ITM_T_END", "ITM_DOWN1", "DOCU_CHR_sub", "ITM_DOWN_ARROW", "DOCU_CHR_super", "ITM_UP_ARROW", "MNU_TAMALPHA", "ITM_alpha", "DOCU_CHR_caseFLIP", "ITM_NULL", "DOCU_CHR_numSET", "ITM_NULL", "DOCU_ITM_RADIX", "ITM_PERIOD", AT73), ".lo", ),"MNU_", "-MNU_")} -> ITM_8 | BI73: =" "&AW73&", "&REPT(" ",$BH$54-LEN(AW73))& AX73&", "&REPT(" ",$BH$54-LEN(AX73))& AY73&", "&REPT(" ",$BH$54-LEN(AY73))& AZ73&", "&REPT(" ",$BH$54-LEN(AZ73))& BA73&", "&REPT(" ",$BH$54-LEN(BA73))& BB73&", "&REPT(" ",$BH$54-LEN(BB73))& BC73&", "&REPT(" ",$BH$54-LEN(BC73))& BD73&", "&REPT(" ",$BH$54-LEN(BD73))& BE73&REPT(" ",$BH$54-LEN(BE73))& "}," -> {53, ITM_8, -MNU_ADV, -MNU_FIN, ITM_8, ITM_Q, ITM_q, ITM_8, ITM_8 }, | BL73: =SUBSTITUTE(AR73,".lo","") -> ITM_q | BM73: =SUBSTITUTE(AS73,".lo","") -> ITM_8
C74: =2/10 -> 0.2 | D74: =3/10 -> 0.3 | E74: =4/10 -> 0.4 | F74: =2/10 -> 0.2 | H74: =3/10 -> 0.3 | I74: =4/10 -> 0.4 | J74: =2/10 -> 0.2 | L74: =3/10 -> 0.3 | M74: =4/10 -> 0.4 | N74: =2/10 -> 0.2 | P74: =3/10 -> 0.3 | Q74: =4/10 -> 0.4 | R74: =2/10 -> 0.2 | T74: =3/10 -> 0.3 | U74: =4/10 -> 0.4 | X74: =X73 -> C47 | Y74: 5 | Z74: 4 | AA74: =X74&"."&Y74&Z74 -> C47.54 | AB74: 9 | AC74: [ MATX ] | AD74: [ X.FN ] | AF74: R | AG74: =AF74=AH74 -> TRUE | AH74: =INDEX(labelitem,MATCH(AR74,items,0),1) -> r | AI74: =INDEX(labelitem,MATCH(AS74,items,0),1) -> 9 | AJ74: =INDEX(labelitem,MATCH(AT74,items,0),1) -> 9 | AL74: ="{"&Y74*10+Z74 -> {54 | AM74: =VLOOKUP(AB74,labelitem,2,0) -> ITM_9 | AN74: =VLOOKUP(AC74,labelitem,2,0) -> MNU_MATX | AO74: =VLOOKUP(AD74,labelitem,2,0) -> MNU_XFN | AP74: =IF(NOT(ISNA(MATCH(AM74,Lookups!E:E,))),VLOOKUP(AM74,Lookups!E:F,2,0), IF(NOT(ISNA(MATCH(AN74,Lookups!E:E,))),VLOOKUP(AN74,Lookups!E:F,2,0), IF(NOT(ISNA(MATCH(AO74,Lookups!E:E,))),VLOOKUP(AO74,Lookups!E:F,2,0),"ITM_NULL"))) -> ITM_9 | AQ74: =VLOOKUP(AF74,labelitem,2,0) -> ITM_R | AR74: ITM_r.lo | AS74: ITM_9 | AT74: ITM_9 | AW74: =AL74 -> {54 | AX74: {=SUBSTITUTE(SUBSTITUTE(_xlfn.SWITCH(AM74, "ITM_T_HOME", "ITM_UP1", "ITM_T_END", "ITM_DOWN1", "DOCU_CHR_sub", "ITM_DOWN_ARROW", "DOCU_CHR_super", "ITM_UP_ARROW", "MNU_TAMALPHA", "ITM_alpha", "DOCU_CHR_caseFLIP", "ITM_NULL", "DOCU_CHR_numSET", "ITM_NULL", "DOCU_ITM_RADIX", "ITM_PERIOD", AM74), ".lo", ),"MNU_", "-MNU_")} -> ITM_9 | AY74: {=SUBSTITUTE(SUBSTITUTE(_xlfn.SWITCH(AN74, "ITM_T_HOME", "ITM_UP1", "ITM_T_END", "ITM_DOWN1", "DOCU_CHR_sub", "ITM_DOWN_ARROW", "DOCU_CHR_super", "ITM_UP_ARROW", "MNU_TAMALPHA", "ITM_alpha", "DOCU_CHR_caseFLIP", "ITM_NULL", "DOCU_CHR_numSET", "ITM_NULL", "DOCU_ITM_RADIX", "ITM_PERIOD", AN74), ".lo", ),"MNU_", "-MNU_")} -> -MNU_MATX | AZ74: {=SUBSTITUTE(SUBSTITUTE(_xlfn.SWITCH(AO74, "ITM_T_HOME", "ITM_UP1", "ITM_T_END", "ITM_DOWN1", "DOCU_CHR_sub", "ITM_DOWN_ARROW", "DOCU_CHR_super", "ITM_UP_ARROW", "MNU_TAMALPHA", "ITM_alpha", "DOCU_CHR_caseFLIP", "ITM_NULL", "DOCU_CHR_numSET", "ITM_NULL", "DOCU_ITM_RADIX", "ITM_PERIOD", AO74), ".lo", ),"MNU_", "-MNU_")} -> -MNU_XFN | BA74: {=SUBSTITUTE(SUBSTITUTE(_xlfn.SWITCH(AP74, "ITM_T_HOME", "ITM_UP1", "ITM_T_END", "ITM_DOWN1", "DOCU_CHR_sub", "ITM_DOWN_ARROW", "DOCU_CHR_super", "ITM_UP_ARROW", "MNU_TAMALPHA", "ITM_alpha", "DOCU_CHR_caseFLIP", "ITM_NULL", "DOCU_CHR_numSET", "ITM_NULL", "DOCU_ITM_RADIX", "ITM_PERIOD", AP74), ".lo", ),"MNU_", "-MNU_")} -> ITM_9 | BB74: {=SUBSTITUTE(SUBSTITUTE(_xlfn.SWITCH(AQ74, "ITM_T_HOME", "ITM_UP1", "ITM_T_END", "ITM_DOWN1", "DOCU_CHR_sub", "ITM_DOWN_ARROW", "DOCU_CHR_super", "ITM_UP_ARROW", "MNU_TAMALPHA", "ITM_alpha", "DOCU_CHR_caseFLIP", "ITM_NULL", "DOCU_CHR_numSET", "ITM_NULL", "DOCU_ITM_RADIX", "ITM_PERIOD", AQ74), ".lo", ),"MNU_", "-MNU_")} -> ITM_R | BC74: {=SUBSTITUTE(SUBSTITUTE(_xlfn.SWITCH(AR74, "ITM_T_HOME", "ITM_UP1", "ITM_T_END", "ITM_DOWN1", "DOCU_CHR_sub", "ITM_DOWN_ARROW", "DOCU_CHR_super", "ITM_UP_ARROW", "MNU_TAMALPHA", "ITM_alpha", "DOCU_CHR_caseFLIP", "ITM_NULL", "DOCU_CHR_numSET", "ITM_NULL", "DOCU_ITM_RADIX", "ITM_PERIOD", AR74), ".lo", ),"MNU_", "-MNU_")} -> ITM_r | BD74: {=SUBSTITUTE(SUBSTITUTE(_xlfn.SWITCH(AS74, "ITM_T_HOME", "ITM_UP1", "ITM_T_END", "ITM_DOWN1", "DOCU_CHR_sub", "ITM_DOWN_ARROW", "DOCU_CHR_super", "ITM_UP_ARROW", "MNU_TAMALPHA", "ITM_alpha", "DOCU_CHR_caseFLIP", "ITM_NULL", "DOCU_CHR_numSET", "ITM_NULL", "DOCU_ITM_RADIX", "ITM_PERIOD", AS74), ".lo", ),"MNU_", "-MNU_")} -> ITM_9 | BE74: {=SUBSTITUTE(SUBSTITUTE(_xlfn.SWITCH(AT74, "ITM_T_HOME", "ITM_UP1", "ITM_T_END", "ITM_DOWN1", "DOCU_CHR_sub", "ITM_DOWN_ARROW", "DOCU_CHR_super", "ITM_UP_ARROW", "MNU_TAMALPHA", "ITM_alpha", "DOCU_CHR_caseFLIP", "ITM_NULL", "DOCU_CHR_numSET", "ITM_NULL", "DOCU_ITM_RADIX", "ITM_PERIOD", AT74), ".lo", ),"MNU_", "-MNU_")} -> ITM_9 | BI74: =" "&AW74&", "&REPT(" ",$BH$54-LEN(AW74))& AX74&", "&REPT(" ",$BH$54-LEN(AX74))& AY74&", "&REPT(" ",$BH$54-LEN(AY74))& AZ74&", "&REPT(" ",$BH$54-LEN(AZ74))& BA74&", "&REPT(" ",$BH$54-LEN(BA74))& BB74&", "&REPT(" ",$BH$54-LEN(BB74))& BC74&", "&REPT(" ",$BH$54-LEN(BC74))& BD74&", "&REPT(" ",$BH$54-LEN(BD74))& BE74&REPT(" ",$BH$54-LEN(BE74))& "}," -> {54, ITM_9, -MNU_MATX, -MNU_XFN, ITM_9, ITM_R, ITM_r, ITM_9, ITM_9 }, | BL74: =SUBSTITUTE(AR74,".lo","") -> ITM_r | BM74: =SUBSTITUTE(AS74,".lo","") -> ITM_9
C75: 1 | D75: 1 | E75: 1 | F75: 2 | G75: 2 | H75: 2 | I75: 2 | J75: 3 | K75: 3 | L75: 3 | M75: 3 | N75: 4 | O75: 4 | P75: 4 | Q75: 4 | R75: 5 | S75: 5 | T75: 5 | U75: 5 | X75: =X74 -> C47 | Y75: 5 | Z75: 5 | AA75: =X75&"."&Y75&Z75 -> C47.55 | AB75: ÷ | AC75: [ STAT ] | AD75: [ PLOT ] | AF75: S | AG75: =AF75=AH75 -> TRUE | AH75: =INDEX(labelitem,MATCH(AR75,items,0),1) -> s | AI75: =INDEX(labelitem,MATCH(AS75,items,0),1) -> ÷ | AJ75: =INDEX(labelitem,MATCH(AT75,items,0),1) -> ÷ | AL75: ="{"&Y75*10+Z75 -> {55 | AM75: =VLOOKUP(AB75,labelitem,2,0) -> ITM_DIV | AN75: =VLOOKUP(AC75,labelitem,2,0) -> MNU_STAT | AO75: =VLOOKUP(AD75,labelitem,2,0) -> MNU_PLOTTING | AP75: =IF(NOT(ISNA(MATCH(AM75,Lookups!E:E,))),VLOOKUP(AM75,Lookups!E:F,2,0), IF(NOT(ISNA(MATCH(AN75,Lookups!E:E,))),VLOOKUP(AN75,Lookups!E:F,2,0), IF(NOT(ISNA(MATCH(AO75,Lookups!E:E,))),VLOOKUP(AO75,Lookups!E:F,2,0),"ITM_NULL"))) -> ITM_OBELUS | AQ75: =VLOOKUP(AF75,labelitem,2,0) -> ITM_S | AR75: ITM_s.lo | AS75: ITM_OBELUS | AT75: ITM_DIV | AW75: =AL75 -> {55 | AX75: {=SUBSTITUTE(SUBSTITUTE(_xlfn.SWITCH(AM75, "ITM_T_HOME", "ITM_UP1", "ITM_T_END", "ITM_DOWN1", "DOCU_CHR_sub", "ITM_DOWN_ARROW", "DOCU_CHR_super", "ITM_UP_ARROW", "MNU_TAMALPHA", "ITM_alpha", "DOCU_CHR_caseFLIP", "ITM_NULL", "DOCU_CHR_numSET", "ITM_NULL", "DOCU_ITM_RADIX", "ITM_PERIOD", AM75), ".lo", ),"MNU_", "-MNU_")} -> ITM_DIV | AY75: {=SUBSTITUTE(SUBSTITUTE(_xlfn.SWITCH(AN75, "ITM_T_HOME", "ITM_UP1", "ITM_T_END", "ITM_DOWN1", "DOCU_CHR_sub", "ITM_DOWN_ARROW", "DOCU_CHR_super", "ITM_UP_ARROW", "MNU_TAMALPHA", "ITM_alpha", "DOCU_CHR_caseFLIP", "ITM_NULL", "DOCU_CHR_numSET", "ITM_NULL", "DOCU_ITM_RADIX", "ITM_PERIOD", AN75), ".lo", ),"MNU_", "-MNU_")} -> -MNU_STAT | AZ75: {=SUBSTITUTE(SUBSTITUTE(_xlfn.SWITCH(AO75, "ITM_T_HOME", "ITM_UP1", "ITM_T_END", "ITM_DOWN1", "DOCU_CHR_sub", "ITM_DOWN_ARROW", "DOCU_CHR_super", "ITM_UP_ARROW", "MNU_TAMALPHA", "ITM_alpha", "DOCU_CHR_caseFLIP", "ITM_NULL", "DOCU_CHR_numSET", "ITM_NULL", "DOCU_ITM_RADIX", "ITM_PERIOD", AO75), ".lo", ),"MNU_", "-MNU_")} -> -MNU_PLOTTING | BA75: {=SUBSTITUTE(SUBSTITUTE(_xlfn.SWITCH(AP75, "ITM_T_HOME", "ITM_UP1", "ITM_T_END", "ITM_DOWN1", "DOCU_CHR_sub", "ITM_DOWN_ARROW", "DOCU_CHR_super", "ITM_UP_ARROW", "MNU_TAMALPHA", "ITM_alpha", "DOCU_CHR_caseFLIP", "ITM_NULL", "DOCU_CHR_numSET", "ITM_NULL", "DOCU_ITM_RADIX", "ITM_PERIOD", AP75), ".lo", ),"MNU_", "-MNU_")} -> ITM_OBELUS | BB75: {=SUBSTITUTE(SUBSTITUTE(_xlfn.SWITCH(AQ75, "ITM_T_HOME", "ITM_UP1", "ITM_T_END", "ITM_DOWN1", "DOCU_CHR_sub", "ITM_DOWN_ARROW", "DOCU_CHR_super", "ITM_UP_ARROW", "MNU_TAMALPHA", "ITM_alpha", "DOCU_CHR_caseFLIP", "ITM_NULL", "DOCU_CHR_numSET", "ITM_NULL", "DOCU_ITM_RADIX", "ITM_PERIOD", AQ75), ".lo", ),"MNU_", "-MNU_")} -> ITM_S | BC75: {=SUBSTITUTE(SUBSTITUTE(_xlfn.SWITCH(AR75, "ITM_T_HOME", "ITM_UP1", "ITM_T_END", "ITM_DOWN1", "DOCU_CHR_sub", "ITM_DOWN_ARROW", "DOCU_CHR_super", "ITM_UP_ARROW", "MNU_TAMALPHA", "ITM_alpha", "DOCU_CHR_caseFLIP", "ITM_NULL", "DOCU_CHR_numSET", "ITM_NULL", "DOCU_ITM_RADIX", "ITM_PERIOD", AR75), ".lo", ),"MNU_", "-MNU_")} -> ITM_s | BD75: {=SUBSTITUTE(SUBSTITUTE(_xlfn.SWITCH(AS75, "ITM_T_HOME", "ITM_UP1", "ITM_T_END", "ITM_DOWN1", "DOCU_CHR_sub", "ITM_DOWN_ARROW", "DOCU_CHR_super", "ITM_UP_ARROW", "MNU_TAMALPHA", "ITM_alpha", "DOCU_CHR_caseFLIP", "ITM_NULL", "DOCU_CHR_numSET", "ITM_NULL", "DOCU_ITM_RADIX", "ITM_PERIOD", AS75), ".lo", ),"MNU_", "-MNU_")} -> ITM_OBELUS | BE75: {=SUBSTITUTE(SUBSTITUTE(_xlfn.SWITCH(AT75, "ITM_T_HOME", "ITM_UP1", "ITM_T_END", "ITM_DOWN1", "DOCU_CHR_sub", "ITM_DOWN_ARROW", "DOCU_CHR_super", "ITM_UP_ARROW", "MNU_TAMALPHA", "ITM_alpha", "DOCU_CHR_caseFLIP", "ITM_NULL", "DOCU_CHR_numSET", "ITM_NULL", "DOCU_ITM_RADIX", "ITM_PERIOD", AT75), ".lo", ),"MNU_", "-MNU_")} -> ITM_DIV | BI75: =" "&AW75&", "&REPT(" ",$BH$54-LEN(AW75))& AX75&", "&REPT(" ",$BH$54-LEN(AX75))& AY75&", "&REPT(" ",$BH$54-LEN(AY75))& AZ75&", "&REPT(" ",$BH$54-LEN(AZ75))& BA75&", "&REPT(" ",$BH$54-LEN(BA75))& BB75&", "&REPT(" ",$BH$54-LEN(BB75))& BC75&", "&REPT(" ",$BH$54-LEN(BC75))& BD75&", "&REPT(" ",$BH$54-LEN(BD75))& BE75&REPT(" ",$BH$54-LEN(BE75))& "}," -> {55, ITM_DIV, -MNU_STAT, -MNU_PLOTTING, ITM_OBELUS, ITM_S, ITM_s, ITM_OBELUS, ITM_DIV }, | BL75: =SUBSTITUTE(AR75,".lo","") -> ITM_s | BM75: =SUBSTITUTE(AS75,".lo","") -> ITM_OBELUS
B76: 50 | C76: =layout&"."&$B76+C75+C74 -> C47.51,2 | D76: =layout&"."&$B76+D75+D74 -> C47.51,3 | F76: =layout&"."&$B76+F75+F74 -> C47.52,2 | H76: =layout&"."&$B76+H75+H74 -> C47.52,3 | J76: =layout&"."&$B76+J75+J74 -> C47.53,2 | L76: =layout&"."&$B76+L75+L74 -> C47.53,3 | N76: =layout&"."&$B76+N75+N74 -> C47.54,2 | P76: =layout&"."&$B76+P75+P74 -> C47.54,3 | R76: =layout&"."&$B76+R75+R74 -> C47.55,2 | T76: =layout&"."&$B76+T75+T74 -> C47.55,3 | X76: =X75 -> C47 | Y76: 6 | Z76: 1 | AA76: =X76&"."&Y76&Z76 -> C47.61 | AB76: Dn | AC76: Scroll Dn | AD76: FLGS | AF76: END-> | AG76: =AF76=AH76 -> FALSE | AH76: =INDEX(labelitem,MATCH(AR76,items,0),1) -> CASE DN | AI76: =INDEX(labelitem,MATCH(AS76,items,0),1) -> Sub | AJ76: =INDEX(labelitem,MATCH(AT76,items,0),1) -> Dn | AL76: ="{"&Y76*10+Z76 -> {61 | AM76: =VLOOKUP(AB76,labelitem,2,0) -> ITM_DOWN1 | AN76: =VLOOKUP(AC76,labelitem,2,0) -> ITM_SST | AO76: =VLOOKUP(AD76,labelitem,2,0) -> ITM_FLGSV | AP76: =IF(NOT(ISNA(MATCH(AM76,Lookups!E:E,))),VLOOKUP(AM76,Lookups!E:F,2,0), IF(NOT(ISNA(MATCH(AN76,Lookups!E:E,))),VLOOKUP(AN76,Lookups!E:F,2,0), IF(NOT(ISNA(MATCH(AO76,Lookups!E:E,))),VLOOKUP(AO76,Lookups!E:F,2,0),"ITM_NULL"))) -> ITM_DOWN1 | AQ76: =VLOOKUP(AF76,labelitem,2,0) -> ITM_T_END | AR76: CHR_caseDN | AS76: DOCU_CHR_sub | AT76: ITM_DOWN1 | AW76: =AL76 -> {61 | AX76: {=SUBSTITUTE(SUBSTITUTE(_xlfn.SWITCH(AM76, "ITM_T_HOME", "ITM_UP1", "ITM_T_END", "ITM_DOWN1", "DOCU_CHR_sub", "ITM_DOWN_ARROW", "DOCU_CHR_super", "ITM_UP_ARROW", "MNU_TAMALPHA", "ITM_alpha", "DOCU_CHR_caseFLIP", "ITM_NULL", "DOCU_CHR_numSET", "ITM_NULL", "DOCU_ITM_RADIX", "ITM_PERIOD", AM76), ".lo", ),"MNU_", "-MNU_")} -> ITM_DOWN1 | AY76: {=SUBSTITUTE(SUBSTITUTE(_xlfn.SWITCH(AN76, "ITM_T_HOME", "ITM_UP1", "ITM_T_END", "ITM_DOWN1", "DOCU_CHR_sub", "ITM_DOWN_ARROW", "DOCU_CHR_super", "ITM_UP_ARROW", "MNU_TAMALPHA", "ITM_alpha", "DOCU_CHR_caseFLIP", "ITM_NULL", "DOCU_CHR_numSET", "ITM_NULL", "DOCU_ITM_RADIX", "ITM_PERIOD", AN76), ".lo", ),"MNU_", "-MNU_")} -> ITM_SST | AZ76: {=SUBSTITUTE(SUBSTITUTE(_xlfn.SWITCH(AO76, "ITM_T_HOME", "ITM_UP1", "ITM_T_END", "ITM_DOWN1", "DOCU_CHR_sub", "ITM_DOWN_ARROW", "DOCU_CHR_super", "ITM_UP_ARROW", "MNU_TAMALPHA", "ITM_alpha", "DOCU_CHR_caseFLIP", "ITM_NULL", "DOCU_CHR_numSET", "ITM_NULL", "DOCU_ITM_RADIX", "ITM_PERIOD", AO76), ".lo", ),"MNU_", "-MNU_")} -> ITM_FLGSV | BA76: {=SUBSTITUTE(SUBSTITUTE(_xlfn.SWITCH(AP76, "ITM_T_HOME", "ITM_UP1", "ITM_T_END", "ITM_DOWN1", "DOCU_CHR_sub", "ITM_DOWN_ARROW", "DOCU_CHR_super", "ITM_UP_ARROW", "MNU_TAMALPHA", "ITM_alpha", "DOCU_CHR_caseFLIP", "ITM_NULL", "DOCU_CHR_numSET", "ITM_NULL", "DOCU_ITM_RADIX", "ITM_PERIOD", AP76), ".lo", ),"MNU_", "-MNU_")} -> ITM_DOWN1 | BB76: {=SUBSTITUTE(SUBSTITUTE(_xlfn.SWITCH(AQ76, "ITM_T_HOME", "ITM_UP1", "ITM_T_END", "ITM_DOWN1", "DOCU_CHR_sub", "ITM_DOWN_ARROW", "DOCU_CHR_super", "ITM_UP_ARROW", "MNU_TAMALPHA", "ITM_alpha", "DOCU_CHR_caseFLIP", "ITM_NULL", "DOCU_CHR_numSET", "ITM_NULL", "DOCU_ITM_RADIX", "ITM_PERIOD", AQ76), ".lo", ),"MNU_", "-MNU_")} -> ITM_DOWN1 | BC76: {=SUBSTITUTE(SUBSTITUTE(_xlfn.SWITCH(AR76, "ITM_T_HOME", "ITM_UP1", "ITM_T_END", "ITM_DOWN1", "DOCU_CHR_sub", "ITM_DOWN_ARROW", "DOCU_CHR_super", "ITM_UP_ARROW", "MNU_TAMALPHA", "ITM_alpha", "DOCU_CHR_caseFLIP", "ITM_NULL", "DOCU_CHR_numSET", "ITM_NULL", "DOCU_ITM_RADIX", "ITM_PERIOD", AR76), ".lo", ),"MNU_", "-MNU_")} -> CHR_caseDN | BD76: {=SUBSTITUTE(SUBSTITUTE(_xlfn.SWITCH(AS76, "ITM_T_HOME", "ITM_UP1", "ITM_T_END", "ITM_DOWN1", "DOCU_CHR_sub", "ITM_DOWN_ARROW", "DOCU_CHR_super", "ITM_UP_ARROW", "MNU_TAMALPHA", "ITM_alpha", "DOCU_CHR_caseFLIP", "ITM_NULL", "DOCU_CHR_numSET", "ITM_NULL", "DOCU_ITM_RADIX", "ITM_PERIOD", AS76), ".lo", ),"MNU_", "-MNU_")} -> ITM_DOWN_ARROW | BE76: {=SUBSTITUTE(SUBSTITUTE(_xlfn.SWITCH(AT76, "ITM_T_HOME", "ITM_UP1", "ITM_T_END", "ITM_DOWN1", "DOCU_CHR_sub", "ITM_DOWN_ARROW", "DOCU_CHR_super", "ITM_UP_ARROW", "MNU_TAMALPHA", "ITM_alpha", "DOCU_CHR_caseFLIP", "ITM_NULL", "DOCU_CHR_numSET", "ITM_NULL", "DOCU_ITM_RADIX", "ITM_PERIOD", AT76), ".lo", ),"MNU_", "-MNU_")} -> ITM_DOWN1 | BI76: =" "&AW76&", "&REPT(" ",$BH$54-LEN(AW76))& AX76&", "&REPT(" ",$BH$54-LEN(AX76))& AY76&", "&REPT(" ",$BH$54-LEN(AY76))& AZ76&", "&REPT(" ",$BH$54-LEN(AZ76))& BA76&", "&REPT(" ",$BH$54-LEN(BA76))& BB76&", "&REPT(" ",$BH$54-LEN(BB76))& BC76&", "&REPT(" ",$BH$54-LEN(BC76))& BD76&", "&REPT(" ",$BH$54-LEN(BD76))& BE76&REPT(" ",$BH$54-LEN(BE76))& "}," -> {61, ITM_DOWN1, ITM_SST, ITM_FLGSV, ITM_DOWN1, ITM_DOWN1, CHR_caseDN, ITM_DOWN_ARROW, ITM_DOWN1 }, | BL76: =SUBSTITUTE(AR76,".lo","") -> CHR_caseDN | BM76: =SUBSTITUTE(AS76,".lo","") -> DOCU_CHR_sub
A77: 0.1 | B77: 50 | C77: =layout&"."&$B79+C75+$A77 -> C47.51,1 | E77: =layout&"."&$B77+E75+E74 -> C47.51,4 | F77: =layout&"."&$B77+F75+$A77 -> C47.52,1 | G77: =$B79+G75+$A77 -> 52.1 | I77: =layout&"."&$B77+I75+I74 -> C47.52,4 | J77: =layout&"."&$B77+J75+$A77 -> C47.53,1 | K77: =$B79+K75+$A77 -> 53.1 | M77: =layout&"."&$B77+M75+M74 -> C47.53,4 | N77: =layout&"."&$B77+N75+$A77 -> C47.54,1 | O77: =$B79+O75+$A77 -> 54.1 | Q77: =layout&"."&$B77+Q75+Q74 -> C47.54,4 | R77: =layout&"."&$B77+R75+$A77 -> C47.55,1 | S77: =$B79+S75+$A77 -> 55.1 | U77: =layout&"."&$B77+U75+U74 -> C47.55,4 | X77: =X76 -> C47 | Y77: 6 | Z77: 2 | AA77: =X77&"."&Y77&Z77 -> C47.62 | AB77: 4 | AC77: [ BASE ] | AD77: [ BITS ] | AF77: T | AG77: =AF77=AH77 -> TRUE | AH77: =INDEX(labelitem,MATCH(AR77,items,0),1) -> t | AI77: =INDEX(labelitem,MATCH(AS77,items,0),1) -> 4 | AJ77: =INDEX(labelitem,MATCH(AT77,items,0),1) -> 4 | AL77: ="{"&Y77*10+Z77 -> {62 | AM77: =VLOOKUP(AB77,labelitem,2,0) -> ITM_4 | AN77: =VLOOKUP(AC77,labelitem,2,0) -> MNU_BASE | AO77: =VLOOKUP(AD77,labelitem,2,0) -> MNU_BITS | AP77: =IF(NOT(ISNA(MATCH(AM77,Lookups!E:E,))),VLOOKUP(AM77,Lookups!E:F,2,0), IF(NOT(ISNA(MATCH(AN77,Lookups!E:E,))),VLOOKUP(AN77,Lookups!E:F,2,0), IF(NOT(ISNA(MATCH(AO77,Lookups!E:E,))),VLOOKUP(AO77,Lookups!E:F,2,0),"ITM_NULL"))) -> ITM_4 | AQ77: =VLOOKUP(AF77,labelitem,2,0) -> ITM_T | AR77: ITM_t.lo | AS77: ITM_4 | AT77: ITM_4 | AW77: =AL77 -> {62 | AX77: {=SUBSTITUTE(SUBSTITUTE(_xlfn.SWITCH(AM77, "ITM_T_HOME", "ITM_UP1", "ITM_T_END", "ITM_DOWN1", "DOCU_CHR_sub", "ITM_DOWN_ARROW", "DOCU_CHR_super", "ITM_UP_ARROW", "MNU_TAMALPHA", "ITM_alpha", "DOCU_CHR_caseFLIP", "ITM_NULL", "DOCU_CHR_numSET", "ITM_NULL", "DOCU_ITM_RADIX", "ITM_PERIOD", AM77), ".lo", ),"MNU_", "-MNU_")} -> ITM_4 | AY77: {=SUBSTITUTE(SUBSTITUTE(_xlfn.SWITCH(AN77, "ITM_T_HOME", "ITM_UP1", "ITM_T_END", "ITM_DOWN1", "DOCU_CHR_sub", "ITM_DOWN_ARROW", "DOCU_CHR_super", "ITM_UP_ARROW", "MNU_TAMALPHA", "ITM_alpha", "DOCU_CHR_caseFLIP", "ITM_NULL", "DOCU_CHR_numSET", "ITM_NULL", "DOCU_ITM_RADIX", "ITM_PERIOD", AN77), ".lo", ),"MNU_", "-MNU_")} -> -MNU_BASE | AZ77: {=SUBSTITUTE(SUBSTITUTE(_xlfn.SWITCH(AO77, "ITM_T_HOME", "ITM_UP1", "ITM_T_END", "ITM_DOWN1", "DOCU_CHR_sub", "ITM_DOWN_ARROW", "DOCU_CHR_super", "ITM_UP_ARROW", "MNU_TAMALPHA", "ITM_alpha", "DOCU_CHR_caseFLIP", "ITM_NULL", "DOCU_CHR_numSET", "ITM_NULL", "DOCU_ITM_RADIX", "ITM_PERIOD", AO77), ".lo", ),"MNU_", "-MNU_")} -> -MNU_BITS | BA77: {=SUBSTITUTE(SUBSTITUTE(_xlfn.SWITCH(AP77, "ITM_T_HOME", "ITM_UP1", "ITM_T_END", "ITM_DOWN1", "DOCU_CHR_sub", "ITM_DOWN_ARROW", "DOCU_CHR_super", "ITM_UP_ARROW", "MNU_TAMALPHA", "ITM_alpha", "DOCU_CHR_caseFLIP", "ITM_NULL", "DOCU_CHR_numSET", "ITM_NULL", "DOCU_ITM_RADIX", "ITM_PERIOD", AP77), ".lo", ),"MNU_", "-MNU_")} -> ITM_4 | BB77: {=SUBSTITUTE(SUBSTITUTE(_xlfn.SWITCH(AQ77, "ITM_T_HOME", "ITM_UP1", "ITM_T_END", "ITM_DOWN1", "DOCU_CHR_sub", "ITM_DOWN_ARROW", "DOCU_CHR_super", "ITM_UP_ARROW", "MNU_TAMALPHA", "ITM_alpha", "DOCU_CHR_caseFLIP", "ITM_NULL", "DOCU_CHR_numSET", "ITM_NULL", "DOCU_ITM_RADIX", "ITM_PERIOD", AQ77), ".lo", ),"MNU_", "-MNU_")} -> ITM_T | BC77: {=SUBSTITUTE(SUBSTITUTE(_xlfn.SWITCH(AR77, "ITM_T_HOME", "ITM_UP1", "ITM_T_END", "ITM_DOWN1", "DOCU_CHR_sub", "ITM_DOWN_ARROW", "DOCU_CHR_super", "ITM_UP_ARROW", "MNU_TAMALPHA", "ITM_alpha", "DOCU_CHR_caseFLIP", "ITM_NULL", "DOCU_CHR_numSET", "ITM_NULL", "DOCU_ITM_RADIX", "ITM_PERIOD", AR77), ".lo", ),"MNU_", "-MNU_")} -> ITM_t | BD77: {=SUBSTITUTE(SUBSTITUTE(_xlfn.SWITCH(AS77, "ITM_T_HOME", "ITM_UP1", "ITM_T_END", "ITM_DOWN1", "DOCU_CHR_sub", "ITM_DOWN_ARROW", "DOCU_CHR_super", "ITM_UP_ARROW", "MNU_TAMALPHA", "ITM_alpha", "DOCU_CHR_caseFLIP", "ITM_NULL", "DOCU_CHR_numSET", "ITM_NULL", "DOCU_ITM_RADIX", "ITM_PERIOD", AS77), ".lo", ),"MNU_", "-MNU_")} -> ITM_4 | BE77: {=SUBSTITUTE(SUBSTITUTE(_xlfn.SWITCH(AT77, "ITM_T_HOME", "ITM_UP1", "ITM_T_END", "ITM_DOWN1", "DOCU_CHR_sub", "ITM_DOWN_ARROW", "DOCU_CHR_super", "ITM_UP_ARROW", "MNU_TAMALPHA", "ITM_alpha", "DOCU_CHR_caseFLIP", "ITM_NULL", "DOCU_CHR_numSET", "ITM_NULL", "DOCU_ITM_RADIX", "ITM_PERIOD", AT77), ".lo", ),"MNU_", "-MNU_")} -> ITM_4 | BI77: =" "&AW77&", "&REPT(" ",$BH$54-LEN(AW77))& AX77&", "&REPT(" ",$BH$54-LEN(AX77))& AY77&", "&REPT(" ",$BH$54-LEN(AY77))& AZ77&", "&REPT(" ",$BH$54-LEN(AZ77))& BA77&", "&REPT(" ",$BH$54-LEN(BA77))& BB77&", "&REPT(" ",$BH$54-LEN(BB77))& BC77&", "&REPT(" ",$BH$54-LEN(BC77))& BD77&", "&REPT(" ",$BH$54-LEN(BD77))& BE77&REPT(" ",$BH$54-LEN(BE77))& "}," -> {62, ITM_4, -MNU_BASE, -MNU_BITS, ITM_4, ITM_T, ITM_t, ITM_4, ITM_4 }, | BL77: =SUBSTITUTE(AR77,".lo","") -> ITM_t | BM77: =SUBSTITUTE(AS77,".lo","") -> ITM_4
A78: 0.1 | B78: 50 | E78: =layout&"."&$B78+E77+E76 -> #VALUE! | I78: =layout&"."&$B78+I77+I76 -> #VALUE! | M78: =layout&"."&$B78+M77+M76 -> #VALUE! | Q78: =layout&"."&$B78+Q77+Q76 -> #VALUE! | U78: =layout&"."&$B78+U77+U76 -> #VALUE! | X78: =X77 -> C47 | Y78: 6 | Z78: 3 | AA78: =X78&"."&Y78&Z78 -> C47.63 | AB78: 5 | AC78: [ CONV ] | AD78: [ CLK ] | AF78: U | AG78: =AF78=AH78 -> TRUE | AH78: =INDEX(labelitem,MATCH(AR78,items,0),1) -> u | AI78: =INDEX(labelitem,MATCH(AS78,items,0),1) -> 5 | AJ78: =INDEX(labelitem,MATCH(AT78,items,0),1) -> 5 | AL78: ="{"&Y78*10+Z78 -> {63 | AM78: =VLOOKUP(AB78,labelitem,2,0) -> ITM_5 | AN78: =VLOOKUP(AC78,labelitem,2,0) -> MNU_UNITCONV | AO78: =VLOOKUP(AD78,labelitem,2,0) -> MNU_CLK | AP78: =IF(NOT(ISNA(MATCH(AM78,Lookups!E:E,))),VLOOKUP(AM78,Lookups!E:F,2,0), IF(NOT(ISNA(MATCH(AN78,Lookups!E:E,))),VLOOKUP(AN78,Lookups!E:F,2,0), IF(NOT(ISNA(MATCH(AO78,Lookups!E:E,))),VLOOKUP(AO78,Lookups!E:F,2,0),"ITM_NULL"))) -> ITM_5 | AQ78: =VLOOKUP(AF78,labelitem,2,0) -> ITM_U | AR78: ITM_u.lo | AS78: ITM_5 | AT78: ITM_5 | AW78: =AL78 -> {63 | AX78: {=SUBSTITUTE(SUBSTITUTE(_xlfn.SWITCH(AM78, "ITM_T_HOME", "ITM_UP1", "ITM_T_END", "ITM_DOWN1", "DOCU_CHR_sub", "ITM_DOWN_ARROW", "DOCU_CHR_super", "ITM_UP_ARROW", "MNU_TAMALPHA", "ITM_alpha", "DOCU_CHR_caseFLIP", "ITM_NULL", "DOCU_CHR_numSET", "ITM_NULL", "DOCU_ITM_RADIX", "ITM_PERIOD", AM78), ".lo", ),"MNU_", "-MNU_")} -> ITM_5 | AY78: {=SUBSTITUTE(SUBSTITUTE(_xlfn.SWITCH(AN78, "ITM_T_HOME", "ITM_UP1", "ITM_T_END", "ITM_DOWN1", "DOCU_CHR_sub", "ITM_DOWN_ARROW", "DOCU_CHR_super", "ITM_UP_ARROW", "MNU_TAMALPHA", "ITM_alpha", "DOCU_CHR_caseFLIP", "ITM_NULL", "DOCU_CHR_numSET", "ITM_NULL", "DOCU_ITM_RADIX", "ITM_PERIOD", AN78), ".lo", ),"MNU_", "-MNU_")} -> -MNU_UNITCONV | AZ78: {=SUBSTITUTE(SUBSTITUTE(_xlfn.SWITCH(AO78, "ITM_T_HOME", "ITM_UP1", "ITM_T_END", "ITM_DOWN1", "DOCU_CHR_sub", "ITM_DOWN_ARROW", "DOCU_CHR_super", "ITM_UP_ARROW", "MNU_TAMALPHA", "ITM_alpha", "DOCU_CHR_caseFLIP", "ITM_NULL", "DOCU_CHR_numSET", "ITM_NULL", "DOCU_ITM_RADIX", "ITM_PERIOD", AO78), ".lo", ),"MNU_", "-MNU_")} -> -MNU_CLK | BA78: {=SUBSTITUTE(SUBSTITUTE(_xlfn.SWITCH(AP78, "ITM_T_HOME", "ITM_UP1", "ITM_T_END", "ITM_DOWN1", "DOCU_CHR_sub", "ITM_DOWN_ARROW", "DOCU_CHR_super", "ITM_UP_ARROW", "MNU_TAMALPHA", "ITM_alpha", "DOCU_CHR_caseFLIP", "ITM_NULL", "DOCU_CHR_numSET", "ITM_NULL", "DOCU_ITM_RADIX", "ITM_PERIOD", AP78), ".lo", ),"MNU_", "-MNU_")} -> ITM_5 | BB78: {=SUBSTITUTE(SUBSTITUTE(_xlfn.SWITCH(AQ78, "ITM_T_HOME", "ITM_UP1", "ITM_T_END", "ITM_DOWN1", "DOCU_CHR_sub", "ITM_DOWN_ARROW", "DOCU_CHR_super", "ITM_UP_ARROW", "MNU_TAMALPHA", "ITM_alpha", "DOCU_CHR_caseFLIP", "ITM_NULL", "DOCU_CHR_numSET", "ITM_NULL", "DOCU_ITM_RADIX", "ITM_PERIOD", AQ78), ".lo", ),"MNU_", "-MNU_")} -> ITM_U | BC78: {=SUBSTITUTE(SUBSTITUTE(_xlfn.SWITCH(AR78, "ITM_T_HOME", "ITM_UP1", "ITM_T_END", "ITM_DOWN1", "DOCU_CHR_sub", "ITM_DOWN_ARROW", "DOCU_CHR_super", "ITM_UP_ARROW", "MNU_TAMALPHA", "ITM_alpha", "DOCU_CHR_caseFLIP", "ITM_NULL", "DOCU_CHR_numSET", "ITM_NULL", "DOCU_ITM_RADIX", "ITM_PERIOD", AR78), ".lo", ),"MNU_", "-MNU_")} -> ITM_u | BD78: {=SUBSTITUTE(SUBSTITUTE(_xlfn.SWITCH(AS78, "ITM_T_HOME", "ITM_UP1", "ITM_T_END", "ITM_DOWN1", "DOCU_CHR_sub", "ITM_DOWN_ARROW", "DOCU_CHR_super", "ITM_UP_ARROW", "MNU_TAMALPHA", "ITM_alpha", "DOCU_CHR_caseFLIP", "ITM_NULL", "DOCU_CHR_numSET", "ITM_NULL", "DOCU_ITM_RADIX", "ITM_PERIOD", AS78), ".lo", ),"MNU_", "-MNU_")} -> ITM_5 | BE78: {=SUBSTITUTE(SUBSTITUTE(_xlfn.SWITCH(AT78, "ITM_T_HOME", "ITM_UP1", "ITM_T_END", "ITM_DOWN1", "DOCU_CHR_sub", "ITM_DOWN_ARROW", "DOCU_CHR_super", "ITM_UP_ARROW", "MNU_TAMALPHA", "ITM_alpha", "DOCU_CHR_caseFLIP", "ITM_NULL", "DOCU_CHR_numSET", "ITM_NULL", "DOCU_ITM_RADIX", "ITM_PERIOD", AT78), ".lo", ),"MNU_", "-MNU_")} -> ITM_5 | BI78: =" "&AW78&", "&REPT(" ",$BH$54-LEN(AW78))& AX78&", "&REPT(" ",$BH$54-LEN(AX78))& AY78&", "&REPT(" ",$BH$54-LEN(AY78))& AZ78&", "&REPT(" ",$BH$54-LEN(AZ78))& BA78&", "&REPT(" ",$BH$54-LEN(BA78))& BB78&", "&REPT(" ",$BH$54-LEN(BB78))& BC78&", "&REPT(" ",$BH$54-LEN(BC78))& BD78&", "&REPT(" ",$BH$54-LEN(BD78))& BE78&REPT(" ",$BH$54-LEN(BE78))& "}," -> {63, ITM_5, -MNU_UNITCONV, -MNU_CLK, ITM_5, ITM_U, ITM_u, ITM_5, ITM_5 }, | BL78: =SUBSTITUTE(AR78,".lo","") -> ITM_u | BM78: =SUBSTITUTE(AS78,".lo","") -> ITM_5
A79: 0.1 | B79: 50 | E79: =layout&"."&$B79+E78+E77 -> #VALUE! | I79: =layout&"."&$B79+I78+I77 -> #VALUE! | M79: =layout&"."&$B79+M78+M77 -> #VALUE! | Q79: =layout&"."&$B79+Q78+Q77 -> #VALUE! | U79: =layout&"."&$B79+U78+U77 -> #VALUE! | X79: =X78 -> C47 | Y79: 6 | Z79: 4 | AA79: =X79&"."&Y79&Z79 -> C47.64 | AB79: 6 | AC79: [ FLAG ] | AD79: [ REAL ] | AF79: V | AG79: =AF79=AH79 -> TRUE | AH79: =INDEX(labelitem,MATCH(AR79,items,0),1) -> v | AI79: =INDEX(labelitem,MATCH(AS79,items,0),1) -> 6 | AJ79: =INDEX(labelitem,MATCH(AT79,items,0),1) -> 6 | AL79: ="{"&Y79*10+Z79 -> {64 | AM79: =VLOOKUP(AB79,labelitem,2,0) -> ITM_6 | AN79: =VLOOKUP(AC79,labelitem,2,0) -> MNU_FLAGS | AO79: =VLOOKUP(AD79,labelitem,2,0) -> MNU_PARTS | AP79: =IF(NOT(ISNA(MATCH(AM79,Lookups!E:E,))),VLOOKUP(AM79,Lookups!E:F,2,0), IF(NOT(ISNA(MATCH(AN79,Lookups!E:E,))),VLOOKUP(AN79,Lookups!E:F,2,0), IF(NOT(ISNA(MATCH(AO79,Lookups!E:E,))),VLOOKUP(AO79,Lookups!E:F,2,0),"ITM_NULL"))) -> ITM_6 | AQ79: =VLOOKUP(AF79,labelitem,2,0) -> ITM_V | AR79: ITM_v.lo | AS79: ITM_6 | AT79: ITM_6 | AW79: =AL79 -> {64 | AX79: {=SUBSTITUTE(SUBSTITUTE(_xlfn.SWITCH(AM79, "ITM_T_HOME", "ITM_UP1", "ITM_T_END", "ITM_DOWN1", "DOCU_CHR_sub", "ITM_DOWN_ARROW", "DOCU_CHR_super", "ITM_UP_ARROW", "MNU_TAMALPHA", "ITM_alpha", "DOCU_CHR_caseFLIP", "ITM_NULL", "DOCU_CHR_numSET", "ITM_NULL", "DOCU_ITM_RADIX", "ITM_PERIOD", AM79), ".lo", ),"MNU_", "-MNU_")} -> ITM_6 | AY79: {=SUBSTITUTE(SUBSTITUTE(_xlfn.SWITCH(AN79, "ITM_T_HOME", "ITM_UP1", "ITM_T_END", "ITM_DOWN1", "DOCU_CHR_sub", "ITM_DOWN_ARROW", "DOCU_CHR_super", "ITM_UP_ARROW", "MNU_TAMALPHA", "ITM_alpha", "DOCU_CHR_caseFLIP", "ITM_NULL", "DOCU_CHR_numSET", "ITM_NULL", "DOCU_ITM_RADIX", "ITM_PERIOD", AN79), ".lo", ),"MNU_", "-MNU_")} -> -MNU_FLAGS | AZ79: {=SUBSTITUTE(SUBSTITUTE(_xlfn.SWITCH(AO79, "ITM_T_HOME", "ITM_UP1", "ITM_T_END", "ITM_DOWN1", "DOCU_CHR_sub", "ITM_DOWN_ARROW", "DOCU_CHR_super", "ITM_UP_ARROW", "MNU_TAMALPHA", "ITM_alpha", "DOCU_CHR_caseFLIP", "ITM_NULL", "DOCU_CHR_numSET", "ITM_NULL", "DOCU_ITM_RADIX", "ITM_PERIOD", AO79), ".lo", ),"MNU_", "-MNU_")} -> -MNU_PARTS | BA79: {=SUBSTITUTE(SUBSTITUTE(_xlfn.SWITCH(AP79, "ITM_T_HOME", "ITM_UP1", "ITM_T_END", "ITM_DOWN1", "DOCU_CHR_sub", "ITM_DOWN_ARROW", "DOCU_CHR_super", "ITM_UP_ARROW", "MNU_TAMALPHA", "ITM_alpha", "DOCU_CHR_caseFLIP", "ITM_NULL", "DOCU_CHR_numSET", "ITM_NULL", "DOCU_ITM_RADIX", "ITM_PERIOD", AP79), ".lo", ),"MNU_", "-MNU_")} -> ITM_6 | BB79: {=SUBSTITUTE(SUBSTITUTE(_xlfn.SWITCH(AQ79, "ITM_T_HOME", "ITM_UP1", "ITM_T_END", "ITM_DOWN1", "DOCU_CHR_sub", "ITM_DOWN_ARROW", "DOCU_CHR_super", "ITM_UP_ARROW", "MNU_TAMALPHA", "ITM_alpha", "DOCU_CHR_caseFLIP", "ITM_NULL", "DOCU_CHR_numSET", "ITM_NULL", "DOCU_ITM_RADIX", "ITM_PERIOD", AQ79), ".lo", ),"MNU_", "-MNU_")} -> ITM_V | BC79: {=SUBSTITUTE(SUBSTITUTE(_xlfn.SWITCH(AR79, "ITM_T_HOME", "ITM_UP1", "ITM_T_END", "ITM_DOWN1", "DOCU_CHR_sub", "ITM_DOWN_ARROW", "DOCU_CHR_super", "ITM_UP_ARROW", "MNU_TAMALPHA", "ITM_alpha", "DOCU_CHR_caseFLIP", "ITM_NULL", "DOCU_CHR_numSET", "ITM_NULL", "DOCU_ITM_RADIX", "ITM_PERIOD", AR79), ".lo", ),"MNU_", "-MNU_")} -> ITM_v | BD79: {=SUBSTITUTE(SUBSTITUTE(_xlfn.SWITCH(AS79, "ITM_T_HOME", "ITM_UP1", "ITM_T_END", "ITM_DOWN1", "DOCU_CHR_sub", "ITM_DOWN_ARROW", "DOCU_CHR_super", "ITM_UP_ARROW", "MNU_TAMALPHA", "ITM_alpha", "DOCU_CHR_caseFLIP", "ITM_NULL", "DOCU_CHR_numSET", "ITM_NULL", "DOCU_ITM_RADIX", "ITM_PERIOD", AS79), ".lo", ),"MNU_", "-MNU_")} -> ITM_6 | BE79: {=SUBSTITUTE(SUBSTITUTE(_xlfn.SWITCH(AT79, "ITM_T_HOME", "ITM_UP1", "ITM_T_END", "ITM_DOWN1", "DOCU_CHR_sub", "ITM_DOWN_ARROW", "DOCU_CHR_super", "ITM_UP_ARROW", "MNU_TAMALPHA", "ITM_alpha", "DOCU_CHR_caseFLIP", "ITM_NULL", "DOCU_CHR_numSET", "ITM_NULL", "DOCU_ITM_RADIX", "ITM_PERIOD", AT79), ".lo", ),"MNU_", "-MNU_")} -> ITM_6 | BI79: =" "&AW79&", "&REPT(" ",$BH$54-LEN(AW79))& AX79&", "&REPT(" ",$BH$54-LEN(AX79))& AY79&", "&REPT(" ",$BH$54-LEN(AY79))& AZ79&", "&REPT(" ",$BH$54-LEN(AZ79))& BA79&", "&REPT(" ",$BH$54-LEN(BA79))& BB79&", "&REPT(" ",$BH$54-LEN(BB79))& BC79&", "&REPT(" ",$BH$54-LEN(BC79))& BD79&", "&REPT(" ",$BH$54-LEN(BD79))& BE79&REPT(" ",$BH$54-LEN(BE79))& "}," -> {64, ITM_6, -MNU_FLAGS, -MNU_PARTS, ITM_6, ITM_V, ITM_v, ITM_6, ITM_6 }, | BL79: =SUBSTITUTE(AR79,".lo","") -> ITM_v | BM79: =SUBSTITUTE(AS79,".lo","") -> ITM_6
C80: =2/10 -> 0.2 | D80: =3/10 -> 0.3 | E80: =4/10 -> 0.4 | F80: =2/10 -> 0.2 | H80: =3/10 -> 0.3 | I80: =4/10 -> 0.4 | J80: =2/10 -> 0.2 | L80: =3/10 -> 0.3 | M80: =4/10 -> 0.4 | N80: =2/10 -> 0.2 | P80: =3/10 -> 0.3 | Q80: =4/10 -> 0.4 | R80: =2/10 -> 0.2 | T80: =3/10 -> 0.3 | U80: =4/10 -> 0.4 | X80: =X79 -> C47 | Y80: 6 | Z80: 5 | AA80: =X80&"."&Y80&Z80 -> C47.65 | AB80: ✕ | AC80: [ PROB ] | AD80: [ INTS ] | AF80: W | AG80: =AF80=AH80 -> TRUE | AH80: =INDEX(labelitem,MATCH(AR80,items,0),1) -> w | AI80: =INDEX(labelitem,MATCH(AS80,items,0),1) -> ✕ | AJ80: =INDEX(labelitem,MATCH(AT80,items,0),1) -> ✕ | AL80: ="{"&Y80*10+Z80 -> {65 | AM80: =VLOOKUP(AB80,labelitem,2,0) -> ITM_MULT | AN80: =VLOOKUP(AC80,labelitem,2,0) -> MNU_PROB | AO80: =VLOOKUP(AD80,labelitem,2,0) -> MNU_INTS | AP80: =IF(NOT(ISNA(MATCH(AM80,Lookups!E:E,))),VLOOKUP(AM80,Lookups!E:F,2,0), IF(NOT(ISNA(MATCH(AN80,Lookups!E:E,))),VLOOKUP(AN80,Lookups!E:F,2,0), IF(NOT(ISNA(MATCH(AO80,Lookups!E:E,))),VLOOKUP(AO80,Lookups!E:F,2,0),"ITM_NULL"))) -> ITM_CROSS | AQ80: =VLOOKUP(AF80,labelitem,2,0) -> ITM_W | AR80: ITM_w.lo | AS80: ITM_CROSS | AT80: ITM_MULT | AW80: =AL80 -> {65 | AX80: {=SUBSTITUTE(SUBSTITUTE(_xlfn.SWITCH(AM80, "ITM_T_HOME", "ITM_UP1", "ITM_T_END", "ITM_DOWN1", "DOCU_CHR_sub", "ITM_DOWN_ARROW", "DOCU_CHR_super", "ITM_UP_ARROW", "MNU_TAMALPHA", "ITM_alpha", "DOCU_CHR_caseFLIP", "ITM_NULL", "DOCU_CHR_numSET", "ITM_NULL", "DOCU_ITM_RADIX", "ITM_PERIOD", AM80), ".lo", ),"MNU_", "-MNU_")} -> ITM_MULT | AY80: {=SUBSTITUTE(SUBSTITUTE(_xlfn.SWITCH(AN80, "ITM_T_HOME", "ITM_UP1", "ITM_T_END", "ITM_DOWN1", "DOCU_CHR_sub", "ITM_DOWN_ARROW", "DOCU_CHR_super", "ITM_UP_ARROW", "MNU_TAMALPHA", "ITM_alpha", "DOCU_CHR_caseFLIP", "ITM_NULL", "DOCU_CHR_numSET", "ITM_NULL", "DOCU_ITM_RADIX", "ITM_PERIOD", AN80), ".lo", ),"MNU_", "-MNU_")} -> -MNU_PROB | AZ80: {=SUBSTITUTE(SUBSTITUTE(_xlfn.SWITCH(AO80, "ITM_T_HOME", "ITM_UP1", "ITM_T_END", "ITM_DOWN1", "DOCU_CHR_sub", "ITM_DOWN_ARROW", "DOCU_CHR_super", "ITM_UP_ARROW", "MNU_TAMALPHA", "ITM_alpha", "DOCU_CHR_caseFLIP", "ITM_NULL", "DOCU_CHR_numSET", "ITM_NULL", "DOCU_ITM_RADIX", "ITM_PERIOD", AO80), ".lo", ),"MNU_", "-MNU_")} -> -MNU_INTS | BA80: {=SUBSTITUTE(SUBSTITUTE(_xlfn.SWITCH(AP80, "ITM_T_HOME", "ITM_UP1", "ITM_T_END", "ITM_DOWN1", "DOCU_CHR_sub", "ITM_DOWN_ARROW", "DOCU_CHR_super", "ITM_UP_ARROW", "MNU_TAMALPHA", "ITM_alpha", "DOCU_CHR_caseFLIP", "ITM_NULL", "DOCU_CHR_numSET", "ITM_NULL", "DOCU_ITM_RADIX", "ITM_PERIOD", AP80), ".lo", ),"MNU_", "-MNU_")} -> ITM_CROSS | BB80: {=SUBSTITUTE(SUBSTITUTE(_xlfn.SWITCH(AQ80, "ITM_T_HOME", "ITM_UP1", "ITM_T_END", "ITM_DOWN1", "DOCU_CHR_sub", "ITM_DOWN_ARROW", "DOCU_CHR_super", "ITM_UP_ARROW", "MNU_TAMALPHA", "ITM_alpha", "DOCU_CHR_caseFLIP", "ITM_NULL", "DOCU_CHR_numSET", "ITM_NULL", "DOCU_ITM_RADIX", "ITM_PERIOD", AQ80), ".lo", ),"MNU_", "-MNU_")} -> ITM_W | BC80: {=SUBSTITUTE(SUBSTITUTE(_xlfn.SWITCH(AR80, "ITM_T_HOME", "ITM_UP1", "ITM_T_END", "ITM_DOWN1", "DOCU_CHR_sub", "ITM_DOWN_ARROW", "DOCU_CHR_super", "ITM_UP_ARROW", "MNU_TAMALPHA", "ITM_alpha", "DOCU_CHR_caseFLIP", "ITM_NULL", "DOCU_CHR_numSET", "ITM_NULL", "DOCU_ITM_RADIX", "ITM_PERIOD", AR80), ".lo", ),"MNU_", "-MNU_")} -> ITM_w | BD80: {=SUBSTITUTE(SUBSTITUTE(_xlfn.SWITCH(AS80, "ITM_T_HOME", "ITM_UP1", "ITM_T_END", "ITM_DOWN1", "DOCU_CHR_sub", "ITM_DOWN_ARROW", "DOCU_CHR_super", "ITM_UP_ARROW", "MNU_TAMALPHA", "ITM_alpha", "DOCU_CHR_caseFLIP", "ITM_NULL", "DOCU_CHR_numSET", "ITM_NULL", "DOCU_ITM_RADIX", "ITM_PERIOD", AS80), ".lo", ),"MNU_", "-MNU_")} -> ITM_CROSS | BE80: {=SUBSTITUTE(SUBSTITUTE(_xlfn.SWITCH(AT80, "ITM_T_HOME", "ITM_UP1", "ITM_T_END", "ITM_DOWN1", "DOCU_CHR_sub", "ITM_DOWN_ARROW", "DOCU_CHR_super", "ITM_UP_ARROW", "MNU_TAMALPHA", "ITM_alpha", "DOCU_CHR_caseFLIP", "ITM_NULL", "DOCU_CHR_numSET", "ITM_NULL", "DOCU_ITM_RADIX", "ITM_PERIOD", AT80), ".lo", ),"MNU_", "-MNU_")} -> ITM_MULT | BI80: =" "&AW80&", "&REPT(" ",$BH$54-LEN(AW80))& AX80&", "&REPT(" ",$BH$54-LEN(AX80))& AY80&", "&REPT(" ",$BH$54-LEN(AY80))& AZ80&", "&REPT(" ",$BH$54-LEN(AZ80))& BA80&", "&REPT(" ",$BH$54-LEN(BA80))& BB80&", "&REPT(" ",$BH$54-LEN(BB80))& BC80&", "&REPT(" ",$BH$54-LEN(BC80))& BD80&", "&REPT(" ",$BH$54-LEN(BD80))& BE80&REPT(" ",$BH$54-LEN(BE80))& "}," -> {65, ITM_MULT, -MNU_PROB, -MNU_INTS, ITM_CROSS, ITM_W, ITM_w, ITM_CROSS, ITM_MULT }, | BL80: =SUBSTITUTE(AR80,".lo","") -> ITM_w | BM80: =SUBSTITUTE(AS80,".lo","") -> ITM_CROSS
C81: 1 | D81: 1 | E81: 1 | F81: 2 | G81: 2 | H81: 2 | I81: 2 | J81: 3 | K81: 3 | L81: 3 | M81: 3 | N81: 4 | O81: 4 | P81: 4 | Q81: 4 | R81: 5 | S81: 5 | T81: 5 | U81: 5 | X81: =X80 -> C47 | Y81: 7 | Z81: 1 | AA81: =X81&"."&Y81&Z81 -> C47.71 | AB81: f/g | AF81: f/g | AG81: =AF81=AH81 -> FALSE | AH81: =INDEX(labelitem,MATCH(AR81,items,0),1) -> (FlipChar) | AI81: =INDEX(labelitem,MATCH(AS81,items,0),1) -> (Digit) | AJ81: =INDEX(labelitem,MATCH(AT81,items,0),1) -> f/g | AL81: ="{"&Y81*10+Z81 -> {71 | AM81: =VLOOKUP(AB81,labelitem,2,0) -> KEY_fg | AN81: =VLOOKUP(AC81,labelitem,2,0) -> ITM_NULL | AO81: =VLOOKUP(AD81,labelitem,2,0) -> ITM_NULL | AP81: =IF(NOT(ISNA(MATCH(AM81,Lookups!E:E,))),VLOOKUP(AM81,Lookups!E:F,2,0), IF(NOT(ISNA(MATCH(AN81,Lookups!E:E,))),VLOOKUP(AN81,Lookups!E:F,2,0), IF(NOT(ISNA(MATCH(AO81,Lookups!E:E,))),VLOOKUP(AO81,Lookups!E:F,2,0),"ITM_NULL"))) -> KEY_fg | AQ81: =VLOOKUP(AF81,labelitem,2,0) -> KEY_fg | AR81: DOCU_CHR_caseFLIP | AS81: DOCU_CHR_numSET | AT81: KEY_fg | AW81: =AL81 -> {71 | AX81: {=SUBSTITUTE(SUBSTITUTE(_xlfn.SWITCH(AM81, "ITM_T_HOME", "ITM_UP1", "ITM_T_END", "ITM_DOWN1", "DOCU_CHR_sub", "ITM_DOWN_ARROW", "DOCU_CHR_super", "ITM_UP_ARROW", "MNU_TAMALPHA", "ITM_alpha", "DOCU_CHR_caseFLIP", "ITM_NULL", "DOCU_CHR_numSET", "ITM_NULL", "DOCU_ITM_RADIX", "ITM_PERIOD", AM81), ".lo", ),"MNU_", "-MNU_")} -> KEY_fg | AY81: {=SUBSTITUTE(SUBSTITUTE(_xlfn.SWITCH(AN81, "ITM_T_HOME", "ITM_UP1", "ITM_T_END", "ITM_DOWN1", "DOCU_CHR_sub", "ITM_DOWN_ARROW", "DOCU_CHR_super", "ITM_UP_ARROW", "MNU_TAMALPHA", "ITM_alpha", "DOCU_CHR_caseFLIP", "ITM_NULL", "DOCU_CHR_numSET", "ITM_NULL", "DOCU_ITM_RADIX", "ITM_PERIOD", AN81), ".lo", ),"MNU_", "-MNU_")} -> ITM_NULL | AZ81: {=SUBSTITUTE(SUBSTITUTE(_xlfn.SWITCH(AO81, "ITM_T_HOME", "ITM_UP1", "ITM_T_END", "ITM_DOWN1", "DOCU_CHR_sub", "ITM_DOWN_ARROW", "DOCU_CHR_super", "ITM_UP_ARROW", "MNU_TAMALPHA", "ITM_alpha", "DOCU_CHR_caseFLIP", "ITM_NULL", "DOCU_CHR_numSET", "ITM_NULL", "DOCU_ITM_RADIX", "ITM_PERIOD", AO81), ".lo", ),"MNU_", "-MNU_")} -> ITM_NULL | BA81: {=SUBSTITUTE(SUBSTITUTE(_xlfn.SWITCH(AP81, "ITM_T_HOME", "ITM_UP1", "ITM_T_END", "ITM_DOWN1", "DOCU_CHR_sub", "ITM_DOWN_ARROW", "DOCU_CHR_super", "ITM_UP_ARROW", "MNU_TAMALPHA", "ITM_alpha", "DOCU_CHR_caseFLIP", "ITM_NULL", "DOCU_CHR_numSET", "ITM_NULL", "DOCU_ITM_RADIX", "ITM_PERIOD", AP81), ".lo", ),"MNU_", "-MNU_")} -> KEY_fg | BB81: {=SUBSTITUTE(SUBSTITUTE(_xlfn.SWITCH(AQ81, "ITM_T_HOME", "ITM_UP1", "ITM_T_END", "ITM_DOWN1", "DOCU_CHR_sub", "ITM_DOWN_ARROW", "DOCU_CHR_super", "ITM_UP_ARROW", "MNU_TAMALPHA", "ITM_alpha", "DOCU_CHR_caseFLIP", "ITM_NULL", "DOCU_CHR_numSET", "ITM_NULL", "DOCU_ITM_RADIX", "ITM_PERIOD", AQ81), ".lo", ),"MNU_", "-MNU_")} -> KEY_fg | BC81: {=SUBSTITUTE(SUBSTITUTE(_xlfn.SWITCH(AR81, "ITM_T_HOME", "ITM_UP1", "ITM_T_END", "ITM_DOWN1", "DOCU_CHR_sub", "ITM_DOWN_ARROW", "DOCU_CHR_super", "ITM_UP_ARROW", "MNU_TAMALPHA", "ITM_alpha", "DOCU_CHR_caseFLIP", "ITM_NULL", "DOCU_CHR_numSET", "ITM_NULL", "DOCU_ITM_RADIX", "ITM_PERIOD", AR81), ".lo", ),"MNU_", "-MNU_")} -> ITM_NULL | BD81: {=SUBSTITUTE(SUBSTITUTE(_xlfn.SWITCH(AS81, "ITM_T_HOME", "ITM_UP1", "ITM_T_END", "ITM_DOWN1", "DOCU_CHR_sub", "ITM_DOWN_ARROW", "DOCU_CHR_super", "ITM_UP_ARROW", "MNU_TAMALPHA", "ITM_alpha", "DOCU_CHR_caseFLIP", "ITM_NULL", "DOCU_CHR_numSET", "ITM_NULL", "DOCU_ITM_RADIX", "ITM_PERIOD", AS81), ".lo", ),"MNU_", "-MNU_")} -> ITM_NULL | BE81: {=SUBSTITUTE(SUBSTITUTE(_xlfn.SWITCH(AT81, "ITM_T_HOME", "ITM_UP1", "ITM_T_END", "ITM_DOWN1", "DOCU_CHR_sub", "ITM_DOWN_ARROW", "DOCU_CHR_super", "ITM_UP_ARROW", "MNU_TAMALPHA", "ITM_alpha", "DOCU_CHR_caseFLIP", "ITM_NULL", "DOCU_CHR_numSET", "ITM_NULL", "DOCU_ITM_RADIX", "ITM_PERIOD", AT81), ".lo", ),"MNU_", "-MNU_")} -> KEY_fg | BI81: =" "&AW81&", "&REPT(" ",$BH$54-LEN(AW81))& AX81&", "&REPT(" ",$BH$54-LEN(AX81))& AY81&", "&REPT(" ",$BH$54-LEN(AY81))& AZ81&", "&REPT(" ",$BH$54-LEN(AZ81))& BA81&", "&REPT(" ",$BH$54-LEN(BA81))& BB81&", "&REPT(" ",$BH$54-LEN(BB81))& BC81&", "&REPT(" ",$BH$54-LEN(BC81))& BD81&", "&REPT(" ",$BH$54-LEN(BD81))& BE81&REPT(" ",$BH$54-LEN(BE81))& "}," -> {71, KEY_fg, ITM_NULL, ITM_NULL, KEY_fg, KEY_fg, ITM_NULL, ITM_NULL, KEY_fg }, | BL81: =SUBSTITUTE(AR81,".lo","") -> DOCU_CHR_caseFLIP | BM81: =SUBSTITUTE(AS81,".lo","") -> DOCU_CHR_numSET
B82: 60 | C82: =layout&"."&$B82+C81+C80 -> C47.61,2 | D82: =layout&"."&$B82+D81+D80 -> C47.61,3 | F82: =layout&"."&$B82+F81+F80 -> C47.62,2 | H82: =layout&"."&$B82+H81+H80 -> C47.62,3 | J82: =layout&"."&$B82+J81+J80 -> C47.63,2 | L82: =layout&"."&$B82+L81+L80 -> C47.63,3 | N82: =layout&"."&$B82+N81+N80 -> C47.64,2 | P82: =layout&"."&$B82+P81+P80 -> C47.64,3 | R82: =layout&"."&$B82+R81+R80 -> C47.65,2 | T82: =layout&"."&$B82+T81+T80 -> C47.65,3 | X82: =X81 -> C47 | Y82: 7 | Z82: 2 | AA82: =X82&"."&Y82&Z82 -> C47.72 | AB82: 1 | AC82: ASN | AD82: [ KEYS ] | AF82: X | AG82: =AF82=AH82 -> TRUE | AH82: =INDEX(labelitem,MATCH(AR82,items,0),1) -> x | AI82: =INDEX(labelitem,MATCH(AS82,items,0),1) -> 1 | AJ82: =INDEX(labelitem,MATCH(AT82,items,0),1) -> 1 | AL82: ="{"&Y82*10+Z82 -> {72 | AM82: =VLOOKUP(AB82,labelitem,2,0) -> ITM_1 | AN82: =VLOOKUP(AC82,labelitem,2,0) -> ITM_ASSIGN | AO82: =VLOOKUP(AD82,labelitem,2,0) -> MNU_KEYS | AP82: =IF(NOT(ISNA(MATCH(AM82,Lookups!E:E,))),VLOOKUP(AM82,Lookups!E:F,2,0), IF(NOT(ISNA(MATCH(AN82,Lookups!E:E,))),VLOOKUP(AN82,Lookups!E:F,2,0), IF(NOT(ISNA(MATCH(AO82,Lookups!E:E,))),VLOOKUP(AO82,Lookups!E:F,2,0),"ITM_NULL"))) -> ITM_1 | AQ82: =VLOOKUP(AF82,labelitem,2,0) -> ITM_X | AR82: ITM_x.lo | AS82: ITM_1 | AT82: ITM_1 | AW82: =AL82 -> {72 | AX82: {=SUBSTITUTE(SUBSTITUTE(_xlfn.SWITCH(AM82, "ITM_T_HOME", "ITM_UP1", "ITM_T_END", "ITM_DOWN1", "DOCU_CHR_sub", "ITM_DOWN_ARROW", "DOCU_CHR_super", "ITM_UP_ARROW", "MNU_TAMALPHA", "ITM_alpha", "DOCU_CHR_caseFLIP", "ITM_NULL", "DOCU_CHR_numSET", "ITM_NULL", "DOCU_ITM_RADIX", "ITM_PERIOD", AM82), ".lo", ),"MNU_", "-MNU_")} -> ITM_1 | AY82: {=SUBSTITUTE(SUBSTITUTE(_xlfn.SWITCH(AN82, "ITM_T_HOME", "ITM_UP1", "ITM_T_END", "ITM_DOWN1", "DOCU_CHR_sub", "ITM_DOWN_ARROW", "DOCU_CHR_super", "ITM_UP_ARROW", "MNU_TAMALPHA", "ITM_alpha", "DOCU_CHR_caseFLIP", "ITM_NULL", "DOCU_CHR_numSET", "ITM_NULL", "DOCU_ITM_RADIX", "ITM_PERIOD", AN82), ".lo", ),"MNU_", "-MNU_")} -> ITM_ASSIGN | AZ82: {=SUBSTITUTE(SUBSTITUTE(_xlfn.SWITCH(AO82, "ITM_T_HOME", "ITM_UP1", "ITM_T_END", "ITM_DOWN1", "DOCU_CHR_sub", "ITM_DOWN_ARROW", "DOCU_CHR_super", "ITM_UP_ARROW", "MNU_TAMALPHA", "ITM_alpha", "DOCU_CHR_caseFLIP", "ITM_NULL", "DOCU_CHR_numSET", "ITM_NULL", "DOCU_ITM_RADIX", "ITM_PERIOD", AO82), ".lo", ),"MNU_", "-MNU_")} -> -MNU_KEYS | BA82: {=SUBSTITUTE(SUBSTITUTE(_xlfn.SWITCH(AP82, "ITM_T_HOME", "ITM_UP1", "ITM_T_END", "ITM_DOWN1", "DOCU_CHR_sub", "ITM_DOWN_ARROW", "DOCU_CHR_super", "ITM_UP_ARROW", "MNU_TAMALPHA", "ITM_alpha", "DOCU_CHR_caseFLIP", "ITM_NULL", "DOCU_CHR_numSET", "ITM_NULL", "DOCU_ITM_RADIX", "ITM_PERIOD", AP82), ".lo", ),"MNU_", "-MNU_")} -> ITM_1 | BB82: {=SUBSTITUTE(SUBSTITUTE(_xlfn.SWITCH(AQ82, "ITM_T_HOME", "ITM_UP1", "ITM_T_END", "ITM_DOWN1", "DOCU_CHR_sub", "ITM_DOWN_ARROW", "DOCU_CHR_super", "ITM_UP_ARROW", "MNU_TAMALPHA", "ITM_alpha", "DOCU_CHR_caseFLIP", "ITM_NULL", "DOCU_CHR_numSET", "ITM_NULL", "DOCU_ITM_RADIX", "ITM_PERIOD", AQ82), ".lo", ),"MNU_", "-MNU_")} -> ITM_X | BC82: {=SUBSTITUTE(SUBSTITUTE(_xlfn.SWITCH(AR82, "ITM_T_HOME", "ITM_UP1", "ITM_T_END", "ITM_DOWN1", "DOCU_CHR_sub", "ITM_DOWN_ARROW", "DOCU_CHR_super", "ITM_UP_ARROW", "MNU_TAMALPHA", "ITM_alpha", "DOCU_CHR_caseFLIP", "ITM_NULL", "DOCU_CHR_numSET", "ITM_NULL", "DOCU_ITM_RADIX", "ITM_PERIOD", AR82), ".lo", ),"MNU_", "-MNU_")} -> ITM_x | BD82: {=SUBSTITUTE(SUBSTITUTE(_xlfn.SWITCH(AS82, "ITM_T_HOME", "ITM_UP1", "ITM_T_END", "ITM_DOWN1", "DOCU_CHR_sub", "ITM_DOWN_ARROW", "DOCU_CHR_super", "ITM_UP_ARROW", "MNU_TAMALPHA", "ITM_alpha", "DOCU_CHR_caseFLIP", "ITM_NULL", "DOCU_CHR_numSET", "ITM_NULL", "DOCU_ITM_RADIX", "ITM_PERIOD", AS82), ".lo", ),"MNU_", "-MNU_")} -> ITM_1 | BE82: {=SUBSTITUTE(SUBSTITUTE(_xlfn.SWITCH(AT82, "ITM_T_HOME", "ITM_UP1", "ITM_T_END", "ITM_DOWN1", "DOCU_CHR_sub", "ITM_DOWN_ARROW", "DOCU_CHR_super", "ITM_UP_ARROW", "MNU_TAMALPHA", "ITM_alpha", "DOCU_CHR_caseFLIP", "ITM_NULL", "DOCU_CHR_numSET", "ITM_NULL", "DOCU_ITM_RADIX", "ITM_PERIOD", AT82), ".lo", ),"MNU_", "-MNU_")} -> ITM_1 | BI82: =" "&AW82&", "&REPT(" ",$BH$54-LEN(AW82))& AX82&", "&REPT(" ",$BH$54-LEN(AX82))& AY82&", "&REPT(" ",$BH$54-LEN(AY82))& AZ82&", "&REPT(" ",$BH$54-LEN(AZ82))& BA82&", "&REPT(" ",$BH$54-LEN(BA82))& BB82&", "&REPT(" ",$BH$54-LEN(BB82))& BC82&", "&REPT(" ",$BH$54-LEN(BC82))& BD82&", "&REPT(" ",$BH$54-LEN(BD82))& BE82&REPT(" ",$BH$54-LEN(BE82))& "}," -> {72, ITM_1, ITM_ASSIGN, -MNU_KEYS, ITM_1, ITM_X, ITM_x, ITM_1, ITM_1 }, | BL82: =SUBSTITUTE(AR82,".lo","") -> ITM_x | BM82: =SUBSTITUTE(AS82,".lo","") -> ITM_1
A83: 0.1 | B83: 60 | C83: =layout&"."&$B85+C81+$A83 -> C47.61,1 | E83: =layout&"."&$B83+E81+E80 -> C47.61,4 | F83: =layout&"."&$B83+F81+$A83 -> C47.62,1 | G83: =$B85+G81+$A83 -> 62.1 | I83: =layout&"."&$B83+I81+I80 -> C47.62,4 | J83: =layout&"."&$B83+J81+$A83 -> C47.63,1 | K83: =$B85+K81+$A83 -> 63.1 | M83: =layout&"."&$B83+M81+M80 -> C47.63,4 | N83: =layout&"."&$B83+N81+$A83 -> C47.64,1 | O83: =$B85+O81+$A83 -> 64.1 | Q83: =layout&"."&$B83+Q81+Q80 -> C47.64,4 | R83: =layout&"."&$B83+R81+$A83 -> C47.65,1 | S83: =$B85+S81+$A83 -> 65.1 | U83: =layout&"."&$B83+U81+U80 -> C47.65,4 | X83: =X82 -> C47 | Y83: 7 | Z83: 3 | AA83: =X83&"."&Y83&Z83 -> C47.73 | AB83: 2 | AC83: USER | AD83: [ a.FN ] | AF83: Y | AG83: =AF83=AH83 -> TRUE | AH83: =INDEX(labelitem,MATCH(AR83,items,0),1) -> y | AI83: =INDEX(labelitem,MATCH(AS83,items,0),1) -> 2 | AJ83: =INDEX(labelitem,MATCH(AT83,items,0),1) -> 2 | AL83: ="{"&Y83*10+Z83 -> {73 | AM83: =VLOOKUP(AB83,labelitem,2,0) -> ITM_2 | AN83: =VLOOKUP(AC83,labelitem,2,0) -> ITM_USERMODE | AO83: =VLOOKUP(AD83,labelitem,2,0) -> MNU_ALPHAFN | AP83: =IF(NOT(ISNA(MATCH(AM83,Lookups!E:E,))),VLOOKUP(AM83,Lookups!E:F,2,0), IF(NOT(ISNA(MATCH(AN83,Lookups!E:E,))),VLOOKUP(AN83,Lookups!E:F,2,0), IF(NOT(ISNA(MATCH(AO83,Lookups!E:E,))),VLOOKUP(AO83,Lookups!E:F,2,0),"ITM_NULL"))) -> ITM_2 | AQ83: =VLOOKUP(AF83,labelitem,2,0) -> ITM_Y | AR83: ITM_y.lo | AS83: ITM_2 | AT83: ITM_2 | AW83: =AL83 -> {73 | AX83: {=SUBSTITUTE(SUBSTITUTE(_xlfn.SWITCH(AM83, "ITM_T_HOME", "ITM_UP1", "ITM_T_END", "ITM_DOWN1", "DOCU_CHR_sub", "ITM_DOWN_ARROW", "DOCU_CHR_super", "ITM_UP_ARROW", "MNU_TAMALPHA", "ITM_alpha", "DOCU_CHR_caseFLIP", "ITM_NULL", "DOCU_CHR_numSET", "ITM_NULL", "DOCU_ITM_RADIX", "ITM_PERIOD", AM83), ".lo", ),"MNU_", "-MNU_")} -> ITM_2 | AY83: {=SUBSTITUTE(SUBSTITUTE(_xlfn.SWITCH(AN83, "ITM_T_HOME", "ITM_UP1", "ITM_T_END", "ITM_DOWN1", "DOCU_CHR_sub", "ITM_DOWN_ARROW", "DOCU_CHR_super", "ITM_UP_ARROW", "MNU_TAMALPHA", "ITM_alpha", "DOCU_CHR_caseFLIP", "ITM_NULL", "DOCU_CHR_numSET", "ITM_NULL", "DOCU_ITM_RADIX", "ITM_PERIOD", AN83), ".lo", ),"MNU_", "-MNU_")} -> ITM_USERMODE | AZ83: {=SUBSTITUTE(SUBSTITUTE(_xlfn.SWITCH(AO83, "ITM_T_HOME", "ITM_UP1", "ITM_T_END", "ITM_DOWN1", "DOCU_CHR_sub", "ITM_DOWN_ARROW", "DOCU_CHR_super", "ITM_UP_ARROW", "MNU_TAMALPHA", "ITM_alpha", "DOCU_CHR_caseFLIP", "ITM_NULL", "DOCU_CHR_numSET", "ITM_NULL", "DOCU_ITM_RADIX", "ITM_PERIOD", AO83), ".lo", ),"MNU_", "-MNU_")} -> -MNU_ALPHAFN | BA83: {=SUBSTITUTE(SUBSTITUTE(_xlfn.SWITCH(AP83, "ITM_T_HOME", "ITM_UP1", "ITM_T_END", "ITM_DOWN1", "DOCU_CHR_sub", "ITM_DOWN_ARROW", "DOCU_CHR_super", "ITM_UP_ARROW", "MNU_TAMALPHA", "ITM_alpha", "DOCU_CHR_caseFLIP", "ITM_NULL", "DOCU_CHR_numSET", "ITM_NULL", "DOCU_ITM_RADIX", "ITM_PERIOD", AP83), ".lo", ),"MNU_", "-MNU_")} -> ITM_2 | BB83: {=SUBSTITUTE(SUBSTITUTE(_xlfn.SWITCH(AQ83, "ITM_T_HOME", "ITM_UP1", "ITM_T_END", "ITM_DOWN1", "DOCU_CHR_sub", "ITM_DOWN_ARROW", "DOCU_CHR_super", "ITM_UP_ARROW", "MNU_TAMALPHA", "ITM_alpha", "DOCU_CHR_caseFLIP", "ITM_NULL", "DOCU_CHR_numSET", "ITM_NULL", "DOCU_ITM_RADIX", "ITM_PERIOD", AQ83), ".lo", ),"MNU_", "-MNU_")} -> ITM_Y | BC83: {=SUBSTITUTE(SUBSTITUTE(_xlfn.SWITCH(AR83, "ITM_T_HOME", "ITM_UP1", "ITM_T_END", "ITM_DOWN1", "DOCU_CHR_sub", "ITM_DOWN_ARROW", "DOCU_CHR_super", "ITM_UP_ARROW", "MNU_TAMALPHA", "ITM_alpha", "DOCU_CHR_caseFLIP", "ITM_NULL", "DOCU_CHR_numSET", "ITM_NULL", "DOCU_ITM_RADIX", "ITM_PERIOD", AR83), ".lo", ),"MNU_", "-MNU_")} -> ITM_y | BD83: {=SUBSTITUTE(SUBSTITUTE(_xlfn.SWITCH(AS83, "ITM_T_HOME", "ITM_UP1", "ITM_T_END", "ITM_DOWN1", "DOCU_CHR_sub", "ITM_DOWN_ARROW", "DOCU_CHR_super", "ITM_UP_ARROW", "MNU_TAMALPHA", "ITM_alpha", "DOCU_CHR_caseFLIP", "ITM_NULL", "DOCU_CHR_numSET", "ITM_NULL", "DOCU_ITM_RADIX", "ITM_PERIOD", AS83), ".lo", ),"MNU_", "-MNU_")} -> ITM_2 | BE83: {=SUBSTITUTE(SUBSTITUTE(_xlfn.SWITCH(AT83, "ITM_T_HOME", "ITM_UP1", "ITM_T_END", "ITM_DOWN1", "DOCU_CHR_sub", "ITM_DOWN_ARROW", "DOCU_CHR_super", "ITM_UP_ARROW", "MNU_TAMALPHA", "ITM_alpha", "DOCU_CHR_caseFLIP", "ITM_NULL", "DOCU_CHR_numSET", "ITM_NULL", "DOCU_ITM_RADIX", "ITM_PERIOD", AT83), ".lo", ),"MNU_", "-MNU_")} -> ITM_2 | BI83: =" "&AW83&", "&REPT(" ",$BH$54-LEN(AW83))& AX83&", "&REPT(" ",$BH$54-LEN(AX83))& AY83&", "&REPT(" ",$BH$54-LEN(AY83))& AZ83&", "&REPT(" ",$BH$54-LEN(AZ83))& BA83&", "&REPT(" ",$BH$54-LEN(BA83))& BB83&", "&REPT(" ",$BH$54-LEN(BB83))& BC83&", "&REPT(" ",$BH$54-LEN(BC83))& BD83&", "&REPT(" ",$BH$54-LEN(BD83))& BE83&REPT(" ",$BH$54-LEN(BE83))& "}," -> {73, ITM_2, ITM_USERMODE, -MNU_ALPHAFN, ITM_2, ITM_Y, ITM_y, ITM_2, ITM_2 }, | BL83: =SUBSTITUTE(AR83,".lo","") -> ITM_y | BM83: =SUBSTITUTE(AS83,".lo","") -> ITM_2
A84: 0.1 | B84: 60 | E84: =layout&"."&$B84+E83+E82 -> #VALUE! | I84: =layout&"."&$B84+I83+I82 -> #VALUE! | M84: =layout&"."&$B84+M83+M82 -> #VALUE! | Q84: =layout&"."&$B84+Q83+Q82 -> #VALUE! | U84: =layout&"."&$B84+U83+U82 -> #VALUE! | X84: =X83 -> C47 | Y84: 7 | Z84: 4 | AA84: =X84&"."&Y84&Z84 -> C47.74 | AB84: 3 | AC84: [ P.FN ] | AD84: [ LOOP ] | AF84: Z | AG84: =AF84=AH84 -> TRUE | AH84: =INDEX(labelitem,MATCH(AR84,items,0),1) -> z | AI84: =INDEX(labelitem,MATCH(AS84,items,0),1) -> 3 | AJ84: =INDEX(labelitem,MATCH(AT84,items,0),1) -> 3 | AL84: ="{"&Y84*10+Z84 -> {74 | AM84: =VLOOKUP(AB84,labelitem,2,0) -> ITM_3 | AN84: =VLOOKUP(AC84,labelitem,2,0) -> MNU_PFN | AO84: =VLOOKUP(AD84,labelitem,2,0) -> MNU_LOOP | AP84: =IF(NOT(ISNA(MATCH(AM84,Lookups!E:E,))),VLOOKUP(AM84,Lookups!E:F,2,0), IF(NOT(ISNA(MATCH(AN84,Lookups!E:E,))),VLOOKUP(AN84,Lookups!E:F,2,0), IF(NOT(ISNA(MATCH(AO84,Lookups!E:E,))),VLOOKUP(AO84,Lookups!E:F,2,0),"ITM_NULL"))) -> ITM_3 | AQ84: =VLOOKUP(AF84,labelitem,2,0) -> ITM_Z | AR84: ITM_z.lo | AS84: ITM_3 | AT84: ITM_3 | AW84: =AL84 -> {74 | AX84: {=SUBSTITUTE(SUBSTITUTE(_xlfn.SWITCH(AM84, "ITM_T_HOME", "ITM_UP1", "ITM_T_END", "ITM_DOWN1", "DOCU_CHR_sub", "ITM_DOWN_ARROW", "DOCU_CHR_super", "ITM_UP_ARROW", "MNU_TAMALPHA", "ITM_alpha", "DOCU_CHR_caseFLIP", "ITM_NULL", "DOCU_CHR_numSET", "ITM_NULL", "DOCU_ITM_RADIX", "ITM_PERIOD", AM84), ".lo", ),"MNU_", "-MNU_")} -> ITM_3 | AY84: {=SUBSTITUTE(SUBSTITUTE(_xlfn.SWITCH(AN84, "ITM_T_HOME", "ITM_UP1", "ITM_T_END", "ITM_DOWN1", "DOCU_CHR_sub", "ITM_DOWN_ARROW", "DOCU_CHR_super", "ITM_UP_ARROW", "MNU_TAMALPHA", "ITM_alpha", "DOCU_CHR_caseFLIP", "ITM_NULL", "DOCU_CHR_numSET", "ITM_NULL", "DOCU_ITM_RADIX", "ITM_PERIOD", AN84), ".lo", ),"MNU_", "-MNU_")} -> -MNU_PFN | AZ84: {=SUBSTITUTE(SUBSTITUTE(_xlfn.SWITCH(AO84, "ITM_T_HOME", "ITM_UP1", "ITM_T_END", "ITM_DOWN1", "DOCU_CHR_sub", "ITM_DOWN_ARROW", "DOCU_CHR_super", "ITM_UP_ARROW", "MNU_TAMALPHA", "ITM_alpha", "DOCU_CHR_caseFLIP", "ITM_NULL", "DOCU_CHR_numSET", "ITM_NULL", "DOCU_ITM_RADIX", "ITM_PERIOD", AO84), ".lo", ),"MNU_", "-MNU_")} -> -MNU_LOOP | BA84: {=SUBSTITUTE(SUBSTITUTE(_xlfn.SWITCH(AP84, "ITM_T_HOME", "ITM_UP1", "ITM_T_END", "ITM_DOWN1", "DOCU_CHR_sub", "ITM_DOWN_ARROW", "DOCU_CHR_super", "ITM_UP_ARROW", "MNU_TAMALPHA", "ITM_alpha", "DOCU_CHR_caseFLIP", "ITM_NULL", "DOCU_CHR_numSET", "ITM_NULL", "DOCU_ITM_RADIX", "ITM_PERIOD", AP84), ".lo", ),"MNU_", "-MNU_")} -> ITM_3 | BB84: {=SUBSTITUTE(SUBSTITUTE(_xlfn.SWITCH(AQ84, "ITM_T_HOME", "ITM_UP1", "ITM_T_END", "ITM_DOWN1", "DOCU_CHR_sub", "ITM_DOWN_ARROW", "DOCU_CHR_super", "ITM_UP_ARROW", "MNU_TAMALPHA", "ITM_alpha", "DOCU_CHR_caseFLIP", "ITM_NULL", "DOCU_CHR_numSET", "ITM_NULL", "DOCU_ITM_RADIX", "ITM_PERIOD", AQ84), ".lo", ),"MNU_", "-MNU_")} -> ITM_Z | BC84: {=SUBSTITUTE(SUBSTITUTE(_xlfn.SWITCH(AR84, "ITM_T_HOME", "ITM_UP1", "ITM_T_END", "ITM_DOWN1", "DOCU_CHR_sub", "ITM_DOWN_ARROW", "DOCU_CHR_super", "ITM_UP_ARROW", "MNU_TAMALPHA", "ITM_alpha", "DOCU_CHR_caseFLIP", "ITM_NULL", "DOCU_CHR_numSET", "ITM_NULL", "DOCU_ITM_RADIX", "ITM_PERIOD", AR84), ".lo", ),"MNU_", "-MNU_")} -> ITM_z | BD84: {=SUBSTITUTE(SUBSTITUTE(_xlfn.SWITCH(AS84, "ITM_T_HOME", "ITM_UP1", "ITM_T_END", "ITM_DOWN1", "DOCU_CHR_sub", "ITM_DOWN_ARROW", "DOCU_CHR_super", "ITM_UP_ARROW", "MNU_TAMALPHA", "ITM_alpha", "DOCU_CHR_caseFLIP", "ITM_NULL", "DOCU_CHR_numSET", "ITM_NULL", "DOCU_ITM_RADIX", "ITM_PERIOD", AS84), ".lo", ),"MNU_", "-MNU_")} -> ITM_3 | BE84: {=SUBSTITUTE(SUBSTITUTE(_xlfn.SWITCH(AT84, "ITM_T_HOME", "ITM_UP1", "ITM_T_END", "ITM_DOWN1", "DOCU_CHR_sub", "ITM_DOWN_ARROW", "DOCU_CHR_super", "ITM_UP_ARROW", "MNU_TAMALPHA", "ITM_alpha", "DOCU_CHR_caseFLIP", "ITM_NULL", "DOCU_CHR_numSET", "ITM_NULL", "DOCU_ITM_RADIX", "ITM_PERIOD", AT84), ".lo", ),"MNU_", "-MNU_")} -> ITM_3 | BI84: =" "&AW84&", "&REPT(" ",$BH$54-LEN(AW84))& AX84&", "&REPT(" ",$BH$54-LEN(AX84))& AY84&", "&REPT(" ",$BH$54-LEN(AY84))& AZ84&", "&REPT(" ",$BH$54-LEN(AZ84))& BA84&", "&REPT(" ",$BH$54-LEN(BA84))& BB84&", "&REPT(" ",$BH$54-LEN(BB84))& BC84&", "&REPT(" ",$BH$54-LEN(BC84))& BD84&", "&REPT(" ",$BH$54-LEN(BD84))& BE84&REPT(" ",$BH$54-LEN(BE84))& "}," -> {74, ITM_3, -MNU_PFN, -MNU_LOOP, ITM_3, ITM_Z, ITM_z, ITM_3, ITM_3 }, | BL84: =SUBSTITUTE(AR84,".lo","") -> ITM_z | BM84: =SUBSTITUTE(AS84,".lo","") -> ITM_3
A85: 0.1 | B85: 60 | E85: =layout&"."&$B85+E84+E83 -> #VALUE! | I85: =layout&"."&$B85+I84+I83 -> #VALUE! | M85: =layout&"."&$B85+M84+M83 -> #VALUE! | Q85: =layout&"."&$B85+Q84+Q83 -> #VALUE! | U85: =layout&"."&$B85+U84+U83 -> #VALUE! | X85: =X84 -> C47 | Y85: 7 | Z85: 5 | AA85: =X85&"."&Y85&Z85 -> C47.75 | AB85: - | AC85: [ PRINT ] | AD85: [ I/O ] | AF85: _ | AG85: =AF85=AH85 -> FALSE | AH85: =INDEX(labelitem,MATCH(AR85,items,0),1) -> <e> | AI85: =INDEX(labelitem,MATCH(AS85,items,0),1) -> - | AJ85: =INDEX(labelitem,MATCH(AT85,items,0),1) -> - | AL85: ="{"&Y85*10+Z85 -> {75 | AM85: =VLOOKUP(AB85,labelitem,2,0) -> ITM_SUB | AN85: =VLOOKUP(AC85,labelitem,2,0) -> MNU_PRINT | AO85: =VLOOKUP(AD85,labelitem,2,0) -> MNU_IO | AP85: =IF(NOT(ISNA(MATCH(AM85,Lookups!E:E,))),VLOOKUP(AM85,Lookups!E:F,2,0), IF(NOT(ISNA(MATCH(AN85,Lookups!E:E,))),VLOOKUP(AN85,Lookups!E:F,2,0), IF(NOT(ISNA(MATCH(AO85,Lookups!E:E,))),VLOOKUP(AO85,Lookups!E:F,2,0),"ITM_NULL"))) -> ITM_MINUS | AQ85: =VLOOKUP(AF85,labelitem,2,0) -> ITM_UNDERSCORE | AR85: ITM_EulerE | AS85: ITM_MINUS | AT85: ITM_SUB | AW85: =AL85 -> {75 | AX85: {=SUBSTITUTE(SUBSTITUTE(_xlfn.SWITCH(AM85, "ITM_T_HOME", "ITM_UP1", "ITM_T_END", "ITM_DOWN1", "DOCU_CHR_sub", "ITM_DOWN_ARROW", "DOCU_CHR_super", "ITM_UP_ARROW", "MNU_TAMALPHA", "ITM_alpha", "DOCU_CHR_caseFLIP", "ITM_NULL", "DOCU_CHR_numSET", "ITM_NULL", "DOCU_ITM_RADIX", "ITM_PERIOD", AM85), ".lo", ),"MNU_", "-MNU_")} -> ITM_SUB | AY85: {=SUBSTITUTE(SUBSTITUTE(_xlfn.SWITCH(AN85, "ITM_T_HOME", "ITM_UP1", "ITM_T_END", "ITM_DOWN1", "DOCU_CHR_sub", "ITM_DOWN_ARROW", "DOCU_CHR_super", "ITM_UP_ARROW", "MNU_TAMALPHA", "ITM_alpha", "DOCU_CHR_caseFLIP", "ITM_NULL", "DOCU_CHR_numSET", "ITM_NULL", "DOCU_ITM_RADIX", "ITM_PERIOD", AN85), ".lo", ),"MNU_", "-MNU_")} -> -MNU_PRINT | AZ85: {=SUBSTITUTE(SUBSTITUTE(_xlfn.SWITCH(AO85, "ITM_T_HOME", "ITM_UP1", "ITM_T_END", "ITM_DOWN1", "DOCU_CHR_sub", "ITM_DOWN_ARROW", "DOCU_CHR_super", "ITM_UP_ARROW", "MNU_TAMALPHA", "ITM_alpha", "DOCU_CHR_caseFLIP", "ITM_NULL", "DOCU_CHR_numSET", "ITM_NULL", "DOCU_ITM_RADIX", "ITM_PERIOD", AO85), ".lo", ),"MNU_", "-MNU_")} -> -MNU_IO | BA85: {=SUBSTITUTE(SUBSTITUTE(_xlfn.SWITCH(AP85, "ITM_T_HOME", "ITM_UP1", "ITM_T_END", "ITM_DOWN1", "DOCU_CHR_sub", "ITM_DOWN_ARROW", "DOCU_CHR_super", "ITM_UP_ARROW", "MNU_TAMALPHA", "ITM_alpha", "DOCU_CHR_caseFLIP", "ITM_NULL", "DOCU_CHR_numSET", "ITM_NULL", "DOCU_ITM_RADIX", "ITM_PERIOD", AP85), ".lo", ),"MNU_", "-MNU_")} -> ITM_MINUS | BB85: {=SUBSTITUTE(SUBSTITUTE(_xlfn.SWITCH(AQ85, "ITM_T_HOME", "ITM_UP1", "ITM_T_END", "ITM_DOWN1", "DOCU_CHR_sub", "ITM_DOWN_ARROW", "DOCU_CHR_super", "ITM_UP_ARROW", "MNU_TAMALPHA", "ITM_alpha", "DOCU_CHR_caseFLIP", "ITM_NULL", "DOCU_CHR_numSET", "ITM_NULL", "DOCU_ITM_RADIX", "ITM_PERIOD", AQ85), ".lo", ),"MNU_", "-MNU_")} -> ITM_UNDERSCORE | BC85: {=SUBSTITUTE(SUBSTITUTE(_xlfn.SWITCH(AR85, "ITM_T_HOME", "ITM_UP1", "ITM_T_END", "ITM_DOWN1", "DOCU_CHR_sub", "ITM_DOWN_ARROW", "DOCU_CHR_super", "ITM_UP_ARROW", "MNU_TAMALPHA", "ITM_alpha", "DOCU_CHR_caseFLIP", "ITM_NULL", "DOCU_CHR_numSET", "ITM_NULL", "DOCU_ITM_RADIX", "ITM_PERIOD", AR85), ".lo", ),"MNU_", "-MNU_")} -> ITM_EulerE | BD85: {=SUBSTITUTE(SUBSTITUTE(_xlfn.SWITCH(AS85, "ITM_T_HOME", "ITM_UP1", "ITM_T_END", "ITM_DOWN1", "DOCU_CHR_sub", "ITM_DOWN_ARROW", "DOCU_CHR_super", "ITM_UP_ARROW", "MNU_TAMALPHA", "ITM_alpha", "DOCU_CHR_caseFLIP", "ITM_NULL", "DOCU_CHR_numSET", "ITM_NULL", "DOCU_ITM_RADIX", "ITM_PERIOD", AS85), ".lo", ),"MNU_", "-MNU_")} -> ITM_MINUS | BE85: {=SUBSTITUTE(SUBSTITUTE(_xlfn.SWITCH(AT85, "ITM_T_HOME", "ITM_UP1", "ITM_T_END", "ITM_DOWN1", "DOCU_CHR_sub", "ITM_DOWN_ARROW", "DOCU_CHR_super", "ITM_UP_ARROW", "MNU_TAMALPHA", "ITM_alpha", "DOCU_CHR_caseFLIP", "ITM_NULL", "DOCU_CHR_numSET", "ITM_NULL", "DOCU_ITM_RADIX", "ITM_PERIOD", AT85), ".lo", ),"MNU_", "-MNU_")} -> ITM_SUB | BI85: =" "&AW85&", "&REPT(" ",$BH$54-LEN(AW85))& AX85&", "&REPT(" ",$BH$54-LEN(AX85))& AY85&", "&REPT(" ",$BH$54-LEN(AY85))& AZ85&", "&REPT(" ",$BH$54-LEN(AZ85))& BA85&", "&REPT(" ",$BH$54-LEN(BA85))& BB85&", "&REPT(" ",$BH$54-LEN(BB85))& BC85&", "&REPT(" ",$BH$54-LEN(BC85))& BD85&", "&REPT(" ",$BH$54-LEN(BD85))& BE85&REPT(" ",$BH$54-LEN(BE85))& "}," -> {75, ITM_SUB, -MNU_PRINT, -MNU_IO, ITM_MINUS, ITM_UNDERSCORE, ITM_EulerE, ITM_MINUS, ITM_SUB }, | BL85: =SUBSTITUTE(AR85,".lo","") -> ITM_EulerE | BM85: =SUBSTITUTE(AS85,".lo","") -> ITM_MINUS
C86: =2/10 -> 0.2 | D86: =3/10 -> 0.3 | E86: =4/10 -> 0.4 | F86: =2/10 -> 0.2 | H86: =3/10 -> 0.3 | I86: =4/10 -> 0.4 | J86: =2/10 -> 0.2 | L86: =3/10 -> 0.3 | M86: =4/10 -> 0.4 | N86: =2/10 -> 0.2 | P86: =3/10 -> 0.3 | Q86: =4/10 -> 0.4 | R86: =2/10 -> 0.2 | T86: =3/10 -> 0.3 | U86: =4/10 -> 0.4 | X86: =X85 -> C47 | Y86: 8 | Z86: 1 | AA86: =X86&"."&Y86&Z86 -> C47.81 | AB86: EXIT | AC86: OFF | AD86: SNAP | AF86: EXIT | AG86: =AF86=AH86 -> FALSE | AH86: =INDEX(labelitem,MATCH(AR86,items,0),1) -> OFF | AI86: =INDEX(labelitem,MATCH(AS86,items,0),1) -> SNAP | AJ86: =INDEX(labelitem,MATCH(AT86,items,0),1) -> EXIT | AL86: ="{"&Y86*10+Z86 -> {81 | AM86: =VLOOKUP(AB86,labelitem,2,0) -> ITM_EXIT1 | AN86: =VLOOKUP(AC86,labelitem,2,0) -> ITM_OFF | AO86: =VLOOKUP(AD86,labelitem,2,0) -> ITM_SNAP | AP86: =IF(NOT(ISNA(MATCH(AM86,Lookups!E:E,))),VLOOKUP(AM86,Lookups!E:F,2,0), IF(NOT(ISNA(MATCH(AN86,Lookups!E:E,))),VLOOKUP(AN86,Lookups!E:F,2,0), IF(NOT(ISNA(MATCH(AO86,Lookups!E:E,))),VLOOKUP(AO86,Lookups!E:F,2,0),"ITM_NULL"))) -> ITM_EXIT1 | AQ86: =VLOOKUP(AF86,labelitem,2,0) -> ITM_EXIT1 | AR86: ITM_OFF | AS86: ITM_SNAP | AT86: ITM_EXIT1 | AW86: =AL86 -> {81 | AX86: {=SUBSTITUTE(SUBSTITUTE(_xlfn.SWITCH(AM86, "ITM_T_HOME", "ITM_UP1", "ITM_T_END", "ITM_DOWN1", "DOCU_CHR_sub", "ITM_DOWN_ARROW", "DOCU_CHR_super", "ITM_UP_ARROW", "MNU_TAMALPHA", "ITM_alpha", "DOCU_CHR_caseFLIP", "ITM_NULL", "DOCU_CHR_numSET", "ITM_NULL", "DOCU_ITM_RADIX", "ITM_PERIOD", AM86), ".lo", ),"MNU_", "-MNU_")} -> ITM_EXIT1 | AY86: {=SUBSTITUTE(SUBSTITUTE(_xlfn.SWITCH(AN86, "ITM_T_HOME", "ITM_UP1", "ITM_T_END", "ITM_DOWN1", "DOCU_CHR_sub", "ITM_DOWN_ARROW", "DOCU_CHR_super", "ITM_UP_ARROW", "MNU_TAMALPHA", "ITM_alpha", "DOCU_CHR_caseFLIP", "ITM_NULL", "DOCU_CHR_numSET", "ITM_NULL", "DOCU_ITM_RADIX", "ITM_PERIOD", AN86), ".lo", ),"MNU_", "-MNU_")} -> ITM_OFF | AZ86: {=SUBSTITUTE(SUBSTITUTE(_xlfn.SWITCH(AO86, "ITM_T_HOME", "ITM_UP1", "ITM_T_END", "ITM_DOWN1", "DOCU_CHR_sub", "ITM_DOWN_ARROW", "DOCU_CHR_super", "ITM_UP_ARROW", "MNU_TAMALPHA", "ITM_alpha", "DOCU_CHR_caseFLIP", "ITM_NULL", "DOCU_CHR_numSET", "ITM_NULL", "DOCU_ITM_RADIX", "ITM_PERIOD", AO86), ".lo", ),"MNU_", "-MNU_")} -> ITM_SNAP | BA86: {=SUBSTITUTE(SUBSTITUTE(_xlfn.SWITCH(AP86, "ITM_T_HOME", "ITM_UP1", "ITM_T_END", "ITM_DOWN1", "DOCU_CHR_sub", "ITM_DOWN_ARROW", "DOCU_CHR_super", "ITM_UP_ARROW", "MNU_TAMALPHA", "ITM_alpha", "DOCU_CHR_caseFLIP", "ITM_NULL", "DOCU_CHR_numSET", "ITM_NULL", "DOCU_ITM_RADIX", "ITM_PERIOD", AP86), ".lo", ),"MNU_", "-MNU_")} -> ITM_EXIT1 | BB86: {=SUBSTITUTE(SUBSTITUTE(_xlfn.SWITCH(AQ86, "ITM_T_HOME", "ITM_UP1", "ITM_T_END", "ITM_DOWN1", "DOCU_CHR_sub", "ITM_DOWN_ARROW", "DOCU_CHR_super", "ITM_UP_ARROW", "MNU_TAMALPHA", "ITM_alpha", "DOCU_CHR_caseFLIP", "ITM_NULL", "DOCU_CHR_numSET", "ITM_NULL", "DOCU_ITM_RADIX", "ITM_PERIOD", AQ86), ".lo", ),"MNU_", "-MNU_")} -> ITM_EXIT1 | BC86: {=SUBSTITUTE(SUBSTITUTE(_xlfn.SWITCH(AR86, "ITM_T_HOME", "ITM_UP1", "ITM_T_END", "ITM_DOWN1", "DOCU_CHR_sub", "ITM_DOWN_ARROW", "DOCU_CHR_super", "ITM_UP_ARROW", "MNU_TAMALPHA", "ITM_alpha", "DOCU_CHR_caseFLIP", "ITM_NULL", "DOCU_CHR_numSET", "ITM_NULL", "DOCU_ITM_RADIX", "ITM_PERIOD", AR86), ".lo", ),"MNU_", "-MNU_")} -> ITM_OFF | BD86: {=SUBSTITUTE(SUBSTITUTE(_xlfn.SWITCH(AS86, "ITM_T_HOME", "ITM_UP1", "ITM_T_END", "ITM_DOWN1", "DOCU_CHR_sub", "ITM_DOWN_ARROW", "DOCU_CHR_super", "ITM_UP_ARROW", "MNU_TAMALPHA", "ITM_alpha", "DOCU_CHR_caseFLIP", "ITM_NULL", "DOCU_CHR_numSET", "ITM_NULL", "DOCU_ITM_RADIX", "ITM_PERIOD", AS86), ".lo", ),"MNU_", "-MNU_")} -> ITM_SNAP | BE86: {=SUBSTITUTE(SUBSTITUTE(_xlfn.SWITCH(AT86, "ITM_T_HOME", "ITM_UP1", "ITM_T_END", "ITM_DOWN1", "DOCU_CHR_sub", "ITM_DOWN_ARROW", "DOCU_CHR_super", "ITM_UP_ARROW", "MNU_TAMALPHA", "ITM_alpha", "DOCU_CHR_caseFLIP", "ITM_NULL", "DOCU_CHR_numSET", "ITM_NULL", "DOCU_ITM_RADIX", "ITM_PERIOD", AT86), ".lo", ),"MNU_", "-MNU_")} -> ITM_EXIT1 | BI86: =" "&AW86&", "&REPT(" ",$BH$54-LEN(AW86))& AX86&", "&REPT(" ",$BH$54-LEN(AX86))& AY86&", "&REPT(" ",$BH$54-LEN(AY86))& AZ86&", "&REPT(" ",$BH$54-LEN(AZ86))& BA86&", "&REPT(" ",$BH$54-LEN(BA86))& BB86&", "&REPT(" ",$BH$54-LEN(BB86))& BC86&", "&REPT(" ",$BH$54-LEN(BC86))& BD86&", "&REPT(" ",$BH$54-LEN(BD86))& BE86&REPT(" ",$BH$54-LEN(BE86))& "}," -> {81, ITM_EXIT1, ITM_OFF, ITM_SNAP, ITM_EXIT1, ITM_EXIT1, ITM_OFF, ITM_SNAP, ITM_EXIT1 }, | BL86: =SUBSTITUTE(AR86,".lo","") -> ITM_OFF | BM86: =SUBSTITUTE(AS86,".lo","") -> ITM_SNAP
C87: 1 | D87: 1 | E87: 1 | F87: 2 | G87: 2 | H87: 2 | I87: 2 | J87: 3 | K87: 3 | L87: 3 | M87: 3 | N87: 4 | O87: 4 | P87: 4 | Q87: 4 | R87: 5 | S87: 5 | T87: 5 | U87: 5 | X87: =X86 -> C47 | Y87: 8 | Z87: 2 | AA87: =X87&"."&Y87&Z87 -> C47.82 | AB87: 0 | AC87: VIEW | AD87: STOPW | AF87: : | AG87: =AF87=AH87 -> FALSE | AH87: =INDEX(labelitem,MATCH(AR87,items,0),1) -> ; | AI87: =INDEX(labelitem,MATCH(AS87,items,0),1) -> 0 | AJ87: =INDEX(labelitem,MATCH(AT87,items,0),1) -> 0 | AL87: ="{"&Y87*10+Z87 -> {82 | AM87: =VLOOKUP(AB87,labelitem,2,0) -> ITM_0 | AN87: =VLOOKUP(AC87,labelitem,2,0) -> ITM_VIEW | AO87: =VLOOKUP(AD87,labelitem,2,0) -> ITM_TIMER | AP87: =IF(NOT(ISNA(MATCH(AM87,Lookups!E:E,))),VLOOKUP(AM87,Lookups!E:F,2,0), IF(NOT(ISNA(MATCH(AN87,Lookups!E:E,))),VLOOKUP(AN87,Lookups!E:F,2,0), IF(NOT(ISNA(MATCH(AO87,Lookups!E:E,))),VLOOKUP(AO87,Lookups!E:F,2,0),"ITM_NULL"))) -> ITM_0 | AQ87: =VLOOKUP(AF87,labelitem,2,0) -> ITM_COLON | AR87: ITM_SEMICOLON | AS87: ITM_0 | AT87: ITM_0 | AW87: =AL87 -> {82 | AX87: {=SUBSTITUTE(SUBSTITUTE(_xlfn.SWITCH(AM87, "ITM_T_HOME", "ITM_UP1", "ITM_T_END", "ITM_DOWN1", "DOCU_CHR_sub", "ITM_DOWN_ARROW", "DOCU_CHR_super", "ITM_UP_ARROW", "MNU_TAMALPHA", "ITM_alpha", "DOCU_CHR_caseFLIP", "ITM_NULL", "DOCU_CHR_numSET", "ITM_NULL", "DOCU_ITM_RADIX", "ITM_PERIOD", AM87), ".lo", ),"MNU_", "-MNU_")} -> ITM_0 | AY87: {=SUBSTITUTE(SUBSTITUTE(_xlfn.SWITCH(AN87, "ITM_T_HOME", "ITM_UP1", "ITM_T_END", "ITM_DOWN1", "DOCU_CHR_sub", "ITM_DOWN_ARROW", "DOCU_CHR_super", "ITM_UP_ARROW", "MNU_TAMALPHA", "ITM_alpha", "DOCU_CHR_caseFLIP", "ITM_NULL", "DOCU_CHR_numSET", "ITM_NULL", "DOCU_ITM_RADIX", "ITM_PERIOD", AN87), ".lo", ),"MNU_", "-MNU_")} -> ITM_VIEW | AZ87: {=SUBSTITUTE(SUBSTITUTE(_xlfn.SWITCH(AO87, "ITM_T_HOME", "ITM_UP1", "ITM_T_END", "ITM_DOWN1", "DOCU_CHR_sub", "ITM_DOWN_ARROW", "DOCU_CHR_super", "ITM_UP_ARROW", "MNU_TAMALPHA", "ITM_alpha", "DOCU_CHR_caseFLIP", "ITM_NULL", "DOCU_CHR_numSET", "ITM_NULL", "DOCU_ITM_RADIX", "ITM_PERIOD", AO87), ".lo", ),"MNU_", "-MNU_")} -> ITM_TIMER | BA87: {=SUBSTITUTE(SUBSTITUTE(_xlfn.SWITCH(AP87, "ITM_T_HOME", "ITM_UP1", "ITM_T_END", "ITM_DOWN1", "DOCU_CHR_sub", "ITM_DOWN_ARROW", "DOCU_CHR_super", "ITM_UP_ARROW", "MNU_TAMALPHA", "ITM_alpha", "DOCU_CHR_caseFLIP", "ITM_NULL", "DOCU_CHR_numSET", "ITM_NULL", "DOCU_ITM_RADIX", "ITM_PERIOD", AP87), ".lo", ),"MNU_", "-MNU_")} -> ITM_0 | BB87: {=SUBSTITUTE(SUBSTITUTE(_xlfn.SWITCH(AQ87, "ITM_T_HOME", "ITM_UP1", "ITM_T_END", "ITM_DOWN1", "DOCU_CHR_sub", "ITM_DOWN_ARROW", "DOCU_CHR_super", "ITM_UP_ARROW", "MNU_TAMALPHA", "ITM_alpha", "DOCU_CHR_caseFLIP", "ITM_NULL", "DOCU_CHR_numSET", "ITM_NULL", "DOCU_ITM_RADIX", "ITM_PERIOD", AQ87), ".lo", ),"MNU_", "-MNU_")} -> ITM_COLON | BC87: {=SUBSTITUTE(SUBSTITUTE(_xlfn.SWITCH(AR87, "ITM_T_HOME", "ITM_UP1", "ITM_T_END", "ITM_DOWN1", "DOCU_CHR_sub", "ITM_DOWN_ARROW", "DOCU_CHR_super", "ITM_UP_ARROW", "MNU_TAMALPHA", "ITM_alpha", "DOCU_CHR_caseFLIP", "ITM_NULL", "DOCU_CHR_numSET", "ITM_NULL", "DOCU_ITM_RADIX", "ITM_PERIOD", AR87), ".lo", ),"MNU_", "-MNU_")} -> ITM_SEMICOLON | BD87: {=SUBSTITUTE(SUBSTITUTE(_xlfn.SWITCH(AS87, "ITM_T_HOME", "ITM_UP1", "ITM_T_END", "ITM_DOWN1", "DOCU_CHR_sub", "ITM_DOWN_ARROW", "DOCU_CHR_super", "ITM_UP_ARROW", "MNU_TAMALPHA", "ITM_alpha", "DOCU_CHR_caseFLIP", "ITM_NULL", "DOCU_CHR_numSET", "ITM_NULL", "DOCU_ITM_RADIX", "ITM_PERIOD", AS87), ".lo", ),"MNU_", "-MNU_")} -> ITM_0 | BE87: {=SUBSTITUTE(SUBSTITUTE(_xlfn.SWITCH(AT87, "ITM_T_HOME", "ITM_UP1", "ITM_T_END", "ITM_DOWN1", "DOCU_CHR_sub", "ITM_DOWN_ARROW", "DOCU_CHR_super", "ITM_UP_ARROW", "MNU_TAMALPHA", "ITM_alpha", "DOCU_CHR_caseFLIP", "ITM_NULL", "DOCU_CHR_numSET", "ITM_NULL", "DOCU_ITM_RADIX", "ITM_PERIOD", AT87), ".lo", ),"MNU_", "-MNU_")} -> ITM_0 | BI87: =" "&AW87&", "&REPT(" ",$BH$54-LEN(AW87))& AX87&", "&REPT(" ",$BH$54-LEN(AX87))& AY87&", "&REPT(" ",$BH$54-LEN(AY87))& AZ87&", "&REPT(" ",$BH$54-LEN(AZ87))& BA87&", "&REPT(" ",$BH$54-LEN(BA87))& BB87&", "&REPT(" ",$BH$54-LEN(BB87))& BC87&", "&REPT(" ",$BH$54-LEN(BC87))& BD87&", "&REPT(" ",$BH$54-LEN(BD87))& BE87&REPT(" ",$BH$54-LEN(BE87))& "}," -> {82, ITM_0, ITM_VIEW, ITM_TIMER, ITM_0, ITM_COLON, ITM_SEMICOLON, ITM_0, ITM_0 }, | BL87: =SUBSTITUTE(AR87,".lo","") -> ITM_SEMICOLON | BM87: =SUBSTITUTE(AS87,".lo","") -> ITM_0
B88: 70 | C88: =layout&"."&$B88+C87+C86 -> C47.71,2 | D88: =layout&"."&$B88+D87+D86 -> C47.71,3 | F88: =layout&"."&$B88+F87+F86 -> C47.72,2 | H88: =layout&"."&$B88+H87+H86 -> C47.72,3 | J88: =layout&"."&$B88+J87+J86 -> C47.73,2 | L88: =layout&"."&$B88+L87+L86 -> C47.73,3 | N88: =layout&"."&$B88+N87+N86 -> C47.74,2 | P88: =layout&"."&$B88+P87+P86 -> C47.74,3 | R88: =layout&"."&$B88+R87+R86 -> C47.75,2 | T88: =layout&"."&$B88+T87+T86 -> C47.75,3 | X88: =X87 -> C47 | Y88: 8 | Z88: 3 | AA88: =X88&"."&Y88&Z88 -> C47.83 | AB88: • | AC88: SHOW | AD88: [ INFO ] | AF88: , | AG88: =AF88=AH88 -> FALSE | AH88: =INDEX(labelitem,MATCH(AR88,items,0),1) -> # | AI88: =INDEX(labelitem,MATCH(AS88,items,0),1) -> . | AJ88: =INDEX(labelitem,MATCH(AT88,items,0),1) -> . | AL88: ="{"&Y88*10+Z88 -> {83 | AM88: =VLOOKUP(AB88,labelitem,2,0) -> DOCU_ITM_RADIX | AN88: =VLOOKUP(AC88,labelitem,2,0) -> ITM_SHOW | AO88: =VLOOKUP(AD88,labelitem,2,0) -> MNU_INFO | AP88: =IF(NOT(ISNA(MATCH(AM88,Lookups!E:E,))),VLOOKUP(AM88,Lookups!E:F,2,0), IF(NOT(ISNA(MATCH(AN88,Lookups!E:E,))),VLOOKUP(AN88,Lookups!E:F,2,0), IF(NOT(ISNA(MATCH(AO88,Lookups!E:E,))),VLOOKUP(AO88,Lookups!E:F,2,0),"ITM_NULL"))) -> ITM_PERIOD | AQ88: =VLOOKUP(AF88,labelitem,2,0) -> ITM_COMMA | AR88: ITM_NUMBER_SIGN | AS88: ITM_PERIOD | AT88: ITM_PERIOD | AW88: =AL88 -> {83 | AX88: {=SUBSTITUTE(SUBSTITUTE(_xlfn.SWITCH(AM88, "ITM_T_HOME", "ITM_UP1", "ITM_T_END", "ITM_DOWN1", "DOCU_CHR_sub", "ITM_DOWN_ARROW", "DOCU_CHR_super", "ITM_UP_ARROW", "MNU_TAMALPHA", "ITM_alpha", "DOCU_CHR_caseFLIP", "ITM_NULL", "DOCU_CHR_numSET", "ITM_NULL", "DOCU_ITM_RADIX", "ITM_PERIOD", AM88), ".lo", ),"MNU_", "-MNU_")} -> ITM_PERIOD | AY88: {=SUBSTITUTE(SUBSTITUTE(_xlfn.SWITCH(AN88, "ITM_T_HOME", "ITM_UP1", "ITM_T_END", "ITM_DOWN1", "DOCU_CHR_sub", "ITM_DOWN_ARROW", "DOCU_CHR_super", "ITM_UP_ARROW", "MNU_TAMALPHA", "ITM_alpha", "DOCU_CHR_caseFLIP", "ITM_NULL", "DOCU_CHR_numSET", "ITM_NULL", "DOCU_ITM_RADIX", "ITM_PERIOD", AN88), ".lo", ),"MNU_", "-MNU_")} -> ITM_SHOW | AZ88: {=SUBSTITUTE(SUBSTITUTE(_xlfn.SWITCH(AO88, "ITM_T_HOME", "ITM_UP1", "ITM_T_END", "ITM_DOWN1", "DOCU_CHR_sub", "ITM_DOWN_ARROW", "DOCU_CHR_super", "ITM_UP_ARROW", "MNU_TAMALPHA", "ITM_alpha", "DOCU_CHR_caseFLIP", "ITM_NULL", "DOCU_CHR_numSET", "ITM_NULL", "DOCU_ITM_RADIX", "ITM_PERIOD", AO88), ".lo", ),"MNU_", "-MNU_")} -> -MNU_INFO | BA88: {=SUBSTITUTE(SUBSTITUTE(_xlfn.SWITCH(AP88, "ITM_T_HOME", "ITM_UP1", "ITM_T_END", "ITM_DOWN1", "DOCU_CHR_sub", "ITM_DOWN_ARROW", "DOCU_CHR_super", "ITM_UP_ARROW", "MNU_TAMALPHA", "ITM_alpha", "DOCU_CHR_caseFLIP", "ITM_NULL", "DOCU_CHR_numSET", "ITM_NULL", "DOCU_ITM_RADIX", "ITM_PERIOD", AP88), ".lo", ),"MNU_", "-MNU_")} -> ITM_PERIOD | BB88: {=SUBSTITUTE(SUBSTITUTE(_xlfn.SWITCH(AQ88, "ITM_T_HOME", "ITM_UP1", "ITM_T_END", "ITM_DOWN1", "DOCU_CHR_sub", "ITM_DOWN_ARROW", "DOCU_CHR_super", "ITM_UP_ARROW", "MNU_TAMALPHA", "ITM_alpha", "DOCU_CHR_caseFLIP", "ITM_NULL", "DOCU_CHR_numSET", "ITM_NULL", "DOCU_ITM_RADIX", "ITM_PERIOD", AQ88), ".lo", ),"MNU_", "-MNU_")} -> ITM_COMMA | BC88: {=SUBSTITUTE(SUBSTITUTE(_xlfn.SWITCH(AR88, "ITM_T_HOME", "ITM_UP1", "ITM_T_END", "ITM_DOWN1", "DOCU_CHR_sub", "ITM_DOWN_ARROW", "DOCU_CHR_super", "ITM_UP_ARROW", "MNU_TAMALPHA", "ITM_alpha", "DOCU_CHR_caseFLIP", "ITM_NULL", "DOCU_CHR_numSET", "ITM_NULL", "DOCU_ITM_RADIX", "ITM_PERIOD", AR88), ".lo", ),"MNU_", "-MNU_")} -> ITM_NUMBER_SIGN | BD88: {=SUBSTITUTE(SUBSTITUTE(_xlfn.SWITCH(AS88, "ITM_T_HOME", "ITM_UP1", "ITM_T_END", "ITM_DOWN1", "DOCU_CHR_sub", "ITM_DOWN_ARROW", "DOCU_CHR_super", "ITM_UP_ARROW", "MNU_TAMALPHA", "ITM_alpha", "DOCU_CHR_caseFLIP", "ITM_NULL", "DOCU_CHR_numSET", "ITM_NULL", "DOCU_ITM_RADIX", "ITM_PERIOD", AS88), ".lo", ),"MNU_", "-MNU_")} -> ITM_PERIOD | BE88: {=SUBSTITUTE(SUBSTITUTE(_xlfn.SWITCH(AT88, "ITM_T_HOME", "ITM_UP1", "ITM_T_END", "ITM_DOWN1", "DOCU_CHR_sub", "ITM_DOWN_ARROW", "DOCU_CHR_super", "ITM_UP_ARROW", "MNU_TAMALPHA", "ITM_alpha", "DOCU_CHR_caseFLIP", "ITM_NULL", "DOCU_CHR_numSET", "ITM_NULL", "DOCU_ITM_RADIX", "ITM_PERIOD", AT88), ".lo", ),"MNU_", "-MNU_")} -> ITM_PERIOD | BI88: =" "&AW88&", "&REPT(" ",$BH$54-LEN(AW88))& AX88&", "&REPT(" ",$BH$54-LEN(AX88))& AY88&", "&REPT(" ",$BH$54-LEN(AY88))& AZ88&", "&REPT(" ",$BH$54-LEN(AZ88))& BA88&", "&REPT(" ",$BH$54-LEN(BA88))& BB88&", "&REPT(" ",$BH$54-LEN(BB88))& BC88&", "&REPT(" ",$BH$54-LEN(BC88))& BD88&", "&REPT(" ",$BH$54-LEN(BD88))& BE88&REPT(" ",$BH$54-LEN(BE88))& "}," -> {83, ITM_PERIOD, ITM_SHOW, -MNU_INFO, ITM_PERIOD, ITM_COMMA, ITM_NUMBER_SIGN, ITM_PERIOD, ITM_PERIOD }, | BL88: =SUBSTITUTE(AR88,".lo","") -> ITM_NUMBER_SIGN | BM88: =SUBSTITUTE(AS88,".lo","") -> ITM_PERIOD
A89: 0.1 | B89: 70 | C89: =layout&"."&$B91+C87+$A89 -> C47.71,1 | E89: =layout&"."&$B89+E87+E86 -> C47.71,4 | F89: =layout&"."&$B89+F87+$A89 -> C47.72,1 | G89: =$B91+G87+$A89 -> 72.1 | I89: =layout&"."&$B89+I87+I86 -> C47.72,4 | J89: =layout&"."&$B89+J87+$A89 -> C47.73,1 | K89: =$B91+K87+$A89 -> 73.1 | M89: =layout&"."&$B89+M87+M86 -> C47.73,4 | N89: =layout&"."&$B89+N87+$A89 -> C47.74,1 | O89: =$B91+O87+$A89 -> 74.1 | Q89: =layout&"."&$B89+Q87+Q86 -> C47.74,4 | R89: =layout&"."&$B89+R87+$A89 -> C47.75,1 | S89: =$B91+S87+$A89 -> 75.1 | U89: =layout&"."&$B89+U87+U86 -> C47.75,4 | X89: =X88 -> C47 | Y89: 8 | Z89: 4 | AA89: =X89&"."&Y89&Z89 -> C47.84 | AB89: R/S | AC89: PRGM | AD89: [ TEST ] | AF89: ？ | AG89: =AF89=AH89 -> FALSE | AH89: =INDEX(labelitem,MATCH(AR89,items,0),1) -> ! | AI89: =INDEX(labelitem,MATCH(AS89,items,0),1) -> / | AJ89: =INDEX(labelitem,MATCH(AT89,items,0),1) | AL89: ="{"&Y89*10+Z89 -> {84 | AM89: =VLOOKUP(AB89,labelitem,2,0) -> ITM_RS | AN89: =VLOOKUP(AC89,labelitem,2,0) -> ITM_PR | AO89: =VLOOKUP(AD89,labelitem,2,0) -> MNU_TEST | AP89: =IF(NOT(ISNA(MATCH(AM89,Lookups!E:E,))),VLOOKUP(AM89,Lookups!E:F,2,0), IF(NOT(ISNA(MATCH(AN89,Lookups!E:E,))),VLOOKUP(AN89,Lookups!E:F,2,0), IF(NOT(ISNA(MATCH(AO89,Lookups!E:E,))),VLOOKUP(AO89,Lookups!E:F,2,0),"ITM_NULL"))) -> ITM_NULL | AQ89: =VLOOKUP(AF89,labelitem,2,0) -> ITM_QUESTION_MARK | AR89: ITM_EXCLAMATION_MARK | AS89: ITM_SLASH | AT89: ITM_NULL | AW89: =AL89 -> {84 | AX89: {=SUBSTITUTE(SUBSTITUTE(_xlfn.SWITCH(AM89, "ITM_T_HOME", "ITM_UP1", "ITM_T_END", "ITM_DOWN1", "DOCU_CHR_sub", "ITM_DOWN_ARROW", "DOCU_CHR_super", "ITM_UP_ARROW", "MNU_TAMALPHA", "ITM_alpha", "DOCU_CHR_caseFLIP", "ITM_NULL", "DOCU_CHR_numSET", "ITM_NULL", "DOCU_ITM_RADIX", "ITM_PERIOD", AM89), ".lo", ),"MNU_", "-MNU_")} -> ITM_RS | AY89: {=SUBSTITUTE(SUBSTITUTE(_xlfn.SWITCH(AN89, "ITM_T_HOME", "ITM_UP1", "ITM_T_END", "ITM_DOWN1", "DOCU_CHR_sub", "ITM_DOWN_ARROW", "DOCU_CHR_super", "ITM_UP_ARROW", "MNU_TAMALPHA", "ITM_alpha", "DOCU_CHR_caseFLIP", "ITM_NULL", "DOCU_CHR_numSET", "ITM_NULL", "DOCU_ITM_RADIX", "ITM_PERIOD", AN89), ".lo", ),"MNU_", "-MNU_")} -> ITM_PR | AZ89: {=SUBSTITUTE(SUBSTITUTE(_xlfn.SWITCH(AO89, "ITM_T_HOME", "ITM_UP1", "ITM_T_END", "ITM_DOWN1", "DOCU_CHR_sub", "ITM_DOWN_ARROW", "DOCU_CHR_super", "ITM_UP_ARROW", "MNU_TAMALPHA", "ITM_alpha", "DOCU_CHR_caseFLIP", "ITM_NULL", "DOCU_CHR_numSET", "ITM_NULL", "DOCU_ITM_RADIX", "ITM_PERIOD", AO89), ".lo", ),"MNU_", "-MNU_")} -> -MNU_TEST | BA89: {=SUBSTITUTE(SUBSTITUTE(_xlfn.SWITCH(AP89, "ITM_T_HOME", "ITM_UP1", "ITM_T_END", "ITM_DOWN1", "DOCU_CHR_sub", "ITM_DOWN_ARROW", "DOCU_CHR_super", "ITM_UP_ARROW", "MNU_TAMALPHA", "ITM_alpha", "DOCU_CHR_caseFLIP", "ITM_NULL", "DOCU_CHR_numSET", "ITM_NULL", "DOCU_ITM_RADIX", "ITM_PERIOD", AP89), ".lo", ),"MNU_", "-MNU_")} -> ITM_NULL | BB89: {=SUBSTITUTE(SUBSTITUTE(_xlfn.SWITCH(AQ89, "ITM_T_HOME", "ITM_UP1", "ITM_T_END", "ITM_DOWN1", "DOCU_CHR_sub", "ITM_DOWN_ARROW", "DOCU_CHR_super", "ITM_UP_ARROW", "MNU_TAMALPHA", "ITM_alpha", "DOCU_CHR_caseFLIP", "ITM_NULL", "DOCU_CHR_numSET", "ITM_NULL", "DOCU_ITM_RADIX", "ITM_PERIOD", AQ89), ".lo", ),"MNU_", "-MNU_")} -> ITM_QUESTION_MARK | BC89: {=SUBSTITUTE(SUBSTITUTE(_xlfn.SWITCH(AR89, "ITM_T_HOME", "ITM_UP1", "ITM_T_END", "ITM_DOWN1", "DOCU_CHR_sub", "ITM_DOWN_ARROW", "DOCU_CHR_super", "ITM_UP_ARROW", "MNU_TAMALPHA", "ITM_alpha", "DOCU_CHR_caseFLIP", "ITM_NULL", "DOCU_CHR_numSET", "ITM_NULL", "DOCU_ITM_RADIX", "ITM_PERIOD", AR89), ".lo", ),"MNU_", "-MNU_")} -> ITM_EXCLAMATION_MARK | BD89: {=SUBSTITUTE(SUBSTITUTE(_xlfn.SWITCH(AS89, "ITM_T_HOME", "ITM_UP1", "ITM_T_END", "ITM_DOWN1", "DOCU_CHR_sub", "ITM_DOWN_ARROW", "DOCU_CHR_super", "ITM_UP_ARROW", "MNU_TAMALPHA", "ITM_alpha", "DOCU_CHR_caseFLIP", "ITM_NULL", "DOCU_CHR_numSET", "ITM_NULL", "DOCU_ITM_RADIX", "ITM_PERIOD", AS89), ".lo", ),"MNU_", "-MNU_")} -> ITM_SLASH | BE89: {=SUBSTITUTE(SUBSTITUTE(_xlfn.SWITCH(AT89, "ITM_T_HOME", "ITM_UP1", "ITM_T_END", "ITM_DOWN1", "DOCU_CHR_sub", "ITM_DOWN_ARROW", "DOCU_CHR_super", "ITM_UP_ARROW", "MNU_TAMALPHA", "ITM_alpha", "DOCU_CHR_caseFLIP", "ITM_NULL", "DOCU_CHR_numSET", "ITM_NULL", "DOCU_ITM_RADIX", "ITM_PERIOD", AT89), ".lo", ),"MNU_", "-MNU_")} -> ITM_NULL | BI89: =" "&AW89&", "&REPT(" ",$BH$54-LEN(AW89))& AX89&", "&REPT(" ",$BH$54-LEN(AX89))& AY89&", "&REPT(" ",$BH$54-LEN(AY89))& AZ89&", "&REPT(" ",$BH$54-LEN(AZ89))& BA89&", "&REPT(" ",$BH$54-LEN(BA89))& BB89&", "&REPT(" ",$BH$54-LEN(BB89))& BC89&", "&REPT(" ",$BH$54-LEN(BC89))& BD89&", "&REPT(" ",$BH$54-LEN(BD89))& BE89&REPT(" ",$BH$54-LEN(BE89))& "}," -> {84, ITM_RS, ITM_PR, -MNU_TEST, ITM_NULL, ITM_QUESTION_MARK, ITM_EXCLAMATION_MARK, ITM_SLASH, ITM_NULL }, | BL89: =SUBSTITUTE(AR89,".lo","") -> ITM_EXCLAMATION_MARK | BM89: =SUBSTITUTE(AS89,".lo","") -> ITM_SLASH
A90: 0.1 | B90: 70 | E90: =layout&"."&$B90+E89+E88 -> #VALUE! | I90: =layout&"."&$B90+I89+I88 -> #VALUE! | M90: =layout&"."&$B90+M89+M88 -> #VALUE! | Q90: =layout&"."&$B90+Q89+Q88 -> #VALUE! | U90: =layout&"."&$B90+U89+U88 -> #VALUE! | X90: =X89 -> C47 | Y90: 8 | Z90: 5 | AA90: =X90&"."&Y90&Z90 -> C47.85 | AB90: + | AC90: [ CAT ] | AD90: [ CNST ] | AF90: spc | AG90: =AF90=AH90 -> FALSE | AH90: =INDEX(labelitem,MATCH(AR90,items,0),1) -> = | AI90: =INDEX(labelitem,MATCH(AS90,items,0),1) -> + | AJ90: =INDEX(labelitem,MATCH(AT90,items,0),1) -> + | AL90: ="{"&Y90*10+Z90 -> {85 | AM90: =VLOOKUP(AB90,labelitem,2,0) -> ITM_ADD | AN90: =VLOOKUP(AC90,labelitem,2,0) -> MNU_CATALOG | AO90: =VLOOKUP(AD90,labelitem,2,0) -> MNU_CONST | AP90: =IF(NOT(ISNA(MATCH(AM90,Lookups!E:E,))),VLOOKUP(AM90,Lookups!E:F,2,0), IF(NOT(ISNA(MATCH(AN90,Lookups!E:E,))),VLOOKUP(AN90,Lookups!E:F,2,0), IF(NOT(ISNA(MATCH(AO90,Lookups!E:E,))),VLOOKUP(AO90,Lookups!E:F,2,0),"ITM_NULL"))) -> ITM_PLUS | AQ90: =VLOOKUP(AF90,labelitem,2,0) -> ITM_SPACE | AR90: ITM_EQUAL | AS90: ITM_PLUS | AT90: ITM_ADD | AW90: =AL90 -> {85 | AX90: {=SUBSTITUTE(SUBSTITUTE(_xlfn.SWITCH(AM90, "ITM_T_HOME", "ITM_UP1", "ITM_T_END", "ITM_DOWN1", "DOCU_CHR_sub", "ITM_DOWN_ARROW", "DOCU_CHR_super", "ITM_UP_ARROW", "MNU_TAMALPHA", "ITM_alpha", "DOCU_CHR_caseFLIP", "ITM_NULL", "DOCU_CHR_numSET", "ITM_NULL", "DOCU_ITM_RADIX", "ITM_PERIOD", AM90), ".lo", ),"MNU_", "-MNU_")} -> ITM_ADD | AY90: {=SUBSTITUTE(SUBSTITUTE(_xlfn.SWITCH(AN90, "ITM_T_HOME", "ITM_UP1", "ITM_T_END", "ITM_DOWN1", "DOCU_CHR_sub", "ITM_DOWN_ARROW", "DOCU_CHR_super", "ITM_UP_ARROW", "MNU_TAMALPHA", "ITM_alpha", "DOCU_CHR_caseFLIP", "ITM_NULL", "DOCU_CHR_numSET", "ITM_NULL", "DOCU_ITM_RADIX", "ITM_PERIOD", AN90), ".lo", ),"MNU_", "-MNU_")} -> -MNU_CATALOG | AZ90: {=SUBSTITUTE(SUBSTITUTE(_xlfn.SWITCH(AO90, "ITM_T_HOME", "ITM_UP1", "ITM_T_END", "ITM_DOWN1", "DOCU_CHR_sub", "ITM_DOWN_ARROW", "DOCU_CHR_super", "ITM_UP_ARROW", "MNU_TAMALPHA", "ITM_alpha", "DOCU_CHR_caseFLIP", "ITM_NULL", "DOCU_CHR_numSET", "ITM_NULL", "DOCU_ITM_RADIX", "ITM_PERIOD", AO90), ".lo", ),"MNU_", "-MNU_")} -> -MNU_CONST | BA90: {=SUBSTITUTE(SUBSTITUTE(_xlfn.SWITCH(AP90, "ITM_T_HOME", "ITM_UP1", "ITM_T_END", "ITM_DOWN1", "DOCU_CHR_sub", "ITM_DOWN_ARROW", "DOCU_CHR_super", "ITM_UP_ARROW", "MNU_TAMALPHA", "ITM_alpha", "DOCU_CHR_caseFLIP", "ITM_NULL", "DOCU_CHR_numSET", "ITM_NULL", "DOCU_ITM_RADIX", "ITM_PERIOD", AP90), ".lo", ),"MNU_", "-MNU_")} -> ITM_PLUS | BB90: {=SUBSTITUTE(SUBSTITUTE(_xlfn.SWITCH(AQ90, "ITM_T_HOME", "ITM_UP1", "ITM_T_END", "ITM_DOWN1", "DOCU_CHR_sub", "ITM_DOWN_ARROW", "DOCU_CHR_super", "ITM_UP_ARROW", "MNU_TAMALPHA", "ITM_alpha", "DOCU_CHR_caseFLIP", "ITM_NULL", "DOCU_CHR_numSET", "ITM_NULL", "DOCU_ITM_RADIX", "ITM_PERIOD", AQ90), ".lo", ),"MNU_", "-MNU_")} -> ITM_SPACE | BC90: {=SUBSTITUTE(SUBSTITUTE(_xlfn.SWITCH(AR90, "ITM_T_HOME", "ITM_UP1", "ITM_T_END", "ITM_DOWN1", "DOCU_CHR_sub", "ITM_DOWN_ARROW", "DOCU_CHR_super", "ITM_UP_ARROW", "MNU_TAMALPHA", "ITM_alpha", "DOCU_CHR_caseFLIP", "ITM_NULL", "DOCU_CHR_numSET", "ITM_NULL", "DOCU_ITM_RADIX", "ITM_PERIOD", AR90), ".lo", ),"MNU_", "-MNU_")} -> ITM_EQUAL | BD90: {=SUBSTITUTE(SUBSTITUTE(_xlfn.SWITCH(AS90, "ITM_T_HOME", "ITM_UP1", "ITM_T_END", "ITM_DOWN1", "DOCU_CHR_sub", "ITM_DOWN_ARROW", "DOCU_CHR_super", "ITM_UP_ARROW", "MNU_TAMALPHA", "ITM_alpha", "DOCU_CHR_caseFLIP", "ITM_NULL", "DOCU_CHR_numSET", "ITM_NULL", "DOCU_ITM_RADIX", "ITM_PERIOD", AS90), ".lo", ),"MNU_", "-MNU_")} -> ITM_PLUS | BE90: {=SUBSTITUTE(SUBSTITUTE(_xlfn.SWITCH(AT90, "ITM_T_HOME", "ITM_UP1", "ITM_T_END", "ITM_DOWN1", "DOCU_CHR_sub", "ITM_DOWN_ARROW", "DOCU_CHR_super", "ITM_UP_ARROW", "MNU_TAMALPHA", "ITM_alpha", "DOCU_CHR_caseFLIP", "ITM_NULL", "DOCU_CHR_numSET", "ITM_NULL", "DOCU_ITM_RADIX", "ITM_PERIOD", AT90), ".lo", ),"MNU_", "-MNU_")} -> ITM_ADD | BI90: =" "&AW90&", "&REPT(" ",$BH$54-LEN(AW90))& AX90&", "&REPT(" ",$BH$54-LEN(AX90))& AY90&", "&REPT(" ",$BH$54-LEN(AY90))& AZ90&", "&REPT(" ",$BH$54-LEN(AZ90))& BA90&", "&REPT(" ",$BH$54-LEN(BA90))& BB90&", "&REPT(" ",$BH$54-LEN(BB90))& BC90&", "&REPT(" ",$BH$54-LEN(BC90))& BD90&", "&REPT(" ",$BH$54-LEN(BD90))& BE90&REPT(" ",$BH$54-LEN(BE90))& "}" -> {85, ITM_ADD, -MNU_CATALOG, -MNU_CONST, ITM_PLUS, ITM_SPACE, ITM_EQUAL, ITM_PLUS, ITM_ADD } | BL90: =SUBSTITUTE(AR90,".lo","") -> ITM_EQUAL | BM90: =SUBSTITUTE(AS90,".lo","") -> ITM_PLUS
A91: 0.1 | B91: 70 | E91: =layout&"."&$B91+E90+E89 -> #VALUE! | I91: =layout&"."&$B91+I90+I89 -> #VALUE! | M91: =layout&"."&$B91+M90+M89 -> #VALUE! | Q91: =layout&"."&$B91+Q90+Q89 -> #VALUE! | U91: =layout&"."&$B91+U90+U89 -> #VALUE! | BI91: //keyID, primary, fShifted, gShifted, keyLblAim, primaryAim, fShiftedAim, gShiftedAim, primaryTam
C92: =2/10 -> 0.2 | D92: =3/10 -> 0.3 | E92: =4/10 -> 0.4 | F92: =2/10 -> 0.2 | H92: =3/10 -> 0.3 | I92: =4/10 -> 0.4 | J92: =2/10 -> 0.2 | L92: =3/10 -> 0.3 | M92: =4/10 -> 0.4 | N92: =2/10 -> 0.2 | P92: =3/10 -> 0.3 | Q92: =4/10 -> 0.4 | R92: =2/10 -> 0.2 | T92: =3/10 -> 0.3 | U92: =4/10 -> 0.4 | BI92: };
C93: 1 | D93: 1 | E93: 1 | F93: 2 | G93: 2 | H93: 2 | I93: 2 | J93: 3 | K93: 3 | L93: 3 | M93: 3 | N93: 4 | O93: 4 | P93: 4 | Q93: 4 | R93: 5 | S93: 5 | T93: 5 | U93: 5 | W93: Code used from WP43 files | X93: WP43 | Y93: 1 | Z93: 1 | AA93: =X93&"."&Y93&Z93 -> WP43.11 | AB93: F1
B94: 80 | C94: =layout&"."&$B94+C93+C92 -> C47.81,2 | D94: =layout&"."&$B94+D93+D92 -> C47.81,3 | F94: =layout&"."&$B94+F93+F92 -> C47.82,2 | H94: =layout&"."&$B94+H93+H92 -> C47.82,3 | J94: =layout&"."&$B94+J93+J92 -> C47.83,2 | L94: =layout&"."&$B94+L93+L92 -> C47.83,3 | N94: =layout&"."&$B94+N93+N92 -> C47.84,2 | P94: =layout&"."&$B94+P93+P92 -> C47.84,3 | R94: =layout&"."&$B94+R93+R92 -> C47.85,2 | T94: =layout&"."&$B94+T93+T92 -> C47.85,3 | X94: =X93 -> WP43 | Y94: 1 | Z94: 2 | AA94: =X94&"."&Y94&Z94 -> WP43.12 | AB94: F2
A95: 0.1 | B95: 80 | C95: =layout&"."&$B97+C93+$A95 -> C47.81,1 | E95: =layout&"."&$B95+E93+E92 -> C47.81,4 | F95: =layout&"."&$B95+F93+$A95 -> C47.82,1 | G95: =$B97+G93+$A95 -> 82.1 | I95: =layout&"."&$B95+I93+I92 -> C47.82,4 | J95: =layout&"."&$B95+J93+$A95 -> C47.83,1 | K95: =$B97+K93+$A95 -> 83.1 | M95: =layout&"."&$B95+M93+M92 -> C47.83,4 | N95: =layout&"."&$B95+N93+$A95 -> C47.84,1 | O95: =$B97+O93+$A95 -> 84.1 | Q95: =layout&"."&$B95+Q93+Q92 -> C47.84,4 | R95: =layout&"."&$B95+R93+$A95 -> C47.85,1 | S95: =$B97+S93+$A95 -> 85.1 | U95: =layout&"."&$B95+U93+U92 -> C47.85,4 | X95: =X94 -> WP43 | Y95: 1 | Z95: 3 | AA95: =X95&"."&Y95&Z95 -> WP43.13 | AB95: F3 | AM95: DOCUMENTATION | AX95: CODE GENERATION | AY95: not be be edited manually
A96: 0.1 | B96: 80 | E96: =layout&"."&$B96+E95+E94 -> #VALUE! | I96: =layout&"."&$B96+I95+I94 -> #VALUE! | M96: =layout&"."&$B96+M95+M94 -> #VALUE! | Q96: =layout&"."&$B96+Q95+Q94 -> #VALUE! | U96: =layout&"."&$B96+U95+U94 -> #VALUE! | X96: =X95 -> WP43 | Y96: 1 | Z96: 4 | AA96: =X96&"."&Y96&Z96 -> WP43.14 | AB96: F4
A97: 0.1 | B97: 80 | E97: =layout&"."&$B97+E96+E95 -> #VALUE! | I97: =layout&"."&$B97+I96+I95 -> #VALUE! | M97: =layout&"."&$B97+M96+M95 -> #VALUE! | Q97: =layout&"."&$B97+Q96+Q95 -> #VALUE! | U97: =layout&"."&$B97+U96+U95 -> #VALUE! | X97: =X96 -> WP43 | Y97: 1 | Z97: 5 | AA97: =X97&"."&Y97&Z97 -> WP43.15 | AB97: F4 | AL97: =X97 -> WP43 | AM97: Lookup label items | AP97: Double lookup F:G | AQ97: lookup label items | AR97: manual input | AS97: manual input | AT97: manual input | AX97: VALUES | AY97: restoring full tables
X98: =X97 -> WP43 | Y98: 1 | Z98: 6 | AA98: =X98&"."&Y98&Z98 -> WP43.16 | AB98: F6
X99: =X98 -> WP43 | Y99: 2 | Z99: 1 | AA99: =X99&"."&Y99&Z99 -> WP43.21 | AB99: 1/x | AC99: a b/c | AD99: [ UNIT ] | AF99: A | AG99: =AF99=AH99 -> FALSE | AH99: =INDEX(labelitem,MATCH(AR99,items,0),1) -> [ aINTL ] | AI99: =INDEX(labelitem,MATCH(AS99,items,0),1) -> Alpha | AJ99: =INDEX(labelitem,MATCH(AT99,items,0),1) -> Reg A | AL99: ="{"&Y99*10+Z99 -> {21 | AM99: =VLOOKUP(AB99,labelitem,2,0) -> ITM_1ONX | AN99: =VLOOKUP(AC99,labelitem,2,0) -> ITM_TGLFRT | AO99: =VLOOKUP(AD99,labelitem,2,0) -> MNU_UNITCONV | AP99: =IF(NOT(ISNA(MATCH(AM99,Lookups!E:E,))),VLOOKUP(AM99,Lookups!E:F,2,0), IF(NOT(ISNA(MATCH(AN99,Lookups!E:E,))),VLOOKUP(AN99,Lookups!E:F,2,0), IF(NOT(ISNA(MATCH(AO99,Lookups!E:E,))),VLOOKUP(AO99,Lookups!E:F,2,0),"ITM_NULL"))) -> ITM_NULL | AQ99: =VLOOKUP(AF99,labelitem,2,0) -> ITM_A | AR99: MNU_ALPHAINTL | AS99: ITM_ALPHA | AT99: ITM_REG_A | AW99: =AL99 -> {21 | AX99: {=SUBSTITUTE(SUBSTITUTE(_xlfn.SWITCH(AM99, "ITM_T_HOME", "ITM_UP1", "ITM_T_END", "ITM_DOWN1", "DOCU_CHR_sub", "ITM_DOWN_ARROW", "DOCU_CHR_super", "ITM_UP_ARROW", "MNU_TAMALPHA", "ITM_alpha", "DOCU_CHR_caseFLIP", "ITM_NULL", "DOCU_CHR_numSET", "ITM_NULL", "DOCU_ITM_RADIX", "ITM_PERIOD", AM99), ".lo", ),"MNU_", "-MNU_")} -> ITM_1ONX | AY99: {=SUBSTITUTE(SUBSTITUTE(_xlfn.SWITCH(AN99, "ITM_T_HOME", "ITM_UP1", "ITM_T_END", "ITM_DOWN1", "DOCU_CHR_sub", "ITM_DOWN_ARROW", "DOCU_CHR_super", "ITM_UP_ARROW", "MNU_TAMALPHA", "ITM_alpha", "DOCU_CHR_caseFLIP", "ITM_NULL", "DOCU_CHR_numSET", "ITM_NULL", "DOCU_ITM_RADIX", "ITM_PERIOD", AN99), ".lo", ),"MNU_", "-MNU_")} -> ITM_TGLFRT | AZ99: {=SUBSTITUTE(SUBSTITUTE(_xlfn.SWITCH(AO99, "ITM_T_HOME", "ITM_UP1", "ITM_T_END", "ITM_DOWN1", "DOCU_CHR_sub", "ITM_DOWN_ARROW", "DOCU_CHR_super", "ITM_UP_ARROW", "MNU_TAMALPHA", "ITM_alpha", "DOCU_CHR_caseFLIP", "ITM_NULL", "DOCU_CHR_numSET", "ITM_NULL", "DOCU_ITM_RADIX", "ITM_PERIOD", AO99), ".lo", ),"MNU_", "-MNU_")} -> -MNU_UNITCONV | BA99: {=SUBSTITUTE(SUBSTITUTE(_xlfn.SWITCH(AP99, "ITM_T_HOME", "ITM_UP1", "ITM_T_END", "ITM_DOWN1", "DOCU_CHR_sub", "ITM_DOWN_ARROW", "DOCU_CHR_super", "ITM_UP_ARROW", "MNU_TAMALPHA", "ITM_alpha", "DOCU_CHR_caseFLIP", "ITM_NULL", "DOCU_CHR_numSET", "ITM_NULL", "DOCU_ITM_RADIX", "ITM_PERIOD", AP99), ".lo", ),"MNU_", "-MNU_")} -> ITM_NULL | BB99: {=SUBSTITUTE(SUBSTITUTE(_xlfn.SWITCH(AQ99, "ITM_T_HOME", "ITM_UP1", "ITM_T_END", "ITM_DOWN1", "DOCU_CHR_sub", "ITM_DOWN_ARROW", "DOCU_CHR_super", "ITM_UP_ARROW", "MNU_TAMALPHA", "ITM_alpha", "DOCU_CHR_caseFLIP", "ITM_NULL", "DOCU_CHR_numSET", "ITM_NULL", "DOCU_ITM_RADIX", "ITM_PERIOD", AQ99), ".lo", ),"MNU_", "-MNU_")} -> ITM_A | BC99: {=SUBSTITUTE(SUBSTITUTE(_xlfn.SWITCH(AR99, "ITM_T_HOME", "ITM_UP1", "ITM_T_END", "ITM_DOWN1", "DOCU_CHR_sub", "ITM_DOWN_ARROW", "DOCU_CHR_super", "ITM_UP_ARROW", "MNU_TAMALPHA", "ITM_alpha", "DOCU_CHR_caseFLIP", "ITM_NULL", "DOCU_CHR_numSET", "ITM_NULL", "DOCU_ITM_RADIX", "ITM_PERIOD", AR99), ".lo", ),"MNU_", "-MNU_")} -> -MNU_ALPHAINTL | BD99: {=SUBSTITUTE(SUBSTITUTE(_xlfn.SWITCH(AS99, "ITM_T_HOME", "ITM_UP1", "ITM_T_END", "ITM_DOWN1", "DOCU_CHR_sub", "ITM_DOWN_ARROW", "DOCU_CHR_super", "ITM_UP_ARROW", "MNU_TAMALPHA", "ITM_alpha", "DOCU_CHR_caseFLIP", "ITM_NULL", "DOCU_CHR_numSET", "ITM_NULL", "DOCU_ITM_RADIX", "ITM_PERIOD", AS99), ".lo", ),"MNU_", "-MNU_")} -> ITM_ALPHA | BE99: {=SUBSTITUTE(SUBSTITUTE(_xlfn.SWITCH(AT99, "ITM_T_HOME", "ITM_UP1", "ITM_T_END", "ITM_DOWN1", "DOCU_CHR_sub", "ITM_DOWN_ARROW", "DOCU_CHR_super", "ITM_UP_ARROW", "MNU_TAMALPHA", "ITM_alpha", "DOCU_CHR_caseFLIP", "ITM_NULL", "DOCU_CHR_numSET", "ITM_NULL", "DOCU_ITM_RADIX", "ITM_PERIOD", AT99), ".lo", ),"MNU_", "-MNU_")} -> ITM_REG_A | BR99: ITM_1ONX | BS99: ITM_TGLFRT | BT99: MNU_UNITCONV_C43 | BU99: ITM_NULL | BV99: ITM_A | BW99: MNU_ALPHAINTL | BX99: ITM_ALPHA | BY99: ITM_REG_A
X100: =X99 -> WP43 | Y100: 2 | Z100: 2 | AA100: =X100&"."&Y100&Z100 -> WP43.22 | AB100: [ EXP ] | AC100: # | AD100: [ BITS ] | AF100: B | AG100: =AF100=AH100 -> FALSE | AH100: =INDEX(labelitem,MATCH(AR100,items,0),1) -> # | AI100: =INDEX(labelitem,MATCH(AS100,items,0),1) -> Beta | AJ100: =INDEX(labelitem,MATCH(AT100,items,0),1) -> Reg B | AL100: ="{"&Y100*10+Z100 -> {22 | AM100: =VLOOKUP(AB100,labelitem,2,0) -> MNU_EXP | AN100: =VLOOKUP(AC100,labelitem,2,0) -> ITM_toINT | AO100: =VLOOKUP(AD100,labelitem,2,0) -> MNU_BITS | AP100: =IF(NOT(ISNA(MATCH(AM100,Lookups!E:E,))),VLOOKUP(AM100,Lookups!E:F,2,0), IF(NOT(ISNA(MATCH(AN100,Lookups!E:E,))),VLOOKUP(AN100,Lookups!E:F,2,0), IF(NOT(ISNA(MATCH(AO100,Lookups!E:E,))),VLOOKUP(AO100,Lookups!E:F,2,0),"ITM_NULL"))) -> ITM_NULL | AQ100: =VLOOKUP(AF100,labelitem,2,0) -> ITM_B | AR100: ITM_NUMBER_SIGN | AS100: ITM_BETA | AT100: ITM_REG_B | AW100: =AL100 -> {22 | AX100: {=SUBSTITUTE(SUBSTITUTE(_xlfn.SWITCH(AM100, "ITM_T_HOME", "ITM_UP1", "ITM_T_END", "ITM_DOWN1", "DOCU_CHR_sub", "ITM_DOWN_ARROW", "DOCU_CHR_super", "ITM_UP_ARROW", "MNU_TAMALPHA", "ITM_alpha", "DOCU_CHR_caseFLIP", "ITM_NULL", "DOCU_CHR_numSET", "ITM_NULL", "DOCU_ITM_RADIX", "ITM_PERIOD", AM100), ".lo", ),"MNU_", "-MNU_")} -> -MNU_EXP | AY100: {=SUBSTITUTE(SUBSTITUTE(_xlfn.SWITCH(AN100, "ITM_T_HOME", "ITM_UP1", "ITM_T_END", "ITM_DOWN1", "DOCU_CHR_sub", "ITM_DOWN_ARROW", "DOCU_CHR_super", "ITM_UP_ARROW", "MNU_TAMALPHA", "ITM_alpha", "DOCU_CHR_caseFLIP", "ITM_NULL", "DOCU_CHR_numSET", "ITM_NULL", "DOCU_ITM_RADIX", "ITM_PERIOD", AN100), ".lo", ),"MNU_", "-MNU_")} -> ITM_toINT | AZ100: {=SUBSTITUTE(SUBSTITUTE(_xlfn.SWITCH(AO100, "ITM_T_HOME", "ITM_UP1", "ITM_T_END", "ITM_DOWN1", "DOCU_CHR_sub", "ITM_DOWN_ARROW", "DOCU_CHR_super", "ITM_UP_ARROW", "MNU_TAMALPHA", "ITM_alpha", "DOCU_CHR_caseFLIP", "ITM_NULL", "DOCU_CHR_numSET", "ITM_NULL", "DOCU_ITM_RADIX", "ITM_PERIOD", AO100), ".lo", ),"MNU_", "-MNU_")} -> -MNU_BITS | BA100: {=SUBSTITUTE(SUBSTITUTE(_xlfn.SWITCH(AP100, "ITM_T_HOME", "ITM_UP1", "ITM_T_END", "ITM_DOWN1", "DOCU_CHR_sub", "ITM_DOWN_ARROW", "DOCU_CHR_super", "ITM_UP_ARROW", "MNU_TAMALPHA", "ITM_alpha", "DOCU_CHR_caseFLIP", "ITM_NULL", "DOCU_CHR_numSET", "ITM_NULL", "DOCU_ITM_RADIX", "ITM_PERIOD", AP100), ".lo", ),"MNU_", "-MNU_")} -> ITM_NULL | BB100: {=SUBSTITUTE(SUBSTITUTE(_xlfn.SWITCH(AQ100, "ITM_T_HOME", "ITM_UP1", "ITM_T_END", "ITM_DOWN1", "DOCU_CHR_sub", "ITM_DOWN_ARROW", "DOCU_CHR_super", "ITM_UP_ARROW", "MNU_TAMALPHA", "ITM_alpha", "DOCU_CHR_caseFLIP", "ITM_NULL", "DOCU_CHR_numSET", "ITM_NULL", "DOCU_ITM_RADIX", "ITM_PERIOD", AQ100), ".lo", ),"MNU_", "-MNU_")} -> ITM_B | BC100: {=SUBSTITUTE(SUBSTITUTE(_xlfn.SWITCH(AR100, "ITM_T_HOME", "ITM_UP1", "ITM_T_END", "ITM_DOWN1", "DOCU_CHR_sub", "ITM_DOWN_ARROW", "DOCU_CHR_super", "ITM_UP_ARROW", "MNU_TAMALPHA", "ITM_alpha", "DOCU_CHR_caseFLIP", "ITM_NULL", "DOCU_CHR_numSET", "ITM_NULL", "DOCU_ITM_RADIX", "ITM_PERIOD", AR100), ".lo", ),"MNU_", "-MNU_")} -> ITM_NUMBER_SIGN | BD100: {=SUBSTITUTE(SUBSTITUTE(_xlfn.SWITCH(AS100, "ITM_T_HOME", "ITM_UP1", "ITM_T_END", "ITM_DOWN1", "DOCU_CHR_sub", "ITM_DOWN_ARROW", "DOCU_CHR_super", "ITM_UP_ARROW", "MNU_TAMALPHA", "ITM_alpha", "DOCU_CHR_caseFLIP", "ITM_NULL", "DOCU_CHR_numSET", "ITM_NULL", "DOCU_ITM_RADIX", "ITM_PERIOD", AS100), ".lo", ),"MNU_", "-MNU_")} -> ITM_BETA | BE100: {=SUBSTITUTE(SUBSTITUTE(_xlfn.SWITCH(AT100, "ITM_T_HOME", "ITM_UP1", "ITM_T_END", "ITM_DOWN1", "DOCU_CHR_sub", "ITM_DOWN_ARROW", "DOCU_CHR_super", "ITM_UP_ARROW", "MNU_TAMALPHA", "ITM_alpha", "DOCU_CHR_caseFLIP", "ITM_NULL", "DOCU_CHR_numSET", "ITM_NULL", "DOCU_ITM_RADIX", "ITM_PERIOD", AT100), ".lo", ),"MNU_", "-MNU_")} -> ITM_REG_B | BR100: MNU_EXP | BS100: ITM_toINT | BT100: MNU_BITS | BU100: ITM_NUMBER_SIGN | BV100: ITM_B | BW100: ITM_NUMBER_SIGN | BX100: ITM_BETA | BY100: ITM_REG_B
