Workbook

Sheet SOURCE
A1: -1
A3: 0 | B3: 0 | C3: / { itemToBeCoded | D3: NOPARAM | E3: "" | F3: "0000" | G3: 0 | H3: 0 | I3: CAT_NONE | J3: SLS_UNCHANGED | K3: US_UNCHANGED | L3: EIM_DISABLED | M3: PTP_NONE | N3: Filter | O3: // ITM_NULL | P3: ITM_NULL | S3: CAT<>NAME | T3: XEQM LOOKUP | U3: CATEGORY | W3: Function items using different letters
A4: =IF(B4=INT(B4),ROW(),"") | B4: =IF(AND(MID(C4,2,1)<>"/",MID(C4,1,1)="/"),INT(B3)+1,B3+0.01) -> 0.01 | T4: =IF(ISNA(VLOOKUP(P4,'NEW XEQM.c'!D:D,1,0)),"--",VLOOKUP(P4,'NEW XEQM.c'!D:G,3,0)) -> -- | W4: =SUBSTITUTE(IF(AND(T4="--",FIND("STD",E4),FIND("fn",C4)>0,FIND("ITM_",P4),I4="CAT_FNCT"),E4,""),"""","") -> #VALUE!
A5: =IF(B5=INT(B5),ROW(),"") | B5: =IF(AND(MID(C5,2,1)<>"/",MID(C5,1,1)="/"),INT(B4)+1,B4+0.01) -> 0.02 | C5: // Items from 1 to 127 are 1 byte OP codes | P5: =C5 -> // Items from 1 to 127 are 1 byte OP codes | T5: =IF(ISNA(VLOOKUP(P5,'NEW XEQM.c'!D:D,1,0)),"--",VLOOKUP(P5,'NEW XEQM.c'!D:G,3,0)) -> -- | W5: =SUBSTITUTE(IF(AND(T5="--",FIND("STD",E5),FIND("fn",C5)>0,FIND("ITM_",P5),I5="CAT_FNCT"),E5,""),"""","") -> #VALUE!
A6: =IF(B6=INT(B6),ROW(),"") -> 6 | B6: =IF(AND(MID(C6,2,1)<>"/",MID(C6,1,1)="/"),INT(B5)+1,B5+0.01) -> 1 | C6: / { fnNop | D6: TM_LABEL | E6: "LBL" | F6: "LBL" | G6: 0 | H6: 99 | I6: CAT_FNCT | J6: SLS_ENABLED | K6: US_ENABLED | L6: EIM_DISABLED | M6: PTP_DECLARE_LABEL | P6: ITM_LBL | S6: =IF(E6=F6,"","NOT EQUAL") | T6: =IF(ISNA(VLOOKUP(P6,'NEW XEQM.c'!D:D,1,0)),"--",VLOOKUP(P6,'NEW XEQM.c'!D:G,3,0)) -> -- | W6: =SUBSTITUTE(IF(AND(T6="--",FIND("STD",E6),FIND("fn",C6)>0,FIND("ITM_",P6),I6="CAT_FNCT"),E6,""),"""","") -> #VALUE!
A7: =IF(B7=INT(B7),ROW(),"") -> 7 | B7: =IF(AND(MID(C7,2,1)<>"/",MID(C7,1,1)="/"),INT(B6)+1,B6+0.01) -> 2 | C7: / { fnGoto | D7: TM_LABEL | E7: "GTO" | F7: "GTO" | G7: 0 | H7: 99 | I7: CAT_FNCT | J7: SLS_ENABLED | K7: US_ENABLED | L7: EIM_DISABLED | M7: PTP_LABEL | P7: ITM_GTO | S7: =IF(E7=F7,"","NOT EQUAL") | T7: =IF(ISNA(VLOOKUP(P7,'NEW XEQM.c'!D:D,1,0)),"--",VLOOKUP(P7,'NEW XEQM.c'!D:G,3,0)) -> -- | W7: =SUBSTITUTE(IF(AND(T7="--",FIND("STD",E7),FIND("fn",C7)>0,FIND("ITM_",P7),I7="CAT_FNCT"),E7,""),"""","") -> #VALUE!
A8: =IF(B8=INT(B8),ROW(),"") -> 8 | B8: =IF(AND(MID(C8,2,1)<>"/",MID(C8,1,1)="/"),INT(B7)+1,B7+0.01) -> 3 | C8: / { fnExecute | D8: TM_LABEL | E8: "XEQ" | F8: "XEQ" | G8: 0 | H8: 99 | I8: CAT_FNCT | J8: SLS_ENABLED | K8: US_ENABLED | L8: EIM_DISABLED | M8: PTP_LABEL | P8: ITM_XEQ | S8: =IF(E8=F8,"","NOT EQUAL") | T8: =IF(ISNA(VLOOKUP(P8,'NEW XEQM.c'!D:D,1,0)),"--",VLOOKUP(P8,'NEW XEQM.c'!D:G,3,0)) -> -- | W8: =SUBSTITUTE(IF(AND(T8="--",FIND("STD",E8),FIND("fn",C8)>0,FIND("ITM_",P8),I8="CAT_FNCT"),E8,""),"""","") -> #VALUE!
A9: =IF(B9=INT(B9),ROW(),"") -> 9 | B9: =IF(AND(MID(C9,2,1)<>"/",MID(C9,1,1)="/"),INT(B8)+1,B8+0.01) -> 4 | C9: / { fnReturn | D9: 0 | E9: "RTN" | F9: "RTN" | G9: 0 | H9: 0 | I9: CAT_FNCT | J9: SLS_UNCHANGED | K9: US_UNCHANGED | L9: EIM_DISABLED | M9: PTP_NONE | P9: ITM_RTN | S9: =IF(E9=F9,"","NOT EQUAL") | T9: =IF(ISNA(VLOOKUP(P9,'NEW XEQM.c'!D:D,1,0)),"--",VLOOKUP(P9,'NEW XEQM.c'!D:G,3,0)) -> -- | W9: =SUBSTITUTE(IF(AND(T9="--",FIND("STD",E9),FIND("fn",C9)>0,FIND("ITM_",P9),I9="CAT_FNCT"),E9,""),"""","") -> #VALUE!
A10: =IF(B10=INT(B10),ROW(),"") -> 10 | B10: =IF(AND(MID(C10,2,1)<>"/",MID(C10,1,1)="/"),INT(B9)+1,B9+0.01) -> 5 | C10: / { fnIse | D10: TM_REGISTER | E10: "ISE" | F10: "ISE" | G10: 0 | H10: 99 | I10: CAT_FNCT | J10: SLS_ENABLED | K10: US_ENABLED | L10: EIM_DISABLED | M10: PTP_REGISTER | P10: ITM_ISE | S10: =IF(E10=F10,"","NOT EQUAL") | T10: =IF(ISNA(VLOOKUP(P10,'NEW XEQM.c'!D:D,1,0)),"--",VLOOKUP(P10,'NEW XEQM.c'!D:G,3,0)) -> -- | W10: =SUBSTITUTE(IF(AND(T10="--",FIND("STD",E10),FIND("fn",C10)>0,FIND("ITM_",P10),I10="CAT_FNCT"),E10,""),"""","") -> #VALUE!
A11: =IF(B11=INT(B11),ROW(),"") -> 11 | B11: =IF(AND(MID(C11,2,1)<>"/",MID(C11,1,1)="/"),INT(B10)+1,B10+0.01) -> 6 | C11: / { fnIsg | D11: TM_REGISTER | E11: "ISG" | F11: "ISG" | G11: 0 | H11: 99 | I11: CAT_FNCT | J11: SLS_ENABLED | K11: US_ENABLED | L11: EIM_DISABLED | M11: PTP_REGISTER | P11: ITM_ISG | S11: =IF(E11=F11,"","NOT EQUAL") | T11: =IF(ISNA(VLOOKUP(P11,'NEW XEQM.c'!D:D,1,0)),"--",VLOOKUP(P11,'NEW XEQM.c'!D:G,3,0)) -> -- | W11: =SUBSTITUTE(IF(AND(T11="--",FIND("STD",E11),FIND("fn",C11)>0,FIND("ITM_",P11),I11="CAT_FNCT"),E11,""),"""","") -> #VALUE!
A12: =IF(B12=INT(B12),ROW(),"") -> 12 | B12: =IF(AND(MID(C12,2,1)<>"/",MID(C12,1,1)="/"),INT(B11)+1,B11+0.01) -> 7 | C12: / { fnIsz | D12: TM_REGISTER | E12: "ISZ" | F12: "ISZ" | G12: 0 | H12: 99 | I12: CAT_FNCT | J12: SLS_ENABLED | K12: US_ENABLED | L12: EIM_DISABLED | M12: PTP_REGISTER | P12: ITM_ISZ | S12: =IF(E12=F12,"","NOT EQUAL") | T12: =IF(ISNA(VLOOKUP(P12,'NEW XEQM.c'!D:D,1,0)),"--",VLOOKUP(P12,'NEW XEQM.c'!D:G,3,0)) -> -- | W12: =SUBSTITUTE(IF(AND(T12="--",FIND("STD",E12),FIND("fn",C12)>0,FIND("ITM_",P12),I12="CAT_FNCT"),E12,""),"""","") -> #VALUE!
A13: =IF(B13=INT(B13),ROW(),"") -> 13 | B13: =IF(AND(MID(C13,2,1)<>"/",MID(C13,1,1)="/"),INT(B12)+1,B12+0.01) -> 8 | C13: / { fnDse | D13: TM_REGISTER | E13: "DSE" | F13: "DSE" | G13: 0 | H13: 99 | I13: CAT_FNCT | J13: SLS_ENABLED | K13: US_ENABLED | L13: EIM_DISABLED | M13: PTP_REGISTER | P13: ITM_DSE | S13: =IF(E13=F13,"","NOT EQUAL") | T13: =IF(ISNA(VLOOKUP(P13,'NEW XEQM.c'!D:D,1,0)),"--",VLOOKUP(P13,'NEW XEQM.c'!D:G,3,0)) -> -- | W13: =SUBSTITUTE(IF(AND(T13="--",FIND("STD",E13),FIND("fn",C13)>0,FIND("ITM_",P13),I13="CAT_FNCT"),E13,""),"""","") -> #VALUE!
A14: =IF(B14=INT(B14),ROW(),"") -> 14 | B14: =IF(AND(MID(C14,2,1)<>"/",MID(C14,1,1)="/"),INT(B13)+1,B13+0.01) -> 9 | C14: / { fnDsl | D14: TM_REGISTER | E14: "DSL" | F14: "DSL" | G14: 0 | H14: 99 | I14: CAT_FNCT | J14: SLS_ENABLED | K14: US_ENABLED | L14: EIM_DISABLED | M14: PTP_REGISTER | P14: ITM_DSL | S14: =IF(E14=F14,"","NOT EQUAL") | T14: =IF(ISNA(VLOOKUP(P14,'NEW XEQM.c'!D:D,1,0)),"--",VLOOKUP(P14,'NEW XEQM.c'!D:G,3,0)) -> -- | W14: =SUBSTITUTE(IF(AND(T14="--",FIND("STD",E14),FIND("fn",C14)>0,FIND("ITM_",P14),I14="CAT_FNCT"),E14,""),"""","") -> #VALUE!
A15: =IF(B15=INT(B15),ROW(),"") -> 15 | B15: =IF(AND(MID(C15,2,1)<>"/",MID(C15,1,1)="/"),INT(B14)+1,B14+0.01) -> 10 | C15: / { fnDsz | D15: TM_REGISTER | E15: "DSZ" | F15: "DSZ" | G15: 0 | H15: 99 | I15: CAT_FNCT | J15: SLS_ENABLED | K15: US_ENABLED | L15: EIM_DISABLED | M15: PTP_REGISTER | P15: ITM_DSZ | S15: =IF(E15=F15,"","NOT EQUAL") | T15: =IF(ISNA(VLOOKUP(P15,'NEW XEQM.c'!D:D,1,0)),"--",VLOOKUP(P15,'NEW XEQM.c'!D:G,3,0)) -> -- | W15: =SUBSTITUTE(IF(AND(T15="--",FIND("STD",E15),FIND("fn",C15)>0,FIND("ITM_",P15),I15="CAT_FNCT"),E15,""),"""","") -> #VALUE!
A16: =IF(B16=INT(B16),ROW(),"") -> 16 | B16: =IF(AND(MID(C16,2,1)<>"/",MID(C16,1,1)="/"),INT(B15)+1,B15+0.01) -> 11 | C16: / { fnXEqualsTo | D16: TM_CMP | E16: "x= ?" | F16: "x= ?" | G16: 0 | H16: 99 | I16: CAT_FNCT | J16: SLS_ENABLED | K16: US_UNCHANGED | L16: EIM_DISABLED | M16: PTP_COMPARE | P16: ITM_XEQU | S16: =IF(E16=F16,"","NOT EQUAL") | T16: =IF(ISNA(VLOOKUP(P16,'NEW XEQM.c'!D:D,1,0)),"--",VLOOKUP(P16,'NEW XEQM.c'!D:G,3,0)) -> -- | W16: =SUBSTITUTE(IF(AND(T16="--",FIND("STD",E16),FIND("fn",C16)>0,FIND("ITM_",P16),I16="CAT_FNCT"),E16,""),"""","") -> #VALUE!
A17: =IF(B17=INT(B17),ROW(),"") -> 17 | B17: =IF(AND(MID(C17,2,1)<>"/",MID(C17,1,1)="/"),INT(B16)+1,B16+0.01) -> 12 | C17: / { fnXNotEqual | D17: TM_CMP | E17: "x" STD_NOT_EQUAL " ?" | F17: "x" STD_NOT_EQUAL " ?" | G17: 0 | H17: 99 | I17: CAT_FNCT | J17: SLS_ENABLED | K17: US_UNCHANGED | L17: EIM_DISABLED | M17: PTP_COMPARE | P17: ITM_XNE | S17: =IF(E17=F17,"","NOT EQUAL") | T17: =IF(ISNA(VLOOKUP(P17,'NEW XEQM.c'!D:D,1,0)),"--",VLOOKUP(P17,'NEW XEQM.c'!D:G,3,0)) -> -- | W17: =SUBSTITUTE(IF(AND(T17="--",FIND("STD",E17),FIND("fn",C17)>0,FIND("ITM_",P17),I17="CAT_FNCT"),E17,""),"""","") -> x STD_NOT_EQUAL ?
... A30: =IF(B30=INT(B30),ROW(),"") -> 30 | B30: =IF(AND(MID(C30,2,1)<>"/",MID(C30,1,1)="/"),INT(B29)+1,B29+0.01) -> 25 | C30: / { fnCheckInteger | D30: CHECK_INTEGER | E30: "INT?" | F30: "INT?" | G30: 0 | H30: 0 | I30: CAT_FNCT | J30: SLS_ENABLED | K30: US_UNCHANGED | L30: EIM_DISABLED | M30: PTP_NONE | P30: ITM_INT | S30: =IF(E30=F30,"","NOT EQUAL") | T30: =IF(ISNA(VLOOKUP(P30,'NEW XEQM.c'!D:D,1,0)),"--",VLOOKUP(P30,'NEW XEQM.c'!D:G,3,0)) -> -- | W30: =SUBSTITUTE(IF(AND(T30="--",FIND("STD",E30),FIND("fn",C30)>0,FIND("ITM_",P30),I30="CAT_FNCT"),E30,""),"""","") -> #VALUE!
A31: =IF(B31=INT(B31),ROW(),"") -> 31 | B31: =IF(AND(MID(C31,2,1)<>"/",MID(C31,1,1)="/"),INT(B30)+1,B30+0.01) -> 26 | C31: / { fnCheckValue | D31: CHECK_VALUE_COMPLEX | E31: "CPX?" | F31: "CPX?" | G31: 0 | H31: 0 | I31: CAT_FNCT | J31: SLS_ENABLED | K31: US_UNCHANGED | L31: EIM_DISABLED | M31: PTP_NONE | P31: ITM_CPX | S31: =IF(E31=F31,"","NOT EQUAL") | T31: =IF(ISNA(VLOOKUP(P31,'NEW XEQM.c'!D:D,1,0)),"--",VLOOKUP(P31,'NEW XEQM.c'!D:G,3,0)) -> -- | U31: Complex | W31: =SUBSTITUTE(IF(AND(T31="--",FIND("STD",E31),FIND("fn",C31)>0,FIND("ITM_",P31),I31="CAT_FNCT"),E31,""),"""","") -> #VALUE!
A32: =IF(B32=INT(B32),ROW(),"") -> 32 | B32: =IF(AND(MID(C32,2,1)<>"/",MID(C32,1,1)="/"),INT(B31)+1,B31+0.01) -> 27 | C32: / { fnCheckValue | D32: CHECK_VALUE_MATRIX | E32: "MATR?" | F32: "MATR?" | G32: 0 | H32: 0 | I32: CAT_FNCT | J32: SLS_ENABLED | K32: US_UNCHANGED | L32: EIM_DISABLED | M32: PTP_NONE | P32: ITM_MATR | S32: =IF(E32=F32,"","NOT EQUAL") | T32: =IF(ISNA(VLOOKUP(P32,'NEW XEQM.c'!D:D,1,0)),"--",VLOOKUP(P32,'NEW XEQM.c'!D:G,3,0)) -> -- | W32: =SUBSTITUTE(IF(AND(T32="--",FIND("STD",E32),FIND("fn",C32)>0,FIND("ITM_",P32),I32="CAT_FNCT"),E32,""),"""","") -> #VALUE!
A33: =IF(B33=INT(B33),ROW(),"") -> 33 | B33: =IF(AND(MID(C33,2,1)<>"/",MID(C33,1,1)="/"),INT(B32)+1,B32+0.01) -> 28 | C33: / { fnCheckValue | D33: CHECK_VALUE_NAN | E33: "NaN?" | F33: "NaN?" | G33: 0 | H33: 0 | I33: CAT_FNCT | J33: SLS_ENABLED | K33: US_UNCHANGED | L33: EIM_DISABLED | M33: PTP_NONE | P33: ITM_NAN | S33: =IF(E33=F33,"","NOT EQUAL") | T33: =IF(ISNA(VLOOKUP(P33,'NEW XEQM.c'!D:D,1,0)),"--",VLOOKUP(P33,'NEW XEQM.c'!D:G,3,0)) -> -- | W33: =SUBSTITUTE(IF(AND(T33="--",FIND("STD",E33),FIND("fn",C33)>0,FIND("ITM_",P33),I33="CAT_FNCT"),E33,""),"""","") -> #VALUE!
A34: =IF(B34=INT(B34),ROW(),"") -> 34 | B34: =IF(AND(MID(C34,2,1)<>"/",MID(C34,1,1)="/"),INT(B33)+1,B33+0.01) -> 29 | C34: / { fnCheckValue | D34: CHECK_VALUE_REAL | E34: "REAL?" | F34: "REAL?" | G34: 0 | H34: 0 | I34: CAT_FNCT | J34: SLS_ENABLED | K34: US_UNCHANGED | L34: EIM_DISABLED | M34: PTP_NONE | P34: ITM_REAL | S34: =IF(E34=F34,"","NOT EQUAL") | T34: =IF(ISNA(VLOOKUP(P34,'NEW XEQM.c'!D:D,1,0)),"--",VLOOKUP(P34,'NEW XEQM.c'!D:G,3,0)) -> -- | U34: INFO | W34: =SUBSTITUTE(IF(AND(T34="--",FIND("STD",E34),FIND("fn",C34)>0,FIND("ITM_",P34),I34="CAT_FNCT"),E34,""),"""","") -> #VALUE!
A35: =IF(B35=INT(B35),ROW(),"") -> 35 | B35: =IF(AND(MID(C35,2,1)<>"/",MID(C35,1,1)="/"),INT(B34)+1,B34+0.01) -> 30 | C35: / { fnCheckValue | D35: CHECK_VALUE_SPECIAL | E35: "SPEC?" | F35: "SPEC?" | G35: 0 | H35: 0 | I35: CAT_FNCT | J35: SLS_ENABLED | K35: US_UNCHANGED | L35: EIM_DISABLED | M35: PTP_NONE | P35: ITM_SPEC | S35: =IF(E35=F35,"","NOT EQUAL") | T35: =IF(ISNA(VLOOKUP(P35,'NEW XEQM.c'!D:D,1,0)),"--",VLOOKUP(P35,'NEW XEQM.c'!D:G,3,0)) -> -- | W35: =SUBSTITUTE(IF(AND(T35="--",FIND("STD",E35),FIND("fn",C35)>0,FIND("ITM_",P35),I35="CAT_FNCT"),E35,""),"""","") -> #VALUE!
A36: =IF(B36=INT(B36),ROW(),"") -> 36 | B36: =IF(AND(MID(C36,2,1)<>"/",MID(C36,1,1)="/"),INT(B35)+1,B35+0.01) -> 31 | C36: / { fnIsString | D36: NOPARAM | E36: "STRI?" | F36: "STRI?" | G36: 0 | H36: 0 | I36: CAT_FNCT | J36: SLS_ENABLED | K36: US_UNCHANGED | L36: EIM_DISABLED | M36: PTP_NONE | P36: ITM_STRI | S36: =IF(E36=F36,"","NOT EQUAL") | T36: =IF(ISNA(VLOOKUP(P36,'NEW XEQM.c'!D:D,1,0)),"--",VLOOKUP(P36,'NEW XEQM.c'!D:G,3,0)) -> -- | W36: =SUBSTITUTE(IF(AND(T36="--",FIND("STD",E36),FIND("fn",C36)>0,FIND("ITM_",P36),I36="CAT_FNCT"),E36,""),"""","") -> #VALUE!
A37: =IF(B37=INT(B37),ROW(),"") -> 37 | B37: =IF(AND(MID(C37,2,1)<>"/",MID(C37,1,1)="/"),INT(B36)+1,B36+0.01) -> 32 | C37: / { fnCheckValue | D37: CHECK_VALUE_INFINITY | E37: STD_PLUS_MINUS STD_INFINITY "?" | F37: STD_PLUS_MINUS STD_INFINITY "?" | G37: 0 | H37: 0 | I37: CAT_FNCT | J37: SLS_ENABLED | K37: US_ENABLED | L37: EIM_DISABLED | M37: PTP_NONE | P37: ITM_PMINFINITY | S37: =IF(E37=F37,"","NOT EQUAL") | T37: =IF(ISNA(VLOOKUP(P37,'NEW XEQM.c'!D:D,1,0)),"--",VLOOKUP(P37,'NEW XEQM.c'!D:G,3,0)) -> -- | W37: =SUBSTITUTE(IF(AND(T37="--",FIND("STD",E37),FIND("fn",C37)>0,FIND("ITM_",P37),I37="CAT_FNCT"),E37,""),"""","") -> STD_PLUS_MINUS STD_INFINITY ?
A38: =IF(B38=INT(B38),ROW(),"") -> 38 | B38: =IF(AND(MID(C38,2,1)<>"/",MID(C38,1,1)="/"),INT(B37)+1,B37+0.01) -> 33 | C38: / { fnIsPrime | D38: NOPARAM | E38: "PRIME?" | F38: "PRIME?" | G38: 0 | H38: 0 | I38: CAT_FNCT | J38: SLS_ENABLED | K38: US_UNCHANGED | L38: EIM_DISABLED | M38: PTP_NONE | P38: ITM_PRIME | S38: =IF(E38=F38,"","NOT EQUAL") | T38: =IF(ISNA(VLOOKUP(P38,'NEW XEQM.c'!D:D,1,0)),"--",VLOOKUP(P38,'NEW XEQM.c'!D:G,3,0)) -> PRIME? | U38: Math | W38: =SUBSTITUTE(IF(AND(T38="--",FIND("STD",E38),FIND("fn",C38)>0,FIND("ITM_",P38),I38="CAT_FNCT"),E38,""),"""","") -> #VALUE!
A39: =IF(B39=INT(B39),ROW(),"") -> 39 | B39: =IF(AND(MID(C39,2,1)<>"/",MID(C39,1,1)="/"),INT(B38)+1,B38+0.01) -> 34 | C39: / { fnIsTopRoutine | D39: NOPARAM | E39: "TOP?" | F39: "TOP?" | G39: 0 | H39: 0 | I39: CAT_FNCT | J39: SLS_UNCHANGED | K39: US_UNCHANGED | L39: EIM_DISABLED | M39: PTP_NONE | P39: ITM_TOP | S39: =IF(E39=F39,"","NOT EQUAL") | T39: =IF(ISNA(VLOOKUP(P39,'NEW XEQM.c'!D:D,1,0)),"--",VLOOKUP(P39,'NEW XEQM.c'!D:G,3,0)) -> -- | W39: =SUBSTITUTE(IF(AND(T39="--",FIND("STD",E39),FIND("fn",C39)>0,FIND("ITM_",P39),I39="CAT_FNCT"),E39,""),"""","") -> #VALUE!
A40: =IF(B40=INT(B40),ROW(),"") -> 40 | B40: =IF(AND(MID(C40,2,1)<>"/",MID(C40,1,1)="/"),INT(B39)+1,B39+0.01) -> 35 | C40: / { fnKeyEnter | D40: NOPARAM/*#JM#*/ | E40: "ENTER" STD_UP_ARROW | F40: "ENTER" STD_UP_ARROW | G40: 0 | H40: 0 | I40: CAT_FNCT | J40: SLS_UNCHANGED | K40: US_ENABLED | L40: EIM_DISABLED | M40: PTP_NONE | P40: ITM_ENTER | S40: =IF(E40=F40,"","NOT EQUAL") | T40: =IF(ISNA(VLOOKUP(P40,'NEW XEQM.c'!D:D,1,0)),"--",VLOOKUP(P40,'NEW XEQM.c'!D:G,3,0)) -> ENTER | U40: STACK | W40: =SUBSTITUTE(IF(AND(T40="--",FIND("STD",E40),FIND("fn",C40)>0,FIND("ITM_",P40),I40="CAT_FNCT"),E40,""),"""","")
A41: =IF(B41=INT(B41),ROW(),"") -> 41 | B41: =IF(AND(MID(C41,2,1)<>"/",MID(C41,1,1)="/"),INT(B40)+1,B40+0.01) -> 36 | C41: / { fnSwapXY | D41: NOPARAM | E41: "x" STD_RIGHT_OVER_LEFT_ARROW "y" | F41: "x" STD_RIGHT_OVER_LEFT_ARROW "y" | G41: 0 | H41: 0 | I41: CAT_FNCT | J41: SLS_ENABLED | K41: US_ENABL_XEQ | L41: EIM_DISABLED | M41: PTP_NONE | P41: ITM_XexY | S41: =IF(E41=F41,"","NOT EQUAL") | T41: =IF(ISNA(VLOOKUP(P41,'NEW XEQM.c'!D:D,1,0)),"--",VLOOKUP(P41,'NEW XEQM.c'!D:G,3,0)) -> X<>Y | U41: STACK | W41: =SUBSTITUTE(IF(AND(T41="--",FIND("STD",E41),FIND("fn",C41)>0,FIND("ITM_",P41),I41="CAT_FNCT"),E41,""),"""","")
A42: =IF(B42=INT(B42),ROW(),"") -> 42 | B42: =IF(AND(MID(C42,2,1)<>"/",MID(C42,1,1)="/"),INT(B41)+1,B41+0.01) -> 37 | C42: / { fnDrop | D42: NOPARAM | E42: "DROPx" | F42: "DROPx" | G42: 0 | H42: 0 | I42: CAT_FNCT | J42: SLS_ENABLED | K42: US_ENABLED | L42: EIM_DISABLED | M42: PTP_NONE | P42: ITM_DROP | S42: =IF(E42=F42,"","NOT EQUAL") | T42: =IF(ISNA(VLOOKUP(P42,'NEW XEQM.c'!D:D,1,0)),"--",VLOOKUP(P42,'NEW XEQM.c'!D:G,3,0)) -> DROP | U42: STACK | W42: =SUBSTITUTE(IF(AND(T42="--",FIND("STD",E42),FIND("fn",C42)>0,FIND("ITM_",P42),I42="CAT_FNCT"),E42,""),"""","") -> #VALUE!
A43: =IF(B43=INT(B43),ROW(),"") -> 43 | B43: =IF(AND(MID(C43,2,1)<>"/",MID(C43,1,1)="/"),INT(B42)+1,B42+0.01) -> 38 | C43: / { fnPause | D43: TM_VALUE | E43: "PAUSE" | F43: "PAUSE" | G43: 0 | H43: 99 | I43: CAT_FNCT | J43: SLS_UNCHANGED | K43: US_UNCHANGED | L43: EIM_DISABLED | M43: PTP_NUMBER_8 | P43: ITM_PAUSE | S43: =IF(E43=F43,"","NOT EQUAL") | T43: =IF(ISNA(VLOOKUP(P43,'NEW XEQM.c'!D:D,1,0)),"--",VLOOKUP(P43,'NEW XEQM.c'!D:G,3,0)) -> -- | W43: =SUBSTITUTE(IF(AND(T43="--",FIND("STD",E43),FIND("fn",C43)>0,FIND("ITM_",P43),I43="CAT_FNCT"),E43,""),"""","") -> #VALUE!
A44: =IF(B44=INT(B44),ROW(),"") -> 44 | B44: =IF(AND(MID(C44,2,1)<>"/",MID(C44,1,1)="/"),INT(B43)+1,B43+0.01) -> 39 | C44: / { fnRollUp | D44: NOPARAM | E44: "R" STD_UP_ARROW | F44: "R" STD_UP_ARROW | G44: 0 | H44: 0 | I44: CAT_FNCT | J44: SLS_ENABLED | K44: US_ENABL_XEQ | L44: EIM_DISABLED | M44: PTP_NONE | P44: ITM_Rup | S44: =IF(E44=F44,"","NOT EQUAL") | T44: =IF(ISNA(VLOOKUP(P44,'NEW XEQM.c'!D:D,1,0)),"--",VLOOKUP(P44,'NEW XEQM.c'!D:G,3,0)) -> -- | W44: =SUBSTITUTE(IF(AND(T44="--",FIND("STD",E44),FIND("fn",C44)>0,FIND("ITM_",P44),I44="CAT_FNCT"),E44,""),"""","") -> R STD_UP_ARROW
A45: =IF(B45=INT(B45),ROW(),"") -> 45 | B45: =IF(AND(MID(C45,2,1)<>"/",MID(C45,1,1)="/"),INT(B44)+1,B44+0.01) -> 40 | C45: / { fnRollDown | D45: NOPARAM | E45: "R" STD_DOWN_ARROW | F45: "R" STD_DOWN_ARROW | G45: 0 | H45: 0 | I45: CAT_FNCT | J45: SLS_ENABLED | K45: US_ENABL_XEQ | L45: EIM_DISABLED | M45: PTP_NONE | P45: ITM_Rdown | S45: =IF(E45=F45,"","NOT EQUAL") | T45: =IF(ISNA(VLOOKUP(P45,'NEW XEQM.c'!D:D,1,0)),"--",VLOOKUP(P45,'NEW XEQM.c'!D:G,3,0)) -> -- | W45: =SUBSTITUTE(IF(AND(T45="--",FIND("STD",E45),FIND("fn",C45)>0,FIND("ITM_",P45),I45="CAT_FNCT"),E45,""),"""","") -> R STD_DOWN_ARROW
A46: =IF(B46=INT(B46),ROW(),"") -> 46 | B46: =IF(AND(MID(C46,2,1)<>"/",MID(C46,1,1)="/"),INT(B45)+1,B45+0.01) -> 41 | C46: / { fnClX | D46: NOPARAM | E46: "CLX" | F46: "CLX" | G46: 0 | H46: 0 | I46: CAT_FNCT | J46: SLS_DISABLED | K46: US_ENABL_XEQ | L46: EIM_DISABLED | M46: PTP_NONE | P46: ITM_CLX | S46: =IF(E46=F46,"","NOT EQUAL") | T46: =IF(ISNA(VLOOKUP(P46,'NEW XEQM.c'!D:D,1,0)),"--",VLOOKUP(P46,'NEW XEQM.c'!D:G,3,0)) -> CLX | U46: Clear | W46: =SUBSTITUTE(IF(AND(T46="--",FIND("STD",E46),FIND("fn",C46)>0,FIND("ITM_",P46),I46="CAT_FNCT"),E46,""),"""","") -> #VALUE!
A47: =IF(B47=INT(B47),ROW(),"") -> 47 | B47: =IF(AND(MID(C47,2,1)<>"/",MID(C47,1,1)="/"),INT(B46)+1,B46+0.01) -> 42 | C47: / { fnFillStack | D47: NOPARAM | E47: "FILL" | F47: "FILL" | G47: 0 | H47: 0 | I47: CAT_FNCT | J47: SLS_ENABLED | K47: US_ENABLED | L47: EIM_DISABLED | M47: PTP_NONE | P47: ITM_FILL | S47: =IF(E47=F47,"","NOT EQUAL") | T47: =IF(ISNA(VLOOKUP(P47,'NEW XEQM.c'!D:D,1,0)),"--",VLOOKUP(P47,'NEW XEQM.c'!D:G,3,0)) -> FILL | U47: STACK | W47: =SUBSTITUTE(IF(AND(T47="--",FIND("STD",E47),FIND("fn",C47)>0,FIND("ITM_",P47),I47="CAT_FNCT"),E47,""),"""","") -> #VALUE!
A48: =IF(B48=INT(B48),ROW(),"") -> 48 | B48: =IF(AND(MID(C48,2,1)<>"/",MID(C48,1,1)="/"),INT(B47)+1,B47+0.01) -> 43 | C48: / { fnInput | D48: TM_REGISTER | E48: "INPUT" | F48: "INPUT" | G48: 0 | H48: 99 | I48: CAT_FNCT | J48: SLS_ENABLED | K48: US_CANCEL | L48: EIM_DISABLED | M48: PTP_REGISTER | P48: ITM_INPUT | S48: =IF(E48=F48,"","NOT EQUAL") | T48: =IF(ISNA(VLOOKUP(P48,'NEW XEQM.c'!D:D,1,0)),"--",VLOOKUP(P48,'NEW XEQM.c'!D:G,3,0)) -> -- | W48: =SUBSTITUTE(IF(AND(T48="--",FIND("STD",E48),FIND("fn",C48)>0,FIND("ITM_",P48),I48="CAT_FNCT"),E48,""),"""","") -> #VALUE!
A49: =IF(B49=INT(B49),ROW(),"") -> 49 | B49: =IF(AND(MID(C49,2,1)<>"/",MID(C49,1,1)="/"),INT(B48)+1,B48+0.01) -> 44 | C49: / { fnStore | D49: TM_STORCL | E49: "STO" | F49: "STO" | G49: 0 | H49: 99 | I49: CAT_FNCT | J49: SLS_ENABLED | K49: US_ENABLED | L49: EIM_DISABLED | M49: PTP_REGISTER | P49: ITM_STO | S49: =IF(E49=F49,"","NOT EQUAL") | T49: =IF(ISNA(VLOOKUP(P49,'NEW XEQM.c'!D:D,1,0)),"--",VLOOKUP(P49,'NEW XEQM.c'!D:G,3,0)) -> STO | U49: STACK | W49: =SUBSTITUTE(IF(AND(T49="--",FIND("STD",E49),FIND("fn",C49)>0,FIND("ITM_",P49),I49="CAT_FNCT"),E49,""),"""","") -> #VALUE!
A50: =IF(B50=INT(B50),ROW(),"") -> 50 | B50: =IF(AND(MID(C50,2,1)<>"/",MID(C50,1,1)="/"),INT(B49)+1,B49+0.01) -> 45 | C50: / { fnStoreAdd | D50: NOPARAM | E50: "STO+" | F50: "STO+" | G50: 0 | H50: 99 | I50: CAT_FNCT | J50: SLS_ENABLED | K50: US_ENABLED | L50: EIM_DISABLED | M50: PTP_REGISTER | P50: ITM_STOADD | S50: =IF(E50=F50,"","NOT EQUAL") | T50: =IF(ISNA(VLOOKUP(P50,'NEW XEQM.c'!D:D,1,0)),"--",VLOOKUP(P50,'NEW XEQM.c'!D:G,3,0)) -> -- | U50: STACK | W50: =SUBSTITUTE(IF(AND(T50="--",FIND("STD",E50),FIND("fn",C50)>0,FIND("ITM_",P50),I50="CAT_FNCT"),E50,""),"""","") -> #VALUE!
A51: =IF(B51=INT(B51),ROW(),"") -> 51 | B51: =IF(AND(MID(C51,2,1)<>"/",MID(C51,1,1)="/"),INT(B50)+1,B50+0.01) -> 46 | C51: / { fnStoreSub | D51: NOPARAM | E51: "STO-" | F51: "STO-" | G51: 0 | H51: 99 | I51: CAT_FNCT | J51: SLS_ENABLED | K51: US_ENABLED | L51: EIM_DISABLED | M51: PTP_REGISTER | P51: ITM_STOSUB | S51: =IF(E51=F51,"","NOT EQUAL") | T51: =IF(ISNA(VLOOKUP(P51,'NEW XEQM.c'!D:D,1,0)),"--",VLOOKUP(P51,'NEW XEQM.c'!D:G,3,0)) -> -- | U51: STACK | W51: =SUBSTITUTE(IF(AND(T51="--",FIND("STD",E51),FIND("fn",C51)>0,FIND("ITM_",P51),I51="CAT_FNCT"),E51,""),"""","") -> #VALUE!
A52: =IF(B52=INT(B52),ROW(),"") -> 52 | B52: =IF(AND(MID(C52,2,1)<>"/",MID(C52,1,1)="/"),INT(B51)+1,B51+0.01) -> 47 | C52: / { fnStoreMult | D52: NOPARAM | E52: "STO" STD_CROSS | F52: "STO" STD_CROSS | G52: 0 | H52: 99 | I52: CAT_FNCT | J52: SLS_ENABLED | K52: US_ENABLED | L52: EIM_DISABLED | M52: PTP_REGISTER | P52: ITM_STOMULT | S52: =IF(E52=F52,"","NOT EQUAL") | T52: =IF(ISNA(VLOOKUP(P52,'NEW XEQM.c'!D:D,1,0)),"--",VLOOKUP(P52,'NEW XEQM.c'!D:G,3,0)) -> -- | U52: STACK | W52: =SUBSTITUTE(IF(AND(T52="--",FIND("STD",E52),FIND("fn",C52)>0,FIND("ITM_",P52),I52="CAT_FNCT"),E52,""),"""","") -> STO STD_CROSS
A53: =IF(B53=INT(B53),ROW(),"") -> 53 | B53: =IF(AND(MID(C53,2,1)<>"/",MID(C53,1,1)="/"),INT(B52)+1,B52+0.01) -> 48 | C53: / { fnStoreDiv | D53: NOPARAM | E53: "STO/" | F53: "STO/" | G53: 0 | H53: 99 | I53: CAT_FNCT | J53: SLS_ENABLED | K53: US_ENABLED | L53: EIM_DISABLED | M53: PTP_REGISTER | P53: ITM_STODIV | S53: =IF(E53=F53,"","NOT EQUAL") | T53: =IF(ISNA(VLOOKUP(P53,'NEW XEQM.c'!D:D,1,0)),"--",VLOOKUP(P53,'NEW XEQM.c'!D:G,3,0)) -> -- | U53: STACK | W53: =SUBSTITUTE(IF(AND(T53="--",FIND("STD",E53),FIND("fn",C53)>0,FIND("ITM_",P53),I53="CAT_FNCT"),E53,""),"""","") -> #VALUE!
A54: =IF(B54=INT(B54),ROW(),"") -> 54 | B54: =IF(AND(MID(C54,2,1)<>"/",MID(C54,1,1)="/"),INT(B53)+1,B53+0.01) -> 49 | C54: / { fnCyx | D54: NOPARAM | E54: "COMB" | F54: "C" STD_SUB_y STD_SUB_x | G54: 0 | H54: 0 | I54: CAT_FNCT | J54: SLS_ENABLED | K54: US_ENABLED | L54: EIM_ENABLED | M54: PTP_NONE | P54: ITM_COMB | S54: =IF(E54=F54,"","NOT EQUAL") -> NOT EQUAL | T54: =IF(ISNA(VLOOKUP(P54,'NEW XEQM.c'!D:D,1,0)),"--",VLOOKUP(P54,'NEW XEQM.c'!D:G,3,0)) -> COMB | W54: =SUBSTITUTE(IF(AND(T54="--",FIND("STD",E54),FIND("fn",C54)>0,FIND("ITM_",P54),I54="CAT_FNCT"),E54,""),"""","") -> #VALUE!
A55: =IF(B55=INT(B55),ROW(),"") -> 55 | B55: =IF(AND(MID(C55,2,1)<>"/",MID(C55,1,1)="/"),INT(B54)+1,B54+0.01) -> 50 | C55: / { fnPyx | D55: NOPARAM | E55: "PERM" | F55: "P" STD_SUB_y STD_SUB_x | G55: 0 | H55: 0 | I55: CAT_FNCT | J55: SLS_ENABLED | K55: US_ENABLED | L55: EIM_ENABLED | M55: PTP_NONE | P55: ITM_PERM | S55: =IF(E55=F55,"","NOT EQUAL") -> NOT EQUAL | T55: =IF(ISNA(VLOOKUP(P55,'NEW XEQM.c'!D:D,1,0)),"--",VLOOKUP(P55,'NEW XEQM.c'!D:G,3,0)) -> PERM | U55: Math | W55: =SUBSTITUTE(IF(AND(T55="--",FIND("STD",E55),FIND("fn",C55)>0,FIND("ITM_",P55),I55="CAT_FNCT"),E55,""),"""","") -> #VALUE!
A56: =IF(B56=INT(B56),ROW(),"") -> 56 | B56: =IF(AND(MID(C56,2,1)<>"/",MID(C56,1,1)="/"),INT(B55)+1,B55+0.01) -> 51 | C56: / { fnRecall | D56: TM_STORCL | E56: "RCL" | F56: "RCL" | G56: 0 | H56: 99 | I56: CAT_FNCT | J56: SLS_ENABLED | K56: US_ENABLED | L56: EIM_DISABLED | M56: PTP_REGISTER | P56: ITM_RCL | S56: =IF(E56=F56,"","NOT EQUAL") | T56: =IF(ISNA(VLOOKUP(P56,'NEW XEQM.c'!D:D,1,0)),"--",VLOOKUP(P56,'NEW XEQM.c'!D:G,3,0)) -> RCL | U56: STACK | W56: =SUBSTITUTE(IF(AND(T56="--",FIND("STD",E56),FIND("fn",C56)>0,FIND("ITM_",P56),I56="CAT_FNCT"),E56,""),"""","") -> #VALUE!
A57: =IF(B57=INT(B57),ROW(),"") -> 57 | B57: =IF(AND(MID(C57,2,1)<>"/",MID(C57,1,1)="/"),INT(B56)+1,B56+0.01) -> 52 | C57: / { fnRecallAdd | D57: NOPARAM | E57: "RCL+" | F57: "RCL+" | G57: 0 | H57: 99 | I57: CAT_FNCT | J57: SLS_ENABLED | K57: US_ENABLED | L57: EIM_DISABLED | M57: PTP_REGISTER | P57: ITM_RCLADD | S57: =IF(E57=F57,"","NOT EQUAL") | T57: =IF(ISNA(VLOOKUP(P57,'NEW XEQM.c'!D:D,1,0)),"--",VLOOKUP(P57,'NEW XEQM.c'!D:G,3,0)) -> -- | U57: STACK | W57: =SUBSTITUTE(IF(AND(T57="--",FIND("STD",E57),FIND("fn",C57)>0,FIND("ITM_",P57),I57="CAT_FNCT"),E57,""),"""","") -> #VALUE!
A58: =IF(B58=INT(B58),ROW(),"") -> 58 | B58: =IF(AND(MID(C58,2,1)<>"/",MID(C58,1,1)="/"),INT(B57)+1,B57+0.01) -> 53 | C58: / { fnRecallSub | D58: NOPARAM | E58: "RCL-" | F58: "RCL-" | G58: 0 | H58: 99 | I58: CAT_FNCT | J58: SLS_ENABLED | K58: US_ENABLED | L58: EIM_DISABLED | M58: PTP_REGISTER | P58: ITM_RCLSUB | S58: =IF(E58=F58,"","NOT EQUAL") | T58: =IF(ISNA(VLOOKUP(P58,'NEW XEQM.c'!D:D,1,0)),"--",VLOOKUP(P58,'NEW XEQM.c'!D:G,3,0)) -> -- | U58: STACK | W58: =SUBSTITUTE(IF(AND(T58="--",FIND("STD",E58),FIND("fn",C58)>0,FIND("ITM_",P58),I58="CAT_FNCT"),E58,""),"""","") -> #VALUE!
A59: =IF(B59=INT(B59),ROW(),"") -> 59 | B59: =IF(AND(MID(C59,2,1)<>"/",MID(C59,1,1)="/"),INT(B58)+1,B58+0.01) -> 54 | C59: / { fnRecallMult | D59: NOPARAM | E59: "RCL" STD_CROSS | F59: "RCL" STD_CROSS | G59: 0 | H59: 99 | I59: CAT_FNCT | J59: SLS_ENABLED | K59: US_ENABLED | L59: EIM_DISABLED | M59: PTP_REGISTER | P59: ITM_RCLMULT | S59: =IF(E59=F59,"","NOT EQUAL") | T59: =IF(ISNA(VLOOKUP(P59,'NEW XEQM.c'!D:D,1,0)),"--",VLOOKUP(P59,'NEW XEQM.c'!D:G,3,0)) -> -- | U59: STACK | W59: =SUBSTITUTE(IF(AND(T59="--",FIND("STD",E59),FIND("fn",C59)>0,FIND("ITM_",P59),I59="CAT_FNCT"),E59,""),"""","") -> RCL STD_CROSS
A60: =IF(B60=INT(B60),ROW(),"") -> 60 | B60: =IF(AND(MID(C60,2,1)<>"/",MID(C60,1,1)="/"),INT(B59)+1,B59+0.01) -> 55 | C60: / { fnRecallDiv | D60: NOPARAM | E60: "RCL/" | F60: "RCL/" | G60: 0 | H60: 99 | I60: CAT_FNCT | J60: SLS_ENABLED | K60: US_ENABLED | L60: EIM_DISABLED | M60: PTP_REGISTER | P60: ITM_RCLDIV | S60: =IF(E60=F60,"","NOT EQUAL") | T60: =IF(ISNA(VLOOKUP(P60,'NEW XEQM.c'!D:D,1,0)),"--",VLOOKUP(P60,'NEW XEQM.c'!D:G,3,0)) -> -- | U60: STACK | W60: =SUBSTITUTE(IF(AND(T60="--",FIND("STD",E60),FIND("fn",C60)>0,FIND("ITM_",P60),I60="CAT_FNCT"),E60,""),"""","") -> #VALUE!
A61: =IF(B61=INT(B61),ROW(),"") -> 61 | B61: =IF(AND(MID(C61,2,1)<>"/",MID(C61,1,1)="/"),INT(B60)+1,B60+0.01) -> 56 | C61: / { fnIsConverged | D61: TM_VALUE | E61: "CONVG?" | F61: "CONVG?" | G61: 0 | H61: 7 | I61: CAT_FNCT | J61: SLS_ENABLED | K61: US_UNCHANGED | L61: EIM_DISABLED | M61: PTP_REGISTER | P61: ITM_CONVG | S61: =IF(E61=F61,"","NOT EQUAL") | T61: =IF(ISNA(VLOOKUP(P61,'NEW XEQM.c'!D:D,1,0)),"--",VLOOKUP(P61,'NEW XEQM.c'!D:G,3,0)) -> -- | W61: =SUBSTITUTE(IF(AND(T61="--",FIND("STD",E61),FIND("fn",C61)>0,FIND("ITM_",P61),I61="CAT_FNCT"),E61,""),"""","") -> #VALUE!
A62: =IF(B62=INT(B62),ROW(),"") -> 62 | B62: =IF(AND(MID(C62,2,1)<>"/",MID(C62,1,1)="/"),INT(B61)+1,B61+0.01) -> 57 | C62: / { fnEntryQ | D62: NOPARAM | E62: "ENTRY?" | F62: "ENTRY?" | G62: 0 | H62: 0 | I62: CAT_FNCT | J62: SLS_UNCHANGED | K62: US_UNCHANGED | L62: EIM_DISABLED | M62: PTP_NONE | P62: ITM_ENTRY | S62: =IF(E62=F62,"","NOT EQUAL") | T62: =IF(ISNA(VLOOKUP(P62,'NEW XEQM.c'!D:D,1,0)),"--",VLOOKUP(P62,'NEW XEQM.c'!D:G,3,0)) -> -- | U62: INFO | W62: =SUBSTITUTE(IF(AND(T62="--",FIND("STD",E62),FIND("fn",C62)>0,FIND("ITM_",P62),I62="CAT_FNCT"),E62,""),"""","") -> #VALUE!
A63: =IF(B63=INT(B63),ROW(),"") -> 63 | B63: =IF(AND(MID(C63,2,1)<>"/",MID(C63,1,1)="/"),INT(B62)+1,B62+0.01) -> 58 | C63: / { fnSquare | D63: NOPARAM | E63: "x" STD_SUP_2 | F63: "x" STD_SUP_2 | G63: 0 | H63: 0 | I63: CAT_FNCT | J63: SLS_ENABLED | K63: US_ENABLED | L63: EIM_DISABLED | M63: PTP_NONE | P63: ITM_SQUARE | S63: =IF(E63=F63,"","NOT EQUAL") | T63: =IF(ISNA(VLOOKUP(P63,'NEW XEQM.c'!D:D,1,0)),"--",VLOOKUP(P63,'NEW XEQM.c'!D:G,3,0)) -> X^2 | U63: Math | W63: =SUBSTITUTE(IF(AND(T63="--",FIND("STD",E63),FIND("fn",C63)>0,FIND("ITM_",P63),I63="CAT_FNCT"),E63,""),"""","")
A64: =IF(B64=INT(B64),ROW(),"") -> 64 | B64: =IF(AND(MID(C64,2,1)<>"/",MID(C64,1,1)="/"),INT(B63)+1,B63+0.01) -> 59 | C64: / { fnCube | D64: NOPARAM | E64: "x" STD_SUP_3 | F64: "x" STD_SUP_3 | G64: 0 | H64: 0 | I64: CAT_FNCT | J64: SLS_ENABLED | K64: US_ENABLED | L64: EIM_DISABLED | M64: PTP_NONE | P64: ITM_CUBE | S64: =IF(E64=F64,"","NOT EQUAL") | T64: =IF(ISNA(VLOOKUP(P64,'NEW XEQM.c'!D:D,1,0)),"--",VLOOKUP(P64,'NEW XEQM.c'!D:G,3,0)) -> X^3 | U64: Math | W64: =SUBSTITUTE(IF(AND(T64="--",FIND("STD",E64),FIND("fn",C64)>0,FIND("ITM_",P64),I64="CAT_FNCT"),E64,""),"""","")
A65: =IF(B65=INT(B65),ROW(),"") -> 65 | B65: =IF(AND(MID(C65,2,1)<>"/",MID(C65,1,1)="/"),INT(B64)+1,B64+0.01) -> 60 | C65: / { fnPower | D65: NOPARAM | E65: "y" STD_SUP_x | F65: "y" STD_SUP_x | G65: 0 | H65: 0 | I65: CAT_FNCT | J65: SLS_ENABLED | K65: US_ENABLED | L65: EIM_DISABLED | M65: PTP_NONE | P65: ITM_YX | S65: =IF(E65=F65,"","NOT EQUAL") | T65: =IF(ISNA(VLOOKUP(P65,'NEW XEQM.c'!D:D,1,0)),"--",VLOOKUP(P65,'NEW XEQM.c'!D:G,3,0)) -> Y^X | U65: Math | W65: =SUBSTITUTE(IF(AND(T65="--",FIND("STD",E65),FIND("fn",C65)>0,FIND("ITM_",P65),I65="CAT_FNCT"),E65,""),"""","")
A66: =IF(B66=INT(B66),ROW(),"") -> 66 | B66: =IF(AND(MID(C66,2,1)<>"/",MID(C66,1,1)="/"),INT(B65)+1,B65+0.01) -> 61 | C66: / { fnSquareRoot | D66: NOPARAM | E66: STD_SQUARE_ROOT STD_x_UNDER_ROOT | F66: STD_SQUARE_ROOT STD_x_UNDER_ROOT | G66: 0 | H66: 0 | I66: CAT_FNCT | J66: SLS_ENABLED | K66: US_ENABLED | L66: EIM_ENABLED | M66: PTP_NONE | N66: Dup | P66: ITM_SQUAREROOTX | S66: =IF(E66=F66,"","NOT EQUAL") | T66: =IF(ISNA(VLOOKUP(P66,'NEW XEQM.c'!D:D,1,0)),"--",VLOOKUP(P66,'NEW XEQM.c'!D:G,3,0)) -> SQRT | U66: Math | W66: =SUBSTITUTE(IF(AND(T66="--",FIND("STD",E66),FIND("fn",C66)>0,FIND("ITM_",P66),I66="CAT_FNCT"),E66,""),"""","")
A67: =IF(B67=INT(B67),ROW(),"") -> 67 | B67: =IF(AND(MID(C67,2,1)<>"/",MID(C67,1,1)="/"),INT(B66)+1,B66+0.01) -> 62 | C67: / { fnCubeRoot | D67: NOPARAM | E67: STD_CUBE_ROOT STD_x_UNDER_ROOT | F67: STD_CUBE_ROOT STD_x_UNDER_ROOT | G67: 0 | H67: 0 | I67: CAT_FNCT | J67: SLS_ENABLED | K67: US_ENABLED | L67: EIM_DISABLED | M67: PTP_NONE | P67: ITM_CUBEROOT | S67: =IF(E67=F67,"","NOT EQUAL") | T67: =IF(ISNA(VLOOKUP(P67,'NEW XEQM.c'!D:D,1,0)),"--",VLOOKUP(P67,'NEW XEQM.c'!D:G,3,0)) -> CUBRT | U67: Math | W67: =SUBSTITUTE(IF(AND(T67="--",FIND("STD",E67),FIND("fn",C67)>0,FIND("ITM_",P67),I67="CAT_FNCT"),E67,""),"""","")
A68: =IF(B68=INT(B68),ROW(),"") -> 68 | B68: =IF(AND(MID(C68,2,1)<>"/",MID(C68,1,1)="/"),INT(B67)+1,B67+0.01) -> 63 | C68: / { fnXthRoot | D68: NOPARAM | E68: STD_xTH_ROOT STD_y_UNDER_ROOT | F68: STD_xTH_ROOT STD_y_UNDER_ROOT | G68: 0 | H68: 0 | I68: CAT_FNCT | J68: SLS_ENABLED | K68: US_ENABLED | L68: EIM_DISABLED | M68: PTP_NONE | P68: ITM_XTHROOT | S68: =IF(E68=F68,"","NOT EQUAL") | T68: =IF(ISNA(VLOOKUP(P68,'NEW XEQM.c'!D:D,1,0)),"--",VLOOKUP(P68,'NEW XEQM.c'!D:G,3,0)) -> XRTY | U68: Math | W68: =SUBSTITUTE(IF(AND(T68="--",FIND("STD",E68),FIND("fn",C68)>0,FIND("ITM_",P68),I68="CAT_FNCT"),E68,""),"""","")
A69: =IF(B69=INT(B69),ROW(),"") -> 69 | B69: =IF(AND(MID(C69,2,1)<>"/",MID(C69,1,1)="/"),INT(B68)+1,B68+0.01) -> 64 | C69: / { fn2Pow | D69: NOPARAM | E69: "2" STD_SUP_x | F69: "2" STD_SUP_x | G69: 0 | H69: 0 | I69: CAT_FNCT | J69: SLS_ENABLED | K69: US_ENABLED | L69: EIM_DISABLED | M69: PTP_NONE | P69: ITM_2X | S69: =IF(E69=F69,"","NOT EQUAL") | T69: =IF(ISNA(VLOOKUP(P69,'NEW XEQM.c'!D:D,1,0)),"--",VLOOKUP(P69,'NEW XEQM.c'!D:G,3,0)) -> 2^X | U69: Math | W69: =SUBSTITUTE(IF(AND(T69="--",FIND("STD",E69),FIND("fn",C69)>0,FIND("ITM_",P69),I69="CAT_FNCT"),E69,""),"""","")
A70: =IF(B70=INT(B70),ROW(),"") -> 70 | B70: =IF(AND(MID(C70,2,1)<>"/",MID(C70,1,1)="/"),INT(B69)+1,B69+0.01) -> 65 | C70: / { fnExp | D70: NOPARAM | E70: STD_EulerE STD_SUP_x | F70: STD_EulerE STD_SUP_x | G70: 0 | H70: 0 | I70: CAT_FNCT | J70: SLS_ENABLED | K70: US_ENABLED | L70: EIM_ENABLED | M70: PTP_NONE | P70: ITM_EXP | S70: =IF(E70=F70,"","NOT EQUAL") | T70: =IF(ISNA(VLOOKUP(P70,'NEW XEQM.c'!D:D,1,0)),"--",VLOOKUP(P70,'NEW XEQM.c'!D:G,3,0)) -> e^X | U70: Math | W70: =SUBSTITUTE(IF(AND(T70="--",FIND("STD",E70),FIND("fn",C70)>0,FIND("ITM_",P70),I70="CAT_FNCT"),E70,""),"""","")
A71: =IF(B71=INT(B71),ROW(),"") -> 71 | B71: =IF(AND(MID(C71,2,1)<>"/",MID(C71,1,1)="/"),INT(B70)+1,B70+0.01) -> 66 | C71: / { itemToBeCoded | D71: NOPARAM | E71: =CHAR(34)&IF(B71<10,"000",IF(B71<100,"00",IF(B71<1000,"0","")))&$B71&CHAR(34) -> "0066" | F71: =E71 -> "0066" | G71: 0 | H71: 0 | I71: CAT_FREE | J71: SLS_UNCHANGED | K71: US_UNCHANGED | L71: EIM_DISABLED | M71: PTP_DISABLED | P71: ="MNU_"&IF(B71<10,"000",IF(B71<100,"00",IF(B71<1000,"0","")))&$B71 -> MNU_0066 | S71: =IF(E71=F71,"","NOT EQUAL") | T71: =IF(ISNA(VLOOKUP(P71,'NEW XEQM.c'!D:D,1,0)),"--",VLOOKUP(P71,'NEW XEQM.c'!D:G,3,0)) -> -- | W71: =SUBSTITUTE(IF(AND(T71="--",FIND("STD",E71),FIND("fn",C71)>0,FIND("ITM_",P71),I71="CAT_FNCT"),E71,""),"""","") -> #VALUE!
A72: =IF(B72=INT(B72),ROW(),"") -> 72 | B72: =IF(AND(MID(C72,2,1)<>"/",MID(C72,1,1)="/"),INT(B71)+1,B71+0.01) -> 67 | C72: / { fn10Pow | D72: NOPARAM | E72: "10" STD_SUP_x | F72: "10" STD_SUP_x | G72: 0 | H72: 0 | I72: CAT_FNCT | J72: SLS_ENABLED | K72: US_ENABLED | L72: EIM_DISABLED | M72: PTP_NONE | P72: ITM_10x | S72: =IF(E72=F72,"","NOT EQUAL") | T72: =IF(ISNA(VLOOKUP(P72,'NEW XEQM.c'!D:D,1,0)),"--",VLOOKUP(P72,'NEW XEQM.c'!D:G,3,0)) -> 10^X | U72: Math | W72: =SUBSTITUTE(IF(AND(T72="--",FIND("STD",E72),FIND("fn",C72)>0,FIND("ITM_",P72),I72="CAT_FNCT"),E72,""),"""","")
A73: =IF(B73=INT(B73),ROW(),"") -> 73 | B73: =IF(AND(MID(C73,2,1)<>"/",MID(C73,1,1)="/"),INT(B72)+1,B72+0.01) -> 68 | C73: / { fnLog2 | D73: NOPARAM/*#JM#*/ | E73: "LB" | F73: "LB" | G73: 0 | H73: 0 | I73: CAT_FNCT | J73: SLS_ENABLED | K73: US_ENABLED | L73: EIM_ENABLED | M73: PTP_NONE | P73: ITM_LOG2 | S73: =IF(E73=F73,"","NOT EQUAL") | T73: =IF(ISNA(VLOOKUP(P73,'NEW XEQM.c'!D:D,1,0)),"--",VLOOKUP(P73,'NEW XEQM.c'!D:G,3,0)) -> LOG2 | U73: Math | W73: =SUBSTITUTE(IF(AND(T73="--",FIND("STD",E73),FIND("fn",C73)>0,FIND("ITM_",P73),I73="CAT_FNCT"),E73,""),"""","") -> #VALUE!
A74: =IF(B74=INT(B74),ROW(),"") -> 74 | B74: =IF(AND(MID(C74,2,1)<>"/",MID(C74,1,1)="/"),INT(B73)+1,B73+0.01) -> 69 | C74: / { fnLn | D74: NOPARAM/*#JM#*/ | E74: "LN" | F74: "LN" | G74: 0 | H74: 0 | I74: CAT_FNCT | J74: SLS_ENABLED | K74: US_ENABLED | L74: EIM_ENABLED | M74: PTP_NONE | O74: //JM3 change ln to LN | P74: ITM_LN | S74: =IF(E74=F74,"","NOT EQUAL") | T74: =IF(ISNA(VLOOKUP(P74,'NEW XEQM.c'!D:D,1,0)),"--",VLOOKUP(P74,'NEW XEQM.c'!D:G,3,0)) -> LN | U74: Math | W74: =SUBSTITUTE(IF(AND(T74="--",FIND("STD",E74),FIND("fn",C74)>0,FIND("ITM_",P74),I74="CAT_FNCT"),E74,""),"""","") -> #VALUE!
A75: =IF(B75=INT(B75),ROW(),"") -> 75 | B75: =IF(AND(MID(C75,2,1)<>"/",MID(C75,1,1)="/"),INT(B74)+1,B74+0.01) -> 70 | C75: / { fnStopProgram | D75: NOPARAM | E75: "STOP" | F75: "R/S" | G75: 0 | H75: 0 | I75: CAT_FNCT | J75: SLS_UNCHANGED | K75: US_UNCHANGED | L75: EIM_DISABLED | M75: PTP_NONE | P75: ITM_STOP | S75: =IF(E75=F75,"","NOT EQUAL") -> NOT EQUAL | T75: =IF(ISNA(VLOOKUP(P75,'NEW XEQM.c'!D:D,1,0)),"--",VLOOKUP(P75,'NEW XEQM.c'!D:G,3,0)) -> -- | W75: =SUBSTITUTE(IF(AND(T75="--",FIND("STD",E75),FIND("fn",C75)>0,FIND("ITM_",P75),I75="CAT_FNCT"),E75,""),"""","") -> #VALUE!
A76: =IF(B76=INT(B76),ROW(),"") -> 76 | B76: =IF(AND(MID(C76,2,1)<>"/",MID(C76,1,1)="/"),INT(B75)+1,B75+0.01) -> 71 | C76: / { fnLog10 | D76: NOPARAM/*#JM#*/ | E76: "LOG" | F76: "LOG" | G76: 0 | H76: 0 | I76: CAT_FNCT | J76: SLS_ENABLED | K76: US_ENABLED | L76: EIM_ENABLED | M76: PTP_NONE | O76: //JM Change lg to LOG | P76: ITM_LOG10 | S76: =IF(E76=F76,"","NOT EQUAL") | T76: =IF(ISNA(VLOOKUP(P76,'NEW XEQM.c'!D:D,1,0)),"--",VLOOKUP(P76,'NEW XEQM.c'!D:G,3,0)) -> LOG10 | U76: Math | W76: =SUBSTITUTE(IF(AND(T76="--",FIND("STD",E76),FIND("fn",C76)>0,FIND("ITM_",P76),I76="CAT_FNCT"),E76,""),"""","") -> #VALUE!
A77: =IF(B77=INT(B77),ROW(),"") -> 77 | B77: =IF(AND(MID(C77,2,1)<>"/",MID(C77,1,1)="/"),INT(B76)+1,B76+0.01) -> 72 | C77: / { fnLogXY | D77: NOPARAM/*#JM#*/ | E77: "LOG" STD_SUB_x "y" | F77: "LOG" STD_SUB_x "y" | G77: 0 | H77: 0 | I77: CAT_FNCT | J77: SLS_ENABLED | K77: US_ENABLED | L77: EIM_ENABLED | M77: PTP_NONE | P77: ITM_LOGXY | S77: =IF(E77=F77,"","NOT EQUAL") | T77: =IF(ISNA(VLOOKUP(P77,'NEW XEQM.c'!D:D,1,0)),"--",VLOOKUP(P77,'NEW XEQM.c'!D:G,3,0)) -> LOGXY | U77: Math | W77: =SUBSTITUTE(IF(AND(T77="--",FIND("STD",E77),FIND("fn",C77)>0,FIND("ITM_",P77),I77="CAT_FNCT"),E77,""),"""","")
A78: =IF(B78=INT(B78),ROW(),"") -> 78 | B78: =IF(AND(MID(C78,2,1)<>"/",MID(C78,1,1)="/"),INT(B77)+1,B77+0.01) -> 73 | C78: / { fnInvert | D78: NOPARAM | E78: "1/x" | F78: "1/x" | G78: 0 | H78: 0 | I78: CAT_FNCT | J78: SLS_ENABLED | K78: US_ENABLED | L78: EIM_DISABLED | M78: PTP_NONE | P78: ITM_1ONX | S78: =IF(E78=F78,"","NOT EQUAL") | T78: =IF(ISNA(VLOOKUP(P78,'NEW XEQM.c'!D:D,1,0)),"--",VLOOKUP(P78,'NEW XEQM.c'!D:G,3,0)) -> 1/X | U78: Math | W78: =SUBSTITUTE(IF(AND(T78="--",FIND("STD",E78),FIND("fn",C78)>0,FIND("ITM_",P78),I78="CAT_FNCT"),E78,""),"""","") -> #VALUE!
A79: =IF(B79=INT(B79),ROW(),"") -> 79 | B79: =IF(AND(MID(C79,2,1)<>"/",MID(C79,1,1)="/"),INT(B78)+1,B78+0.01) -> 74 | C79: / { fnCos | D79: NOPARAM/*#JM#*/ | E79: "COS" | F79: "COS" | G79: 0 | H79: 0 | I79: CAT_FNCT | J79: SLS_ENABLED | K79: US_ENABLED | L79: EIM_ENABLED | M79: PTP_NONE | O79: //JM | P79: ITM_cos | S79: =IF(E79=F79,"","NOT EQUAL") | T79: =IF(ISNA(VLOOKUP(P79,'NEW XEQM.c'!D:D,1,0)),"--",VLOOKUP(P79,'NEW XEQM.c'!D:G,3,0)) -> COS | U79: Trig | W79: =SUBSTITUTE(IF(AND(T79="--",FIND("STD",E79),FIND("fn",C79)>0,FIND("ITM_",P79),I79="CAT_FNCT"),E79,""),"""","") -> #VALUE!
A80: =IF(B80=INT(B80),ROW(),"") -> 80 | B80: =IF(AND(MID(C80,2,1)<>"/",MID(C80,1,1)="/"),INT(B79)+1,B79+0.01) -> 75 | C80: / { fnCosh | D80: NOPARAM | E80: "cosh" | F80: "cosh" | G80: 0 | H80: 0 | I80: CAT_FNCT | J80: SLS_ENABLED | K80: US_ENABLED | L80: EIM_ENABLED | M80: PTP_NONE | P80: ITM_cosh | S80: =IF(E80=F80,"","NOT EQUAL") | T80: =IF(ISNA(VLOOKUP(P80,'NEW XEQM.c'!D:D,1,0)),"--",VLOOKUP(P80,'NEW XEQM.c'!D:G,3,0)) -> COSH | U80: Trig | W80: =SUBSTITUTE(IF(AND(T80="--",FIND("STD",E80),FIND("fn",C80)>0,FIND("ITM_",P80),I80="CAT_FNCT"),E80,""),"""","") -> #VALUE!
A81: =IF(B81=INT(B81),ROW(),"") -> 81 | B81: =IF(AND(MID(C81,2,1)<>"/",MID(C81,1,1)="/"),INT(B80)+1,B80+0.01) -> 76 | C81: / { fnSin | D81: NOPARAM/*#JM#*/ | E81: "SIN" | F81: "SIN" | G81: 0 | H81: 0 | I81: CAT_FNCT | J81: SLS_ENABLED | K81: US_ENABLED | L81: EIM_ENABLED | M81: PTP_NONE | O81: //JM3 | P81: ITM_sin | S81: =IF(E81=F81,"","NOT EQUAL") | T81: =IF(ISNA(VLOOKUP(P81,'NEW XEQM.c'!D:D,1,0)),"--",VLOOKUP(P81,'NEW XEQM.c'!D:G,3,0)) -> SIN | U81: Trig | W81: =SUBSTITUTE(IF(AND(T81="--",FIND("STD",E81),FIND("fn",C81)>0,FIND("ITM_",P81),I81="CAT_FNCT"),E81,""),"""","") -> #VALUE!
A82: =IF(B82=INT(B82),ROW(),"") -> 82 | B82: =IF(AND(MID(C82,2,1)<>"/",MID(C82,1,1)="/"),INT(B81)+1,B81+0.01) -> 77 | C82: / { fnKey | D82: TM_REGISTER | E82: "KEY?" | F82: "KEY?" | G82: 0 | H82: 99 | I82: CAT_FNCT | J82: SLS_UNCHANGED | K82: US_ENABLED | L82: EIM_DISABLED | M82: PTP_REGISTER | P82: ITM_KEYQ | S82: =IF(E82=F82,"","NOT EQUAL") | T82: =IF(ISNA(VLOOKUP(P82,'NEW XEQM.c'!D:D,1,0)),"--",VLOOKUP(P82,'NEW XEQM.c'!D:G,3,0)) -> -- | W82: =SUBSTITUTE(IF(AND(T82="--",FIND("STD",E82),FIND("fn",C82)>0,FIND("ITM_",P82),I82="CAT_FNCT"),E82,""),"""","") -> #VALUE!
A83: =IF(B83=INT(B83),ROW(),"") -> 83 | B83: =IF(AND(MID(C83,2,1)<>"/",MID(C83,1,1)="/"),INT(B82)+1,B82+0.01) -> 78 | C83: / { fnSinh | D83: NOPARAM | E83: "sinh" | F83: "sinh" | G83: 0 | H83: 0 | I83: CAT_FNCT | J83: SLS_ENABLED | K83: US_ENABLED | L83: EIM_ENABLED | M83: PTP_NONE | P83: ITM_sinh | S83: =IF(E83=F83,"","NOT EQUAL") | T83: =IF(ISNA(VLOOKUP(P83,'NEW XEQM.c'!D:D,1,0)),"--",VLOOKUP(P83,'NEW XEQM.c'!D:G,3,0)) -> SINH | U83: Math | W83: =SUBSTITUTE(IF(AND(T83="--",FIND("STD",E83),FIND("fn",C83)>0,FIND("ITM_",P83),I83="CAT_FNCT"),E83,""),"""","") -> #VALUE!
A84: =IF(B84=INT(B84),ROW(),"") -> 84 | B84: =IF(AND(MID(C84,2,1)<>"/",MID(C84,1,1)="/"),INT(B83)+1,B83+0.01) -> 79 | C84: / { fnTan | D84: NOPARAM/*#JM#*/ | E84: "TAN" | F84: "TAN" | G84: 0 | H84: 0 | I84: CAT_FNCT | J84: SLS_ENABLED | K84: US_ENABLED | L84: EIM_ENABLED | M84: PTP_NONE | O84: //JM3 | P84: ITM_tan | S84: =IF(E84=F84,"","NOT EQUAL") | T84: =IF(ISNA(VLOOKUP(P84,'NEW XEQM.c'!D:D,1,0)),"--",VLOOKUP(P84,'NEW XEQM.c'!D:G,3,0)) -> TAN | U84: Trig | W84: =SUBSTITUTE(IF(AND(T84="--",FIND("STD",E84),FIND("fn",C84)>0,FIND("ITM_",P84),I84="CAT_FNCT"),E84,""),"""","") -> #VALUE!
A85: =IF(B85=INT(B85),ROW(),"") -> 85 | B85: =IF(AND(MID(C85,2,1)<>"/",MID(C85,1,1)="/"),INT(B84)+1,B84+0.01) -> 80 | C85: / { fnTanh | D85: NOPARAM | E85: "tanh" | F85: "tanh" | G85: 0 | H85: 0 | I85: CAT_FNCT | J85: SLS_ENABLED | K85: US_ENABLED | L85: EIM_ENABLED | M85: PTP_NONE | P85: ITM_tanh | S85: =IF(E85=F85,"","NOT EQUAL") | T85: =IF(ISNA(VLOOKUP(P85,'NEW XEQM.c'!D:D,1,0)),"--",VLOOKUP(P85,'NEW XEQM.c'!D:G,3,0)) -> TANH | U85: Trig | W85: =SUBSTITUTE(IF(AND(T85="--",FIND("STD",E85),FIND("fn",C85)>0,FIND("ITM_",P85),I85="CAT_FNCT"),E85,""),"""","") -> #VALUE!
A86: =IF(B86=INT(B86),ROW(),"") -> 86 | B86: =IF(AND(MID(C86,2,1)<>"/",MID(C86,1,1)="/"),INT(B85)+1,B85+0.01) -> 81 | C86: / { fnArccos | D86: NOPARAM/*#JM#*/ | E86: "ARCCOS" | F86: "ACOS" | G86: 0 | H86: 0 | I86: CAT_FNCT | J86: SLS_ENABLED | K86: US_ENABLED | L86: EIM_ENABLED | M86: PTP_NONE | N86: Dup | O86: //JM | P86: ITM_arccos | S86: =IF(E86=F86,"","NOT EQUAL") -> NOT EQUAL | T86: =IF(ISNA(VLOOKUP(P86,'NEW XEQM.c'!D:D,1,0)),"--",VLOOKUP(P86,'NEW XEQM.c'!D:G,3,0)) -> ACOS | U86: Trig | W86: =SUBSTITUTE(IF(AND(T86="--",FIND("STD",E86),FIND("fn",C86)>0,FIND("ITM_",P86),I86="CAT_FNCT"),E86,""),"""","") -> #VALUE!
A87: =IF(B87=INT(B87),ROW(),"") -> 87 | B87: =IF(AND(MID(C87,2,1)<>"/",MID(C87,1,1)="/"),INT(B86)+1,B86+0.01) -> 82 | C87: / { fnArccosh | D87: NOPARAM | E87: "arcosh" | F87: "arcosh" | G87: 0 | H87: 0 | I87: CAT_FNCT | J87: SLS_ENABLED | K87: US_ENABLED | L87: EIM_ENABLED | M87: PTP_NONE | P87: ITM_arcosh | S87: =IF(E87=F87,"","NOT EQUAL") | T87: =IF(ISNA(VLOOKUP(P87,'NEW XEQM.c'!D:D,1,0)),"--",VLOOKUP(P87,'NEW XEQM.c'!D:G,3,0)) -> ARCOSH | U87: Trig | W87: =SUBSTITUTE(IF(AND(T87="--",FIND("STD",E87),FIND("fn",C87)>0,FIND("ITM_",P87),I87="CAT_FNCT"),E87,""),"""","") -> #VALUE!
A88: =IF(B88=INT(B88),ROW(),"") -> 88 | B88: =IF(AND(MID(C88,2,1)<>"/",MID(C88,1,1)="/"),INT(B87)+1,B87+0.01) -> 83 | C88: / { fnArcsin | D88: NOPARAM/*#JM#*/ | E88: "ARCSIN" | F88: "ASIN" | G88: 0 | H88: 0 | I88: CAT_FNCT | J88: SLS_ENABLED | K88: US_ENABLED | L88: EIM_ENABLED | M88: PTP_NONE | N88: Dup | O88: //JM | P88: ITM_arcsin | S88: =IF(E88=F88,"","NOT EQUAL") -> NOT EQUAL | T88: =IF(ISNA(VLOOKUP(P88,'NEW XEQM.c'!D:D,1,0)),"--",VLOOKUP(P88,'NEW XEQM.c'!D:G,3,0)) -> ASIN | U88: Trig | W88: =SUBSTITUTE(IF(AND(T88="--",FIND("STD",E88),FIND("fn",C88)>0,FIND("ITM_",P88),I88="CAT_FNCT"),E88,""),"""","") -> #VALUE!
A89: =IF(B89=INT(B89),ROW(),"") -> 89 | B89: =IF(AND(MID(C89,2,1)<>"/",MID(C89,1,1)="/"),INT(B88)+1,B88+0.01) -> 84 | C89: / { fnArcsinh | D89: NOPARAM | E89: "arsinh" | F89: "arsinh" | G89: 0 | H89: 0 | I89: CAT_FNCT | J89: SLS_ENABLED | K89: US_ENABLED | L89: EIM_ENABLED | M89: PTP_NONE | P89: ITM_arsinh | S89: =IF(E89=F89,"","NOT EQUAL") | T89: =IF(ISNA(VLOOKUP(P89,'NEW XEQM.c'!D:D,1,0)),"--",VLOOKUP(P89,'NEW XEQM.c'!D:G,3,0)) -> ARSINH | U89: Trig | W89: =SUBSTITUTE(IF(AND(T89="--",FIND("STD",E89),FIND("fn",C89)>0,FIND("ITM_",P89),I89="CAT_FNCT"),E89,""),"""","") -> #VALUE!
A90: =IF(B90=INT(B90),ROW(),"") -> 90 | B90: =IF(AND(MID(C90,2,1)<>"/",MID(C90,1,1)="/"),INT(B89)+1,B89+0.01) -> 85 | C90: / { fnArctan | D90: NOPARAM/*#JM#*/ | E90: "ARCTAN" | F90: "ATAN" | G90: 0 | H90: 0 | I90: CAT_FNCT | J90: SLS_ENABLED | K90: US_ENABLED | L90: EIM_ENABLED | M90: PTP_NONE | N90: Dup | O90: //JM | P90: ITM_arctan | S90: =IF(E90=F90,"","NOT EQUAL") -> NOT EQUAL | T90: =IF(ISNA(VLOOKUP(P90,'NEW XEQM.c'!D:D,1,0)),"--",VLOOKUP(P90,'NEW XEQM.c'!D:G,3,0)) -> ATAN | U90: Trig | W90: =SUBSTITUTE(IF(AND(T90="--",FIND("STD",E90),FIND("fn",C90)>0,FIND("ITM_",P90),I90="CAT_FNCT"),E90,""),"""","") -> #VALUE!
A91: =IF(B91=INT(B91),ROW(),"") -> 91 | B91: =IF(AND(MID(C91,2,1)<>"/",MID(C91,1,1)="/"),INT(B90)+1,B90+0.01) -> 86 | C91: / { fnArctanh | D91: NOPARAM | E91: "artanh" | F91: "artanh" | G91: 0 | H91: 0 | I91: CAT_FNCT | J91: SLS_ENABLED | K91: US_ENABLED | L91: EIM_ENABLED | M91: PTP_NONE | P91: ITM_artanh | S91: =IF(E91=F91,"","NOT EQUAL") | T91: =IF(ISNA(VLOOKUP(P91,'NEW XEQM.c'!D:D,1,0)),"--",VLOOKUP(P91,'NEW XEQM.c'!D:G,3,0)) -> ARTANH | U91: Trig | W91: =SUBSTITUTE(IF(AND(T91="--",FIND("STD",E91),FIND("fn",C91)>0,FIND("ITM_",P91),I91="CAT_FNCT"),E91,""),"""","") -> #VALUE!
A92: =IF(B92=INT(B92),ROW(),"") -> 92 | B92: =IF(AND(MID(C92,2,1)<>"/",MID(C92,1,1)="/"),INT(B91)+1,B91+0.01) -> 87 | C92: / { fnCeil | D92: NOPARAM | E92: "ceil" | F92: "ceil" | G92: 0 | H92: 0 | I92: CAT_FNCT | J92: SLS_ENABLED | K92: US_ENABLED | L92: EIM_ENABLED | M92: PTP_NONE | P92: ITM_CEIL | S92: =IF(E92=F92,"","NOT EQUAL") | T92: =IF(ISNA(VLOOKUP(P92,'NEW XEQM.c'!D:D,1,0)),"--",VLOOKUP(P92,'NEW XEQM.c'!D:G,3,0)) -> CEIL | U92: Math | W92: =SUBSTITUTE(IF(AND(T92="--",FIND("STD",E92),FIND("fn",C92)>0,FIND("ITM_",P92),I92="CAT_FNCT"),E92,""),"""","") -> #VALUE!
A93: =IF(B93=INT(B93),ROW(),"") -> 93 | B93: =IF(AND(MID(C93,2,1)<>"/",MID(C93,1,1)="/"),INT(B92)+1,B92+0.01) -> 88 | C93: / { fnFloor | D93: NOPARAM | E93: "floor" | F93: "floor" | G93: 0 | H93: 0 | I93: CAT_FNCT | J93: SLS_ENABLED | K93: US_ENABLED | L93: EIM_ENABLED | M93: PTP_NONE | P93: ITM_FLOOR | S93: =IF(E93=F93,"","NOT EQUAL") | T93: =IF(ISNA(VLOOKUP(P93,'NEW XEQM.c'!D:D,1,0)),"--",VLOOKUP(P93,'NEW XEQM.c'!D:G,3,0)) -> FLOOR | U93: Math | W93: =SUBSTITUTE(IF(AND(T93="--",FIND("STD",E93),FIND("fn",C93)>0,FIND("ITM_",P93),I93="CAT_FNCT"),E93,""),"""","") -> #VALUE!
A94: =IF(B94=INT(B94),ROW(),"") -> 94 | B94: =IF(AND(MID(C94,2,1)<>"/",MID(C94,1,1)="/"),INT(B93)+1,B93+0.01) -> 89 | C94: / { fnGcd | D94: NOPARAM | E94: "GCD" | F94: "GCD" | G94: 0 | H94: 0 | I94: CAT_FNCT | J94: SLS_ENABLED | K94: US_ENABLED | L94: EIM_DISABLED | M94: PTP_NONE | P94: ITM_GCD | S94: =IF(E94=F94,"","NOT EQUAL") | T94: =IF(ISNA(VLOOKUP(P94,'NEW XEQM.c'!D:D,1,0)),"--",VLOOKUP(P94,'NEW XEQM.c'!D:G,3,0)) -> GCD | U94: Math | W94: =SUBSTITUTE(IF(AND(T94="--",FIND("STD",E94),FIND("fn",C94)>0,FIND("ITM_",P94),I94="CAT_FNCT"),E94,""),"""","") -> #VALUE!
A95: =IF(B95=INT(B95),ROW(),"") -> 95 | B95: =IF(AND(MID(C95,2,1)<>"/",MID(C95,1,1)="/"),INT(B94)+1,B94+0.01) -> 90 | C95: / { fnLcm | D95: NOPARAM | E95: "LCM" | F95: "LCM" | G95: 0 | H95: 0 | I95: CAT_FNCT | J95: SLS_ENABLED | K95: US_ENABLED | L95: EIM_DISABLED | M95: PTP_NONE | P95: ITM_LCM | S95: =IF(E95=F95,"","NOT EQUAL") | T95: =IF(ISNA(VLOOKUP(P95,'NEW XEQM.c'!D:D,1,0)),"--",VLOOKUP(P95,'NEW XEQM.c'!D:G,3,0)) -> LCM | U95: Math | W95: =SUBSTITUTE(IF(AND(T95="--",FIND("STD",E95),FIND("fn",C95)>0,FIND("ITM_",P95),I95="CAT_FNCT"),E95,""),"""","") -> #VALUE!
A96: =IF(B96=INT(B96),ROW(),"") -> 96 | B96: =IF(AND(MID(C96,2,1)<>"/",MID(C96,1,1)="/"),INT(B95)+1,B95+0.01) -> 91 | C96: / { fnDec | D96: TM_REGISTER | E96: "DECR" | F96: "DECR" | G96: 0 | H96: 99 | I96: CAT_FNCT | J96: SLS_ENABLED | K96: US_ENABLED | L96: EIM_DISABLED | M96: PTP_REGISTER | P96: ITM_DEC | S96: =IF(E96=F96,"","NOT EQUAL") | T96: =IF(ISNA(VLOOKUP(P96,'NEW XEQM.c'!D:D,1,0)),"--",VLOOKUP(P96,'NEW XEQM.c'!D:G,3,0)) -> DECR | U96: Math | W96: =SUBSTITUTE(IF(AND(T96="--",FIND("STD",E96),FIND("fn",C96)>0,FIND("ITM_",P96),I96="CAT_FNCT"),E96,""),"""","") -> #VALUE!
A97: =IF(B97=INT(B97),ROW(),"") -> 97 | B97: =IF(AND(MID(C97,2,1)<>"/",MID(C97,1,1)="/"),INT(B96)+1,B96+0.01) -> 92 | C97: / { fnInc | D97: TM_REGISTER | E97: "INCR" | F97: "INCR" | G97: 0 | H97: 99 | I97: CAT_FNCT | J97: SLS_ENABLED | K97: US_ENABLED | L97: EIM_DISABLED | M97: PTP_REGISTER | P97: ITM_INC | S97: =IF(E97=F97,"","NOT EQUAL") | T97: =IF(ISNA(VLOOKUP(P97,'NEW XEQM.c'!D:D,1,0)),"--",VLOOKUP(P97,'NEW XEQM.c'!D:G,3,0)) -> INC | U97: Math | W97: =SUBSTITUTE(IF(AND(T97="--",FIND("STD",E97),FIND("fn",C97)>0,FIND("ITM_",P97),I97="CAT_FNCT"),E97,""),"""","") -> #VALUE!
A98: =IF(B98=INT(B98),ROW(),"") -> 98 | B98: =IF(AND(MID(C98,2,1)<>"/",MID(C98,1,1)="/"),INT(B97)+1,B97+0.01) -> 93 | C98: / { fnIp | D98: NOPARAM | E98: "IP" | F98: "IP" | G98: 0 | H98: 0 | I98: CAT_FNCT | J98: SLS_ENABLED | K98: US_ENABLED | L98: EIM_DISABLED | M98: PTP_NONE | P98: ITM_IP | S98: =IF(E98=F98,"","NOT EQUAL") | T98: =IF(ISNA(VLOOKUP(P98,'NEW XEQM.c'!D:D,1,0)),"--",VLOOKUP(P98,'NEW XEQM.c'!D:G,3,0)) -> IP | U98: Math | W98: =SUBSTITUTE(IF(AND(T98="--",FIND("STD",E98),FIND("fn",C98)>0,FIND("ITM_",P98),I98="CAT_FNCT"),E98,""),"""","") -> #VALUE!
A99: =IF(B99=INT(B99),ROW(),"") -> 99 | B99: =IF(AND(MID(C99,2,1)<>"/",MID(C99,1,1)="/"),INT(B98)+1,B98+0.01) -> 94 | C99: / { fnFp | D99: NOPARAM | E99: "FP" | F99: "FP" | G99: 0 | H99: 0 | I99: CAT_FNCT | J99: SLS_ENABLED | K99: US_ENABLED | L99: EIM_DISABLED | M99: PTP_NONE | P99: ITM_FP | S99: =IF(E99=F99,"","NOT EQUAL") | T99: =IF(ISNA(VLOOKUP(P99,'NEW XEQM.c'!D:D,1,0)),"--",VLOOKUP(P99,'NEW XEQM.c'!D:G,3,0)) -> FP | U99: Math | W99: =SUBSTITUTE(IF(AND(T99="--",FIND("STD",E99),FIND("fn",C99)>0,FIND("ITM_",P99),I99="CAT_FNCT"),E99,""),"""","") -> #VALUE!
A100: =IF(B100=INT(B100),ROW(),"") -> 100 | B100: =IF(AND(MID(C100,2,1)<>"/",MID(C100,1,1)="/"),INT(B99)+1,B99+0.01) -> 95 | C100: / { fnAdd | D100: ITM_ADD | E100: "+" | F100: "+" | G100: 0 | H100: 0 | I100: CAT_FNCT | J100: SLS_ENABLED | K100: US_ENABLED | L100: EIM_DISABLED | M100: PTP_NONE | P100: ITM_ADD | S100: =IF(E100=F100,"","NOT EQUAL") | T100: =IF(ISNA(VLOOKUP(P100,'NEW XEQM.c'!D:D,1,0)),"--",VLOOKUP(P100,'NEW XEQM.c'!D:G,3,0)) -> + | U100: Math | W100: =SUBSTITUTE(IF(AND(T100="--",FIND("STD",E100),FIND("fn",C100)>0,FIND("ITM_",P100),I100="CAT_FNCT"),E100,""),"""","") -> #VALUE!
A101: =IF(B101=INT(B101),ROW(),"") -> 101 | B101: =IF(AND(MID(C101,2,1)<>"/",MID(C101,1,1)="/"),INT(B100)+1,B100+0.01) -> 96 | C101: / { fnSubtract | D101: ITM_SUB | E101: "-" | F101: "-" | G101: 0 | H101: 0 | I101: CAT_FNCT | J101: SLS_ENABLED | K101: US_ENABLED | L101: EIM_DISABLED | M101: PTP_NONE | P101: ITM_SUB | S101: =IF(E101=F101,"","NOT EQUAL") | T101: =IF(ISNA(VLOOKUP(P101,'NEW XEQM.c'!D:D,1,0)),"--",VLOOKUP(P101,'NEW XEQM.c'!D:G,3,0)) -> - | U101: Math | W101: =SUBSTITUTE(IF(AND(T101="--",FIND("STD",E101),FIND("fn",C101)>0,FIND("ITM_",P101),I101="CAT_FNCT"),E101,""),"""","") -> #VALUE!
A102: =IF(B102=INT(B102),ROW(),"") -> 102 | B102: =IF(AND(MID(C102,2,1)<>"/",MID(C102,1,1)="/"),INT(B101)+1,B101+0.01) -> 97 | C102: / { fnChangeSign | D102: ITM_CHS/*#JM#*/ | E102: "CHS" | F102: "CHS" | G102: 0 | H102: 0 | I102: CAT_FNCT | J102: SLS_ENABLED | K102: US_ENABLED | L102: EIM_DISABLED | M102: PTP_NONE | O102: //JM Change +/- to CHS | P102: ITM_CHS | S102: =IF(E102=F102,"","NOT EQUAL") | T102: =IF(ISNA(VLOOKUP(P102,'NEW XEQM.c'!D:D,1,0)),"--",VLOOKUP(P102,'NEW XEQM.c'!D:G,3,0)) -> CHS | U102: Math | W102: =SUBSTITUTE(IF(AND(T102="--",FIND("STD",E102),FIND("fn",C102)>0,FIND("ITM_",P102),I102="CAT_FNCT"),E102,""),"""","") -> #VALUE!
A103: =IF(B103=INT(B103),ROW(),"") -> 103 | B103: =IF(AND(MID(C103,2,1)<>"/",MID(C103,1,1)="/"),INT(B102)+1,B102+0.01) -> 98 | C103: / { fnMultiply | D103: ITM_MULT | E103: STD_CROSS | F103: STD_CROSS | G103: 0 | H103: 0 | I103: CAT_FNCT | J103: SLS_ENABLED | K103: US_ENABLED | L103: EIM_DISABLED | M103: PTP_NONE | P103: ITM_MULT | S103: =IF(E103=F103,"","NOT EQUAL") | T103: =IF(ISNA(VLOOKUP(P103,'NEW XEQM.c'!D:D,1,0)),"--",VLOOKUP(P103,'NEW XEQM.c'!D:G,3,0)) -> * | U103: Math | W103: =SUBSTITUTE(IF(AND(T103="--",FIND("STD",E103),FIND("fn",C103)>0,FIND("ITM_",P103),I103="CAT_FNCT"),E103,""),"""","")
A104: =IF(B104=INT(B104),ROW(),"") -> 104 | B104: =IF(AND(MID(C104,2,1)<>"/",MID(C104,1,1)="/"),INT(B103)+1,B103+0.01) -> 99 | C104: / { fnDivide | D104: ITM_DIV/*#JM#*/ | E104: STD_DIVIDE | F104: STD_DIVIDE | G104: 0 | H104: 0 | I104: CAT_FNCT | J104: SLS_ENABLED | K104: US_ENABLED | L104: EIM_DISABLED | M104: PTP_NONE | P104: ITM_DIV | S104: =IF(E104=F104,"","NOT EQUAL") | T104: =IF(ISNA(VLOOKUP(P104,'NEW XEQM.c'!D:D,1,0)),"--",VLOOKUP(P104,'NEW XEQM.c'!D:G,3,0)) -> / | U104: Math | W104: =SUBSTITUTE(IF(AND(T104="--",FIND("STD",E104),FIND("fn",C104)>0,FIND("ITM_",P104),I104="CAT_FNCT"),E104,""),"""","")
A105: =IF(B105=INT(B105),ROW(),"") -> 105 | B105: =IF(AND(MID(C105,2,1)<>"/",MID(C105,1,1)="/"),INT(B104)+1,B104+0.01) -> 100 | C105: / { fnIDiv | D105: NOPARAM | E105: "IDIV" | F105: "IDIV" | G105: 0 | H105: 0 | I105: CAT_FNCT | J105: SLS_ENABLED | K105: US_ENABLED | L105: EIM_ENABLED | M105: PTP_NONE | P105: ITM_IDIV | S105: =IF(E105=F105,"","NOT EQUAL") | T105: =IF(ISNA(VLOOKUP(P105,'NEW XEQM.c'!D:D,1,0)),"--",VLOOKUP(P105,'NEW XEQM.c'!D:G,3,0)) -> IDIV | U105: Math | W105: =SUBSTITUTE(IF(AND(T105="--",FIND("STD",E105),FIND("fn",C105)>0,FIND("ITM_",P105),I105="CAT_FNCT"),E105,""),"""","") -> #VALUE!
A106: =IF(B106=INT(B106),ROW(),"") -> 106 | B106: =IF(AND(MID(C106,2,1)<>"/",MID(C106,1,1)="/"),INT(B105)+1,B105+0.01) -> 101 | C106: / { fnView | D106: TM_M_DIM | E106: "VIEW" | F106: "VIEW" | G106: 0 | H106: 99 | I106: CAT_FNCT | J106: SLS_UNCHANGED | K106: US_UNCHANGED | L106: EIM_DISABLED | M106: PTP_REGISTER | P106: ITM_VIEW | S106: =IF(E106=F106,"","NOT EQUAL") | T106: =IF(ISNA(VLOOKUP(P106,'NEW XEQM.c'!D:D,1,0)),"--",VLOOKUP(P106,'NEW XEQM.c'!D:G,3,0)) -> VIEW | W106: =SUBSTITUTE(IF(AND(T106="--",FIND("STD",E106),FIND("fn",C106)>0,FIND("ITM_",P106),I106="CAT_FNCT"),E106,""),"""","") -> #VALUE!
A107: =IF(B107=INT(B107),ROW(),"") -> 107 | B107: =IF(AND(MID(C107,2,1)<>"/",MID(C107,1,1)="/"),INT(B106)+1,B106+0.01) -> 102 | C107: / { fnMod | D107: NOPARAM | E107: "MOD" | F107: "MOD" | G107: 0 | H107: 0 | I107: CAT_FNCT | J107: SLS_ENABLED | K107: US_ENABLED | L107: EIM_ENABLED | M107: PTP_NONE | P107: ITM_MOD | S107: =IF(E107=F107,"","NOT EQUAL") | T107: =IF(ISNA(VLOOKUP(P107,'NEW XEQM.c'!D:D,1,0)),"--",VLOOKUP(P107,'NEW XEQM.c'!D:G,3,0)) -> MOD | U107: Math | W107: =SUBSTITUTE(IF(AND(T107="--",FIND("STD",E107),FIND("fn",C107)>0,FIND("ITM_",P107),I107="CAT_FNCT"),E107,""),"""","") -> #VALUE!
A108: =IF(B108=INT(B108),ROW(),"") -> 108 | B108: =IF(AND(MID(C108,2,1)<>"/",MID(C108,1,1)="/"),INT(B107)+1,B107+0.01) -> 103 | C108: / { fnMax | D108: NOPARAM | E108: "max" | F108: "max" | G108: 0 | H108: 0 | I108: CAT_FNCT | J108: SLS_ENABLED | K108: US_ENABLED | L108: EIM_ENABLED | M108: PTP_NONE | P108: ITM_MAX | S108: =IF(E108=F108,"","NOT EQUAL") | T108: =IF(ISNA(VLOOKUP(P108,'NEW XEQM.c'!D:D,1,0)),"--",VLOOKUP(P108,'NEW XEQM.c'!D:G,3,0)) -> MAX | U108: Math | W108: =SUBSTITUTE(IF(AND(T108="--",FIND("STD",E108),FIND("fn",C108)>0,FIND("ITM_",P108),I108="CAT_FNCT"),E108,""),"""","") -> #VALUE!
A109: =IF(B109=INT(B109),ROW(),"") -> 109 | B109: =IF(AND(MID(C109,2,1)<>"/",MID(C109,1,1)="/"),INT(B108)+1,B108+0.01) -> 104 | C109: / { fnMin | D109: NOPARAM | E109: "min" | F109: "min" | G109: 0 | H109: 0 | I109: CAT_FNCT | J109: SLS_ENABLED | K109: US_ENABLED | L109: EIM_ENABLED | M109: PTP_NONE | P109: ITM_MIN | S109: =IF(E109=F109,"","NOT EQUAL") | T109: =IF(ISNA(VLOOKUP(P109,'NEW XEQM.c'!D:D,1,0)),"--",VLOOKUP(P109,'NEW XEQM.c'!D:G,3,0)) -> MIN | U109: Math | W109: =SUBSTITUTE(IF(AND(T109="--",FIND("STD",E109),FIND("fn",C109)>0,FIND("ITM_",P109),I109="CAT_FNCT"),E109,""),"""","") -> #VALUE!
A110: =IF(B110=INT(B110),ROW(),"") -> 110 | B110: =IF(AND(MID(C110,2,1)<>"/",MID(C110,1,1)="/"),INT(B109)+1,B109+0.01) -> 105 | C110: / { fnMagnitude | D110: NOPARAM | E110: "|x|" | F110: "|x|" | G110: 0 | H110: 0 | I110: CAT_FNCT | J110: SLS_ENABLED | K110: US_ENABLED | L110: EIM_ENABLED | M110: PTP_NONE | N110: Dup | P110: ITM_MAGNITUDE | S110: =IF(E110=F110,"","NOT EQUAL") | T110: =IF(ISNA(VLOOKUP(P110,'NEW XEQM.c'!D:D,1,0)),"--",VLOOKUP(P110,'NEW XEQM.c'!D:G,3,0)) -> MAGN | U110: Math | W110: =SUBSTITUTE(IF(AND(T110="--",FIND("STD",E110),FIND("fn",C110)>0,FIND("ITM_",P110),I110="CAT_FNCT"),E110,""),"""","") -> #VALUE!
A111: =IF(B111=INT(B111),ROW(),"") -> 111 | B111: =IF(AND(MID(C111,2,1)<>"/",MID(C111,1,1)="/"),INT(B110)+1,B110+0.01) -> 106 | C111: / { fnNeighb | D111: NOPARAM | E111: "NEIGHB" | F111: "NEIGHB" | G111: 0 | H111: 0 | I111: CAT_FNCT | J111: SLS_ENABLED | K111: US_ENABLED | L111: EIM_DISABLED | M111: PTP_NONE | P111: ITM_NEIGHB | S111: =IF(E111=F111,"","NOT EQUAL") | T111: =IF(ISNA(VLOOKUP(P111,'NEW XEQM.c'!D:D,1,0)),"--",VLOOKUP(P111,'NEW XEQM.c'!D:G,3,0)) -> -- | U111: INFO | W111: =SUBSTITUTE(IF(AND(T111="--",FIND("STD",E111),FIND("fn",C111)>0,FIND("ITM_",P111),I111="CAT_FNCT"),E111,""),"""","") -> #VALUE!
A112: =IF(B112=INT(B112),ROW(),"") -> 112 | B112: =IF(AND(MID(C112,2,1)<>"/",MID(C112,1,1)="/"),INT(B111)+1,B111+0.01) -> 107 | C112: / { fnNextPrime | D112: NOPARAM | E112: "NEXTP" | F112: "NEXTP" | G112: 0 | H112: 0 | I112: CAT_FNCT | J112: SLS_ENABLED | K112: US_ENABLED | L112: EIM_DISABLED | M112: PTP_NONE | P112: ITM_NEXTP | S112: =IF(E112=F112,"","NOT EQUAL") | T112: =IF(ISNA(VLOOKUP(P112,'NEW XEQM.c'!D:D,1,0)),"--",VLOOKUP(P112,'NEW XEQM.c'!D:G,3,0)) -> NEXTP | U112: Math | W112: =SUBSTITUTE(IF(AND(T112="--",FIND("STD",E112),FIND("fn",C112)>0,FIND("ITM_",P112),I112="CAT_FNCT"),E112,""),"""","") -> #VALUE!
A113: =IF(B113=INT(B113),ROW(),"") -> 113 | B113: =IF(AND(MID(C113,2,1)<>"/",MID(C113,1,1)="/"),INT(B112)+1,B112+0.01) -> 108 | C113: / { fnFactorial | D113: NOPARAM | E113: "x!" | F113: "x!" | G113: 0 | H113: 0 | I113: CAT_FNCT | J113: SLS_ENABLED | K113: US_ENABLED | L113: EIM_ENABLED | M113: PTP_NONE | P113: ITM_XFACT | S113: =IF(E113=F113,"","NOT EQUAL") | T113: =IF(ISNA(VLOOKUP(P113,'NEW XEQM.c'!D:D,1,0)),"--",VLOOKUP(P113,'NEW XEQM.c'!D:G,3,0)) -> X! | U113: Math | W113: =SUBSTITUTE(IF(AND(T113="--",FIND("STD",E113),FIND("fn",C113)>0,FIND("ITM_",P113),I113="CAT_FNCT"),E113,""),"""","") -> #VALUE!
...

Sheet EXPORT.C
A3: =IF(AND(OR(SOURCE!A3="",ISBLANK(SOURCE!A3)),SOURCE!B3>0),IF(ISBLANK(SOURCE!C3),"",SOURCE!C3), IF(SOURCE!B3<0,VLOOKUP(SOURCE!B3,lookups!A$1:B$25,2,0), IF(ISBLANK(SOURCE!B3), "", "/* "&TEXT(SOURCE!B3,"???0")&" *"& SOURCE!C3&", "& IF(lookups!$E$2-LEN(SOURCE!C3) >= 0, REPT(" ",lookups!$E$2-LEN(SOURCE!C3)), "")& SOURCE!D3&", "& IF(lookups!$F$2-LEN(SOURCE!D3) >= 0, REPT(" ",lookups!$F$2-LEN(SOURCE!D3)), "")& SOURCE!E3&", "& IF(lookups!$G$2-LEN(SOURCE!E3) >=0, REPT(" ",lookups!$G$2-LEN(SOURCE!E3)), "")& SOURCE!F3&", "& IF(lookups!$H$2-LEN(SOURCE!F3) >= 0, REPT(" ",lookups!$H$2-LEN(SOURCE!F3)+2), "")&"("& SUBSTITUTE(TEXT(SOURCE!G3,"??0")," ","")&" << TAM_MAX_BITS) |"& IF(lookups!$I$2-3 >= 0, REPT(" ",MAX(1,lookups!$I$2-5+4+1-1-LEN( IF(ISTEXT(SOURCE!H3),SOURCE!H3, SUBSTITUTE(SUBSTITUTE(TEXT(SOURCE!H3,"????0")," ","")," ","")) ))), "")& IF(ISTEXT(SOURCE!H3),SOURCE!H3, SUBSTITUTE(SUBSTITUTE(TEXT(SOURCE!H3,"????0")," ","")," ","")) &","& IF(lookups!$J$2-3 >= 0, REPT(" ",lookups!$J$2-3-5), "")& SOURCE!I3& " | "& IF(lookups!$K$2-LEN(SOURCE!I3) >= 0, REPT(" ",lookups!$K$2-LEN(SOURCE!I3)), "")& SOURCE!J3& IF(lookups!$L$2-LEN(SOURCE!J3) >= 0, REPT(" ",lookups!$L$2-LEN(SOURCE!J3)), "")& " | "& IF(lookups!$K$2-LEN(SOURCE!I3) >= 0, REPT(" ",lookups!$K$2-LEN(SOURCE!I3)), "")& SOURCE!K3& IF(lookups!$L$2-LEN(SOURCE!K3) >= 0, REPT(" ",lookups!$M$2-LEN(SOURCE!K3)), "")& " | "& SOURCE!L3& IF(lookups!$O$2-LEN(SOURCE!L3) >= 0, REPT(" ",lookups!$O$2-LEN(SOURCE!L3)), "")& " | "& SOURCE!M3& IF(lookups!$P$2-LEN(SOURCE!M3) >= 0, REPT(" ",lookups!$P$2-LEN(SOURCE!M3)), "")& "},"&IF(SOURCE!O3<>"",""&SOURCE!O3,"") ) ) ) -> /* 0 */ { itemToBeCoded, NOPARAM, "", "0000", (0 << TAM_MAX_BITS) | 0, CAT_NONE | SLS_UNCHANGED | US_UNCHANGED | EIM_DISABLED | PTP_NONE }, // ITM_NULL
A4: =IF(AND(OR(SOURCE!A4="",ISBLANK(SOURCE!A4)),SOURCE!B4>0),IF(ISBLANK(SOURCE!C4),"",SOURCE!C4), IF(SOURCE!B4<0,VLOOKUP(SOURCE!B4,lookups!A$1:B$25,2,0), IF(ISBLANK(SOURCE!B4), "", "/* "&TEXT(SOURCE!B4,"???0")&" *"& SOURCE!C4&", "& IF(lookups!$E$2-LEN(SOURCE!C4) >= 0, REPT(" ",lookups!$E$2-LEN(SOURCE!C4)), "")& SOURCE!D4&", "& IF(lookups!$F$2-LEN(SOURCE!D4) >= 0, REPT(" ",lookups!$F$2-LEN(SOURCE!D4)), "")& SOURCE!E4&", "& IF(lookups!$G$2-LEN(SOURCE!E4) >=0, REPT(" ",lookups!$G$2-LEN(SOURCE!E4)), "")& SOURCE!F4&", "& IF(lookups!$H$2-LEN(SOURCE!F4) >= 0, REPT(" ",lookups!$H$2-LEN(SOURCE!F4)+2), "")&"("& SUBSTITUTE(TEXT(SOURCE!G4,"??0")," ","")&" << TAM_MAX_BITS) |"& IF(lookups!$I$2-3 >= 0, REPT(" ",MAX(1,lookups!$I$2-5+4+1-1-LEN( IF(ISTEXT(SOURCE!H4),SOURCE!H4, SUBSTITUTE(SUBSTITUTE(TEXT(SOURCE!H4,"????0")," ","")," ","")) ))), "")& IF(ISTEXT(SOURCE!H4),SOURCE!H4, SUBSTITUTE(SUBSTITUTE(TEXT(SOURCE!H4,"????0")," ","")," ","")) &","& IF(lookups!$J$2-3 >= 0, REPT(" ",lookups!$J$2-3-5), "")& SOURCE!I4& " | "& IF(lookups!$K$2-LEN(SOURCE!I4) >= 0, REPT(" ",lookups!$K$2-LEN(SOURCE!I4)), "")& SOURCE!J4& IF(lookups!$L$2-LEN(SOURCE!J4) >= 0, REPT(" ",lookups!$L$2-LEN(SOURCE!J4)), "")& " | "& IF(lookups!$K$2-LEN(SOURCE!I4) >= 0, REPT(" ",lookups!$K$2-LEN(SOURCE!I4)), "")& SOURCE!K4& IF(lookups!$L$2-LEN(SOURCE!K4) >= 0, REPT(" ",lookups!$M$2-LEN(SOURCE!K4)), "")& " | "& SOURCE!L4& IF(lookups!$O$2-LEN(SOURCE!L4) >= 0, REPT(" ",lookups!$O$2-LEN(SOURCE!L4)), "")& " | "& SOURCE!M4& IF(lookups!$P$2-LEN(SOURCE!M4) >= 0, REPT(" ",lookups!$P$2-LEN(SOURCE!M4)), "")& "},"&IF(SOURCE!O4<>"",""&SOURCE!O4,"") ) ) )
A5: =IF(AND(OR(SOURCE!A5="",ISBLANK(SOURCE!A5)),SOURCE!B5>0),IF(ISBLANK(SOURCE!C5),"",SOURCE!C5), IF(SOURCE!B5<0,VLOOKUP(SOURCE!B5,lookups!A$1:B$25,2,0), IF(ISBLANK(SOURCE!B5), "", "/* "&TEXT(SOURCE!B5,"???0")&" *"& SOURCE!C5&", "& IF(lookups!$E$2-LEN(SOURCE!C5) >= 0, REPT(" ",lookups!$E$2-LEN(SOURCE!C5)), "")& SOURCE!D5&", "& IF(lookups!$F$2-LEN(SOURCE!D5) >= 0, REPT(" ",lookups!$F$2-LEN(SOURCE!D5)), "")& SOURCE!E5&", "& IF(lookups!$G$2-LEN(SOURCE!E5) >=0, REPT(" ",lookups!$G$2-LEN(SOURCE!E5)), "")& SOURCE!F5&", "& IF(lookups!$H$2-LEN(SOURCE!F5) >= 0, REPT(" ",lookups!$H$2-LEN(SOURCE!F5)+2), "")&"("& SUBSTITUTE(TEXT(SOURCE!G5,"??0")," ","")&" << TAM_MAX_BITS) |"& IF(lookups!$I$2-3 >= 0, REPT(" ",MAX(1,lookups!$I$2-5+4+1-1-LEN( IF(ISTEXT(SOURCE!H5),SOURCE!H5, SUBSTITUTE(SUBSTITUTE(TEXT(SOURCE!H5,"????0")," ","")," ","")) ))), "")& IF(ISTEXT(SOURCE!H5),SOURCE!H5, SUBSTITUTE(SUBSTITUTE(TEXT(SOURCE!H5,"????0")," ","")," ","")) &","& IF(lookups!$J$2-3 >= 0, REPT(" ",lookups!$J$2-3-5), "")& SOURCE!I5& " | "& IF(lookups!$K$2-LEN(SOURCE!I5) >= 0, REPT(" ",lookups!$K$2-LEN(SOURCE!I5)), "")& SOURCE!J5& IF(lookups!$L$2-LEN(SOURCE!J5) >= 0, REPT(" ",lookups!$L$2-LEN(SOURCE!J5)), "")& " | "& IF(lookups!$K$2-LEN(SOURCE!I5) >= 0, REPT(" ",lookups!$K$2-LEN(SOURCE!I5)), "")& SOURCE!K5& IF(lookups!$L$2-LEN(SOURCE!K5) >= 0, REPT(" ",lookups!$M$2-LEN(SOURCE!K5)), "")& " | "& SOURCE!L5& IF(lookups!$O$2-LEN(SOURCE!L5) >= 0, REPT(" ",lookups!$O$2-LEN(SOURCE!L5)), "")& " | "& SOURCE!M5& IF(lookups!$P$2-LEN(SOURCE!M5) >= 0, REPT(" ",lookups!$P$2-LEN(SOURCE!M5)), "")& "},"&IF(SOURCE!O5<>"",""&SOURCE!O5,"") ) ) ) -> // Items from 1 to 127 are 1 byte OP codes
A6: =IF(AND(OR(SOURCE!A6="",ISBLANK(SOURCE!A6)),SOURCE!B6>0),IF(ISBLANK(SOURCE!C6),"",SOURCE!C6), IF(SOURCE!B6<0,VLOOKUP(SOURCE!B6,lookups!A$1:B$25,2,0), IF(ISBLANK(SOURCE!B6), "", "/* "&TEXT(SOURCE!B6,"???0")&" *"& SOURCE!C6&", "& IF(lookups!$E$2-LEN(SOURCE!C6) >= 0, REPT(" ",lookups!$E$2-LEN(SOURCE!C6)), "")& SOURCE!D6&", "& IF(lookups!$F$2-LEN(SOURCE!D6) >= 0, REPT(" ",lookups!$F$2-LEN(SOURCE!D6)), "")& SOURCE!E6&", "& IF(lookups!$G$2-LEN(SOURCE!E6) >=0, REPT(" ",lookups!$G$2-LEN(SOURCE!E6)), "")& SOURCE!F6&", "& IF(lookups!$H$2-LEN(SOURCE!F6) >= 0, REPT(" ",lookups!$H$2-LEN(SOURCE!F6)+2), "")&"("& SUBSTITUTE(TEXT(SOURCE!G6,"??0")," ","")&" << TAM_MAX_BITS) |"& IF(lookups!$I$2-3 >= 0, REPT(" ",MAX(1,lookups!$I$2-5+4+1-1-LEN( IF(ISTEXT(SOURCE!H6),SOURCE!H6, SUBSTITUTE(SUBSTITUTE(TEXT(SOURCE!H6,"????0")," ","")," ","")) ))), "")& IF(ISTEXT(SOURCE!H6),SOURCE!H6, SUBSTITUTE(SUBSTITUTE(TEXT(SOURCE!H6,"????0")," ","")," ","")) &","& IF(lookups!$J$2-3 >= 0, REPT(" ",lookups!$J$2-3-5), "")& SOURCE!I6& " | "& IF(lookups!$K$2-LEN(SOURCE!I6) >= 0, REPT(" ",lookups!$K$2-LEN(SOURCE!I6)), "")& SOURCE!J6& IF(lookups!$L$2-LEN(SOURCE!J6) >= 0, REPT(" ",lookups!$L$2-LEN(SOURCE!J6)), "")& " | "& IF(lookups!$K$2-LEN(SOURCE!I6) >= 0, REPT(" ",lookups!$K$2-LEN(SOURCE!I6)), "")& SOURCE!K6& IF(lookups!$L$2-LEN(SOURCE!K6) >= 0, REPT(" ",lookups!$M$2-LEN(SOURCE!K6)), "")& " | "& SOURCE!L6& IF(lookups!$O$2-LEN(SOURCE!L6) >= 0, REPT(" ",lookups!$O$2-LEN(SOURCE!L6)), "")& " | "& SOURCE!M6& IF(lookups!$P$2-LEN(SOURCE!M6) >= 0, REPT(" ",lookups!$P$2-LEN(SOURCE!M6)), "")& "},"&IF(SOURCE!O6<>"",""&SOURCE!O6,"") ) ) ) -> /* 1 */ { fnNop, TM_LABEL, "LBL", "LBL", (0 << TAM_MAX_BITS) | 99, CAT_FNCT | SLS_ENABLED | US_ENABLED | EIM_DISABLED | PTP_DECLARE_LABEL},
A7: =IF(AND(OR(SOURCE!A7="",ISBLANK(SOURCE!A7)),SOURCE!B7>0),IF(ISBLANK(SOURCE!C7),"",SOURCE!C7), IF(SOURCE!B7<0,VLOOKUP(SOURCE!B7,lookups!A$1:B$25,2,0), IF(ISBLANK(SOURCE!B7), "", "/* "&TEXT(SOURCE!B7,"???0")&" *"& SOURCE!C7&", "& IF(lookups!$E$2-LEN(SOURCE!C7) >= 0, REPT(" ",lookups!$E$2-LEN(SOURCE!C7)), "")& SOURCE!D7&", "& IF(lookups!$F$2-LEN(SOURCE!D7) >= 0, REPT(" ",lookups!$F$2-LEN(SOURCE!D7)), "")& SOURCE!E7&", "& IF(lookups!$G$2-LEN(SOURCE!E7) >=0, REPT(" ",lookups!$G$2-LEN(SOURCE!E7)), "")& SOURCE!F7&", "& IF(lookups!$H$2-LEN(SOURCE!F7) >= 0, REPT(" ",lookups!$H$2-LEN(SOURCE!F7)+2), "")&"("& SUBSTITUTE(TEXT(SOURCE!G7,"??0")," ","")&" << TAM_MAX_BITS) |"& IF(lookups!$I$2-3 >= 0, REPT(" ",MAX(1,lookups!$I$2-5+4+1-1-LEN( IF(ISTEXT(SOURCE!H7),SOURCE!H7, SUBSTITUTE(SUBSTITUTE(TEXT(SOURCE!H7,"????0")," ","")," ","")) ))), "")& IF(ISTEXT(SOURCE!H7),SOURCE!H7, SUBSTITUTE(SUBSTITUTE(TEXT(SOURCE!H7,"????0")," ","")," ","")) &","& IF(lookups!$J$2-3 >= 0, REPT(" ",lookups!$J$2-3-5), "")& SOURCE!I7& " | "& IF(lookups!$K$2-LEN(SOURCE!I7) >= 0, REPT(" ",lookups!$K$2-LEN(SOURCE!I7)), "")& SOURCE!J7& IF(lookups!$L$2-LEN(SOURCE!J7) >= 0, REPT(" ",lookups!$L$2-LEN(SOURCE!J7)), "")& " | "& IF(lookups!$K$2-LEN(SOURCE!I7) >= 0, REPT(" ",lookups!$K$2-LEN(SOURCE!I7)), "")& SOURCE!K7& IF(lookups!$L$2-LEN(SOURCE!K7) >= 0, REPT(" ",lookups!$M$2-LEN(SOURCE!K7)), "")& " | "& SOURCE!L7& IF(lookups!$O$2-LEN(SOURCE!L7) >= 0, REPT(" ",lookups!$O$2-LEN(SOURCE!L7)), "")& " | "& SOURCE!M7& IF(lookups!$P$2-LEN(SOURCE!M7) >= 0, REPT(" ",lookups!$P$2-LEN(SOURCE!M7)), "")& "},"&IF(SOURCE!O7<>"",""&SOURCE!O7,"") ) ) ) -> /* 2 */ { fnGoto, TM_LABEL, "GTO", "GTO", (0 << TAM_MAX_BITS) | 99, CAT_FNCT | SLS_ENABLED | US_ENABLED | EIM_DISABLED | PTP_LABEL },
A8: =IF(AND(OR(SOURCE!A8="",ISBLANK(SOURCE!A8)),SOURCE!B8>0),IF(ISBLANK(SOURCE!C8),"",SOURCE!C8), IF(SOURCE!B8<0,VLOOKUP(SOURCE!B8,lookups!A$1:B$25,2,0), IF(ISBLANK(SOURCE!B8), "", "/* "&TEXT(SOURCE!B8,"???0")&" *"& SOURCE!C8&", "& IF(lookups!$E$2-LEN(SOURCE!C8) >= 0, REPT(" ",lookups!$E$2-LEN(SOURCE!C8)), "")& SOURCE!D8&", "& IF(lookups!$F$2-LEN(SOURCE!D8) >= 0, REPT(" ",lookups!$F$2-LEN(SOURCE!D8)), "")& SOURCE!E8&", "& IF(lookups!$G$2-LEN(SOURCE!E8) >=0, REPT(" ",lookups!$G$2-LEN(SOURCE!E8)), "")& SOURCE!F8&", "& IF(lookups!$H$2-LEN(SOURCE!F8) >= 0, REPT(" ",lookups!$H$2-LEN(SOURCE!F8)+2), "")&"("& SUBSTITUTE(TEXT(SOURCE!G8,"??0")," ","")&" << TAM_MAX_BITS) |"& IF(lookups!$I$2-3 >= 0, REPT(" ",MAX(1,lookups!$I$2-5+4+1-1-LEN( IF(ISTEXT(SOURCE!H8),SOURCE!H8, SUBSTITUTE(SUBSTITUTE(TEXT(SOURCE!H8,"????0")," ","")," ","")) ))), "")& IF(ISTEXT(SOURCE!H8),SOURCE!H8, SUBSTITUTE(SUBSTITUTE(TEXT(SOURCE!H8,"????0")," ","")," ","")) &","& IF(lookups!$J$2-3 >= 0, REPT(" ",lookups!$J$2-3-5), "")& SOURCE!I8& " | "& IF(lookups!$K$2-LEN(SOURCE!I8) >= 0, REPT(" ",lookups!$K$2-LEN(SOURCE!I8)), "")& SOURCE!J8& IF(lookups!$L$2-LEN(SOURCE!J8) >= 0, REPT(" ",lookups!$L$2-LEN(SOURCE!J8)), "")& " | "& IF(lookups!$K$2-LEN(SOURCE!I8) >= 0, REPT(" ",lookups!$K$2-LEN(SOURCE!I8)), "")& SOURCE!K8& IF(lookups!$L$2-LEN(SOURCE!K8) >= 0, REPT(" ",lookups!$M$2-LEN(SOURCE!K8)), "")& " | "& SOURCE!L8& IF(lookups!$O$2-LEN(SOURCE!L8) >= 0, REPT(" ",lookups!$O$2-LEN(SOURCE!L8)), "")& " | "& SOURCE!M8& IF(lookups!$P$2-LEN(SOURCE!M8) >= 0, REPT(" ",lookups!$P$2-LEN(SOURCE!M8)), "")& "},"&IF(SOURCE!O8<>"",""&SOURCE!O8,"") ) ) ) -> /* 3 */ { fnExecute, TM_LABEL, "XEQ", "XEQ", (0 << TAM_MAX_BITS) | 99, CAT_FNCT | SLS_ENABLED | US_ENABLED | EIM_DISABLED | PTP_LABEL },
A9: =IF(AND(OR(SOURCE!A9="",ISBLANK(SOURCE!A9)),SOURCE!B9>0),IF(ISBLANK(SOURCE!C9),"",SOURCE!C9), IF(SOURCE!B9<0,VLOOKUP(SOURCE!B9,lookups!A$1:B$25,2,0), IF(ISBLANK(SOURCE!B9), "", "/* "&TEXT(SOURCE!B9,"???0")&" *"& SOURCE!C9&", "& IF(lookups!$E$2-LEN(SOURCE!C9) >= 0, REPT(" ",lookups!$E$2-LEN(SOURCE!C9)), "")& SOURCE!D9&", "& IF(lookups!$F$2-LEN(SOURCE!D9) >= 0, REPT(" ",lookups!$F$2-LEN(SOURCE!D9)), "")& SOURCE!E9&", "& IF(lookups!$G$2-LEN(SOURCE!E9) >=0, REPT(" ",lookups!$G$2-LEN(SOURCE!E9)), "")& SOURCE!F9&", "& IF(lookups!$H$2-LEN(SOURCE!F9) >= 0, REPT(" ",lookups!$H$2-LEN(SOURCE!F9)+2), "")&"("& SUBSTITUTE(TEXT(SOURCE!G9,"??0")," ","")&" << TAM_MAX_BITS) |"& IF(lookups!$I$2-3 >= 0, REPT(" ",MAX(1,lookups!$I$2-5+4+1-1-LEN( IF(ISTEXT(SOURCE!H9),SOURCE!H9, SUBSTITUTE(SUBSTITUTE(TEXT(SOURCE!H9,"????0")," ","")," ","")) ))), "")& IF(ISTEXT(SOURCE!H9),SOURCE!H9, SUBSTITUTE(SUBSTITUTE(TEXT(SOURCE!H9,"????0")," ","")," ","")) &","& IF(lookups!$J$2-3 >= 0, REPT(" ",lookups!$J$2-3-5), "")& SOURCE!I9& " | "& IF(lookups!$K$2-LEN(SOURCE!I9) >= 0, REPT(" ",lookups!$K$2-LEN(SOURCE!I9)), "")& SOURCE!J9& IF(lookups!$L$2-LEN(SOURCE!J9) >= 0, REPT(" ",lookups!$L$2-LEN(SOURCE!J9)), "")& " | "& IF(lookups!$K$2-LEN(SOURCE!I9) >= 0, REPT(" ",lookups!$K$2-LEN(SOURCE!I9)), "")& SOURCE!K9& IF(lookups!$L$2-LEN(SOURCE!K9) >= 0, REPT(" ",lookups!$M$2-LEN(SOURCE!K9)), "")& " | "& SOURCE!L9& IF(lookups!$O$2-LEN(SOURCE!L9) >= 0, REPT(" ",lookups!$O$2-LEN(SOURCE!L9)), "")& " | "& SOURCE!M9& IF(lookups!$P$2-LEN(SOURCE!M9) >= 0, REPT(" ",lookups!$P$2-LEN(SOURCE!M9)), "")& "},"&IF(SOURCE!O9<>"",""&SOURCE!O9,"") ) ) ) -> /* 4 */ { fnReturn, 0, "RTN", "RTN", (0 << TAM_MAX_BITS) | 0, CAT_FNCT | SLS_UNCHANGED | US_UNCHANGED | EIM_DISABLED | PTP_NONE },
A10: =IF(AND(OR(SOURCE!A10="",ISBLANK(SOURCE!A10)),SOURCE!B10>0),IF(ISBLANK(SOURCE!C10),"",SOURCE!C10), IF(SOURCE!B10<0,VLOOKUP(SOURCE!B10,lookups!A$1:B$25,2,0), IF(ISBLANK(SOURCE!B10), "", "/* "&TEXT(SOURCE!B10,"???0")&" *"& SOURCE!C10&", "& IF(lookups!$E$2-LEN(SOURCE!C10) >= 0, REPT(" ",lookups!$E$2-LEN(SOURCE!C10)), "")& SOURCE!D10&", "& IF(lookups!$F$2-LEN(SOURCE!D10) >= 0, REPT(" ",lookups!$F$2-LEN(SOURCE!D10)), "")& SOURCE!E10&", "& IF(lookups!$G$2-LEN(SOURCE!E10) >=0, REPT(" ",lookups!$G$2-LEN(SOURCE!E10)), "")& SOURCE!F10&", "& IF(lookups!$H$2-LEN(SOURCE!F10) >= 0, REPT(" ",lookups!$H$2-LEN(SOURCE!F10)+2), "")&"("& SUBSTITUTE(TEXT(SOURCE!G10,"??0")," ","")&" << TAM_MAX_BITS) |"& IF(lookups!$I$2-3 >= 0, REPT(" ",MAX(1,lookups!$I$2-5+4+1-1-LEN( IF(ISTEXT(SOURCE!H10),SOURCE!H10, SUBSTITUTE(SUBSTITUTE(TEXT(SOURCE!H10,"????0")," ","")," ","")) ))), "")& IF(ISTEXT(SOURCE!H10),SOURCE!H10, SUBSTITUTE(SUBSTITUTE(TEXT(SOURCE!H10,"????0")," ","")," ","")) &","& IF(lookups!$J$2-3 >= 0, REPT(" ",lookups!$J$2-3-5), "")& SOURCE!I10& " | "& IF(lookups!$K$2-LEN(SOURCE!I10) >= 0, REPT(" ",lookups!$K$2-LEN(SOURCE!I10)), "")& SOURCE!J10& IF(lookups!$L$2-LEN(SOURCE!J10) >= 0, REPT(" ",lookups!$L$2-LEN(SOURCE!J10)), "")& " | "& IF(lookups!$K$2-LEN(SOURCE!I10) >= 0, REPT(" ",lookups!$K$2-LEN(SOURCE!I10)), "")& SOURCE!K10& IF(lookups!$L$2-LEN(SOURCE!K10) >= 0, REPT(" ",lookups!$M$2-LEN(SOURCE!K10)), "")& " | "& SOURCE!L10& IF(lookups!$O$2-LEN(SOURCE!L10) >= 0, REPT(" ",lookups!$O$2-LEN(SOURCE!L10)), "")& " | "& SOURCE!M10& IF(lookups!$P$2-LEN(SOURCE!M10) >= 0, REPT(" ",lookups!$P$2-LEN(SOURCE!M10)), "")& "},"&IF(SOURCE!O10<>"",""&SOURCE!O10,"") ) ) ) -> /* 5 */ { fnIse, TM_REGISTER, "ISE", "ISE", (0 << TAM_MAX_BITS) | 99, CAT_FNCT | SLS_ENABLED | US_ENABLED | EIM_DISABLED | PTP_REGISTER },
A11: =IF(AND(OR(SOURCE!A11="",ISBLANK(SOURCE!A11)),SOURCE!B11>0),IF(ISBLANK(SOURCE!C11),"",SOURCE!C11), IF(SOURCE!B11<0,VLOOKUP(SOURCE!B11,lookups!A$1:B$25,2,0), IF(ISBLANK(SOURCE!B11), "", "/* "&TEXT(SOURCE!B11,"???0")&" *"& SOURCE!C11&", "& IF(lookups!$E$2-LEN(SOURCE!C11) >= 0, REPT(" ",lookups!$E$2-LEN(SOURCE!C11)), "")& SOURCE!D11&", "& IF(lookups!$F$2-LEN(SOURCE!D11) >= 0, REPT(" ",lookups!$F$2-LEN(SOURCE!D11)), "")& SOURCE!E11&", "& IF(lookups!$G$2-LEN(SOURCE!E11) >=0, REPT(" ",lookups!$G$2-LEN(SOURCE!E11)), "")& SOURCE!F11&", "& IF(lookups!$H$2-LEN(SOURCE!F11) >= 0, REPT(" ",lookups!$H$2-LEN(SOURCE!F11)+2), "")&"("& SUBSTITUTE(TEXT(SOURCE!G11,"??0")," ","")&" << TAM_MAX_BITS) |"& IF(lookups!$I$2-3 >= 0, REPT(" ",MAX(1,lookups!$I$2-5+4+1-1-LEN( IF(ISTEXT(SOURCE!H11),SOURCE!H11, SUBSTITUTE(SUBSTITUTE(TEXT(SOURCE!H11,"????0")," ","")," ","")) ))), "")& IF(ISTEXT(SOURCE!H11),SOURCE!H11, SUBSTITUTE(SUBSTITUTE(TEXT(SOURCE!H11,"????0")," ","")," ","")) &","& IF(lookups!$J$2-3 >= 0, REPT(" ",lookups!$J$2-3-5), "")& SOURCE!I11& " | "& IF(lookups!$K$2-LEN(SOURCE!I11) >= 0, REPT(" ",lookups!$K$2-LEN(SOURCE!I11)), "")& SOURCE!J11& IF(lookups!$L$2-LEN(SOURCE!J11) >= 0, REPT(" ",lookups!$L$2-LEN(SOURCE!J11)), "")& " | "& IF(lookups!$K$2-LEN(SOURCE!I11) >= 0, REPT(" ",lookups!$K$2-LEN(SOURCE!I11)), "")& SOURCE!K11& IF(lookups!$L$2-LEN(SOURCE!K11) >= 0, REPT(" ",lookups!$M$2-LEN(SOURCE!K11)), "")& " | "& SOURCE!L11& IF(lookups!$O$2-LEN(SOURCE!L11) >= 0, REPT(" ",lookups!$O$2-LEN(SOURCE!L11)), "")& " | "& SOURCE!M11& IF(lookups!$P$2-LEN(SOURCE!M11) >= 0, REPT(" ",lookups!$P$2-LEN(SOURCE!M11)), "")& "},"&IF(SOURCE!O11<>"",""&SOURCE!O11,"") ) ) ) -> /* 6 */ { fnIsg, TM_REGISTER, "ISG", "ISG", (0 << TAM_MAX_BITS) | 99, CAT_FNCT | SLS_ENABLED | US_ENABLED | EIM_DISABLED | PTP_REGISTER },
A12: =IF(AND(OR(SOURCE!A12="",ISBLANK(SOURCE!A12)),SOURCE!B12>0),IF(ISBLANK(SOURCE!C12),"",SOURCE!C12), IF(SOURCE!B12<0,VLOOKUP(SOURCE!B12,lookups!A$1:B$25,2,0), IF(ISBLANK(SOURCE!B12), "", "/* "&TEXT(SOURCE!B12,"???0")&" *"& SOURCE!C12&", "& IF(lookups!$E$2-LEN(SOURCE!C12) >= 0, REPT(" ",lookups!$E$2-LEN(SOURCE!C12)), "")& SOURCE!D12&", "& IF(lookups!$F$2-LEN(SOURCE!D12) >= 0, REPT(" ",lookups!$F$2-LEN(SOURCE!D12)), "")& SOURCE!E12&", "& IF(lookups!$G$2-LEN(SOURCE!E12) >=0, REPT(" ",lookups!$G$2-LEN(SOURCE!E12)), "")& SOURCE!F12&", "& IF(lookups!$H$2-LEN(SOURCE!F12) >= 0, REPT(" ",lookups!$H$2-LEN(SOURCE!F12)+2), "")&"("& SUBSTITUTE(TEXT(SOURCE!G12,"??0")," ","")&" << TAM_MAX_BITS) |"& IF(lookups!$I$2-3 >= 0, REPT(" ",MAX(1,lookups!$I$2-5+4+1-1-LEN( IF(ISTEXT(SOURCE!H12),SOURCE!H12, SUBSTITUTE(SUBSTITUTE(TEXT(SOURCE!H12,"????0")," ","")," ","")) ))), "")& IF(ISTEXT(SOURCE!H12),SOURCE!H12, SUBSTITUTE(SUBSTITUTE(TEXT(SOURCE!H12,"????0")," ","")," ","")) &","& IF(lookups!$J$2-3 >= 0, REPT(" ",lookups!$J$2-3-5), "")& SOURCE!I12& " | "& IF(lookups!$K$2-LEN(SOURCE!I12) >= 0, REPT(" ",lookups!$K$2-LEN(SOURCE!I12)), "")& SOURCE!J12& IF(lookups!$L$2-LEN(SOURCE!J12) >= 0, REPT(" ",lookups!$L$2-LEN(SOURCE!J12)), "")& " | "& IF(lookups!$K$2-LEN(SOURCE!I12) >= 0, REPT(" ",lookups!$K$2-LEN(SOURCE!I12)), "")& SOURCE!K12& IF(lookups!$L$2-LEN(SOURCE!K12) >= 0, REPT(" ",lookups!$M$2-LEN(SOURCE!K12)), "")& " | "& SOURCE!L12& IF(lookups!$O$2-LEN(SOURCE!L12) >= 0, REPT(" ",lookups!$O$2-LEN(SOURCE!L12)), "")& " | "& SOURCE!M12& IF(lookups!$P$2-LEN(SOURCE!M12) >= 0, REPT(" ",lookups!$P$2-LEN(SOURCE!M12)), "")& "},"&IF(SOURCE!O12<>"",""&SOURCE!O12,"") ) ) ) -> /* 7 */ { fnIsz, TM_REGISTER, "ISZ", "ISZ", (0 << TAM_MAX_BITS) | 99, CAT_FNCT | SLS_ENABLED | US_ENABLED | EIM_DISABLED | PTP_REGISTER },
A13: =IF(AND(OR(SOURCE!A13="",ISBLANK(SOURCE!A13)),SOURCE!B13>0),IF(ISBLANK(SOURCE!C13),"",SOURCE!C13), IF(SOURCE!B13<0,VLOOKUP(SOURCE!B13,lookups!A$1:B$25,2,0), IF(ISBLANK(SOURCE!B13), "", "/* "&TEXT(SOURCE!B13,"???0")&" *"& SOURCE!C13&", "& IF(lookups!$E$2-LEN(SOURCE!C13) >= 0, REPT(" ",lookups!$E$2-LEN(SOURCE!C13)), "")& SOURCE!D13&", "& IF(lookups!$F$2-LEN(SOURCE!D13) >= 0, REPT(" ",lookups!$F$2-LEN(SOURCE!D13)), "")& SOURCE!E13&", "& IF(lookups!$G$2-LEN(SOURCE!E13) >=0, REPT(" ",lookups!$G$2-LEN(SOURCE!E13)), "")& SOURCE!F13&", "& IF(lookups!$H$2-LEN(SOURCE!F13) >= 0, REPT(" ",lookups!$H$2-LEN(SOURCE!F13)+2), "")&"("& SUBSTITUTE(TEXT(SOURCE!G13,"??0")," ","")&" << TAM_MAX_BITS) |"& IF(lookups!$I$2-3 >= 0, REPT(" ",MAX(1,lookups!$I$2-5+4+1-1-LEN( IF(ISTEXT(SOURCE!H13),SOURCE!H13, SUBSTITUTE(SUBSTITUTE(TEXT(SOURCE!H13,"????0")," ","")," ","")) ))), "")& IF(ISTEXT(SOURCE!H13),SOURCE!H13, SUBSTITUTE(SUBSTITUTE(TEXT(SOURCE!H13,"????0")," ","")," ","")) &","& IF(lookups!$J$2-3 >= 0, REPT(" ",lookups!$J$2-3-5), "")& SOURCE!I13& " | "& IF(lookups!$K$2-LEN(SOURCE!I13) >= 0, REPT(" ",lookups!$K$2-LEN(SOURCE!I13)), "")& SOURCE!J13& IF(lookups!$L$2-LEN(SOURCE!J13) >= 0, REPT(" ",lookups!$L$2-LEN(SOURCE!J13)), "")& " | "& IF(lookups!$K$2-LEN(SOURCE!I13) >= 0, REPT(" ",lookups!$K$2-LEN(SOURCE!I13)), "")& SOURCE!K13& IF(lookups!$L$2-LEN(SOURCE!K13) >= 0, REPT(" ",lookups!$M$2-LEN(SOURCE!K13)), "")& " | "& SOURCE!L13& IF(lookups!$O$2-LEN(SOURCE!L13) >= 0, REPT(" ",lookups!$O$2-LEN(SOURCE!L13)), "")& " | "& SOURCE!M13& IF(lookups!$P$2-LEN(SOURCE!M13) >= 0, REPT(" ",lookups!$P$2-LEN(SOURCE!M13)), "")& "},"&IF(SOURCE!O13<>"",""&SOURCE!O13,"") ) ) ) -> /* 8 */ { fnDse, TM_REGISTER, "DSE", "DSE", (0 << TAM_MAX_BITS) | 99, CAT_FNCT | SLS_ENABLED | US_ENABLED | EIM_DISABLED | PTP_REGISTER },
A14: =IF(AND(OR(SOURCE!A14="",ISBLANK(SOURCE!A14)),SOURCE!B14>0),IF(ISBLANK(SOURCE!C14),"",SOURCE!C14), IF(SOURCE!B14<0,VLOOKUP(SOURCE!B14,lookups!A$1:B$25,2,0), IF(ISBLANK(SOURCE!B14), "", "/* "&TEXT(SOURCE!B14,"???0")&" *"& SOURCE!C14&", "& IF(lookups!$E$2-LEN(SOURCE!C14) >= 0, REPT(" ",lookups!$E$2-LEN(SOURCE!C14)), "")& SOURCE!D14&", "& IF(lookups!$F$2-LEN(SOURCE!D14) >= 0, REPT(" ",lookups!$F$2-LEN(SOURCE!D14)), "")& SOURCE!E14&", "& IF(lookups!$G$2-LEN(SOURCE!E14) >=0, REPT(" ",lookups!$G$2-LEN(SOURCE!E14)), "")& SOURCE!F14&", "& IF(lookups!$H$2-LEN(SOURCE!F14) >= 0, REPT(" ",lookups!$H$2-LEN(SOURCE!F14)+2), "")&"("& SUBSTITUTE(TEXT(SOURCE!G14,"??0")," ","")&" << TAM_MAX_BITS) |"& IF(lookups!$I$2-3 >= 0, REPT(" ",MAX(1,lookups!$I$2-5+4+1-1-LEN( IF(ISTEXT(SOURCE!H14),SOURCE!H14, SUBSTITUTE(SUBSTITUTE(TEXT(SOURCE!H14,"????0")," ","")," ","")) ))), "")& IF(ISTEXT(SOURCE!H14),SOURCE!H14, SUBSTITUTE(SUBSTITUTE(TEXT(SOURCE!H14,"????0")," ","")," ","")) &","& IF(lookups!$J$2-3 >= 0, REPT(" ",lookups!$J$2-3-5), "")& SOURCE!I14& " | "& IF(lookups!$K$2-LEN(SOURCE!I14) >= 0, REPT(" ",lookups!$K$2-LEN(SOURCE!I14)), "")& SOURCE!J14& IF(lookups!$L$2-LEN(SOURCE!J14) >= 0, REPT(" ",lookups!$L$2-LEN(SOURCE!J14)), "")& " | "& IF(lookups!$K$2-LEN(SOURCE!I14) >= 0, REPT(" ",lookups!$K$2-LEN(SOURCE!I14)), "")& SOURCE!K14& IF(lookups!$L$2-LEN(SOURCE!K14) >= 0, REPT(" ",lookups!$M$2-LEN(SOURCE!K14)), "")& " | "& SOURCE!L14& IF(lookups!$O$2-LEN(SOURCE!L14) >= 0, REPT(" ",lookups!$O$2-LEN(SOURCE!L14)), "")& " | "& SOURCE!M14& IF(lookups!$P$2-LEN(SOURCE!M14) >= 0, REPT(" ",lookups!$P$2-LEN(SOURCE!M14)), "")& "},"&IF(SOURCE!O14<>"",""&SOURCE!O14,"") ) ) ) -> /* 9 */ { fnDsl, TM_REGISTER, "DSL", "DSL", (0 << TAM_MAX_BITS) | 99, CAT_FNCT | SLS_ENABLED | US_ENABLED | EIM_DISABLED | PTP_REGISTER },
... A2275: =IF(AND(OR(SOURCE!A2275="",ISBLANK(SOURCE!A2275)),SOURCE!B2275>0),IF(ISBLANK(SOURCE!C2275),"",SOURCE!C2275), IF(SOURCE!B2275<0,VLOOKUP(SOURCE!B2275,lookups!A$1:B$25,2,0), IF(ISBLANK(SOURCE!B2275), "", "/* "&TEXT(SOURCE!B2275,"???0")&" *"& SOURCE!C2275&", "& IF(lookups!$E$2-LEN(SOURCE!C2275) >= 0, REPT(" ",lookups!$E$2-LEN(SOURCE!C2275)), "")& SOURCE!D2275&", "& IF(lookups!$F$2-LEN(SOURCE!D2275) >= 0, REPT(" ",lookups!$F$2-LEN(SOURCE!D2275)), "")& SOURCE!E2275&", "& IF(lookups!$G$2-LEN(SOURCE!E2275) >=0, REPT(" ",lookups!$G$2-LEN(SOURCE!E2275)), "")& SOURCE!F2275&", "& IF(lookups!$H$2-LEN(SOURCE!F2275) >= 0, REPT(" ",lookups!$H$2-LEN(SOURCE!F2275)+2), "")&"("& SUBSTITUTE(TEXT(SOURCE!G2275,"??0")," ","")&" << TAM_MAX_BITS) |"& IF(lookups!$I$2-3 >= 0, REPT(" ",MAX(1,lookups!$I$2-5+4+1-1-LEN( IF(ISTEXT(SOURCE!H2275),SOURCE!H2275, SUBSTITUTE(SUBSTITUTE(TEXT(SOURCE!H2275,"????0")," ","")," ","")) ))), "")& IF(ISTEXT(SOURCE!H2275),SOURCE!H2275, SUBSTITUTE(SUBSTITUTE(TEXT(SOURCE!H2275,"????0")," ","")," ","")) &","& IF(lookups!$J$2-3 >= 0, REPT(" ",lookups!$J$2-3-5), "")& SOURCE!I2275& " | "& IF(lookups!$K$2-LEN(SOURCE!I2275) >= 0, REPT(" ",lookups!$K$2-LEN(SOURCE!I2275)), "")& SOURCE!J2275& IF(lookups!$L$2-LEN(SOURCE!J2275) >= 0, REPT(" ",lookups!$L$2-LEN(SOURCE!J2275)), "")& " | "& IF(lookups!$K$2-LEN(SOURCE!I2275) >= 0, REPT(" ",lookups!$K$2-LEN(SOURCE!I2275)), "")& SOURCE!K2275& IF(lookups!$L$2-LEN(SOURCE!K2275) >= 0, REPT(" ",lookups!$M$2-LEN(SOURCE!K2275)), "")& " | "& SOURCE!L2275& IF(lookups!$O$2-LEN(SOURCE!L2275) >= 0, REPT(" ",lookups!$O$2-LEN(SOURCE!L2275)), "")& " | "& SOURCE!M2275& IF(lookups!$P$2-LEN(SOURCE!M2275) >= 0, REPT(" ",lookups!$P$2-LEN(SOURCE!M2275)), "")& "},"&IF(SOURCE!O2275<>"",""&SOURCE!O2275,"") ) ) ) -> /* 2231 */ { itemToBeCoded, NOPARAM, "Prefix", "Prefix", (0 << TAM_MAX_BITS) | 0, CAT_MENU | SLS_UNCHANGED | US_UNCHANGED | EIM_DISABLED | PTP_DISABLED },
A2276: =IF(AND(OR(SOURCE!A2282="",ISBLANK(SOURCE!A2282)),SOURCE!B2282>0),IF(ISBLANK(SOURCE!C2282),"",SOURCE!C2282), IF(SOURCE!B2282<0,VLOOKUP(SOURCE!B2282,lookups!A$1:B$25,2,0), IF(ISBLANK(SOURCE!B2282), "", "/* "&TEXT(SOURCE!B2282,"???0")&" *"& SOURCE!C2282&", "& IF(lookups!$E$2-LEN(SOURCE!C2282) >= 0, REPT(" ",lookups!$E$2-LEN(SOURCE!C2282)), "")& SOURCE!D2282&", "& IF(lookups!$F$2-LEN(SOURCE!D2282) >= 0, REPT(" ",lookups!$F$2-LEN(SOURCE!D2282)), "")& SOURCE!E2282&", "& IF(lookups!$G$2-LEN(SOURCE!E2282) >=0, REPT(" ",lookups!$G$2-LEN(SOURCE!E2282)), "")& SOURCE!F2282&", "& IF(lookups!$H$2-LEN(SOURCE!F2282) >= 0, REPT(" ",lookups!$H$2-LEN(SOURCE!F2282)+2), "")&"("& SUBSTITUTE(TEXT(SOURCE!G2282,"??0")," ","")&" << TAM_MAX_BITS) |"& IF(lookups!$I$2-3 >= 0, REPT(" ",MAX(1,lookups!$I$2-5+4+1-1-LEN( IF(ISTEXT(SOURCE!H2282),SOURCE!H2282, SUBSTITUTE(SUBSTITUTE(TEXT(SOURCE!H2282,"????0")," ","")," ","")) ))), "")& IF(ISTEXT(SOURCE!H2282),SOURCE!H2282, SUBSTITUTE(SUBSTITUTE(TEXT(SOURCE!H2282,"????0")," ","")," ","")) &","& IF(lookups!$J$2-3 >= 0, REPT(" ",lookups!$J$2-3-5), "")& SOURCE!I2282& " | "& IF(lookups!$K$2-LEN(SOURCE!I2282) >= 0, REPT(" ",lookups!$K$2-LEN(SOURCE!I2282)), "")& SOURCE!J2282& IF(lookups!$L$2-LEN(SOURCE!J2282) >= 0, REPT(" ",lookups!$L$2-LEN(SOURCE!J2282)), "")& " | "& IF(lookups!$K$2-LEN(SOURCE!I2282) >= 0, REPT(" ",lookups!$K$2-LEN(SOURCE!I2282)), "")& SOURCE!K2282& IF(lookups!$L$2-LEN(SOURCE!K2282) >= 0, REPT(" ",lookups!$M$2-LEN(SOURCE!K2282)), "")& " | "& SOURCE!L2282& IF(lookups!$O$2-LEN(SOURCE!L2282) >= 0, REPT(" ",lookups!$O$2-LEN(SOURCE!L2282)), "")& " | "& SOURCE!M2282& IF(lookups!$P$2-LEN(SOURCE!M2282) >= 0, REPT(" ",lookups!$P$2-LEN(SOURCE!M2282)), "")& "},"&IF(SOURCE!O2282<>"",""&SOURCE!O2282,"") ) ) ) -> 0
A2277: =IF(AND(OR(SOURCE!A2283="",ISBLANK(SOURCE!A2283)),SOURCE!B2283>0),IF(ISBLANK(SOURCE!C2283),"",SOURCE!C2283), IF(SOURCE!B2283<0,VLOOKUP(SOURCE!B2283,lookups!A$1:B$25,2,0), IF(ISBLANK(SOURCE!B2283), "", "/* "&TEXT(SOURCE!B2283,"???0")&" *"& SOURCE!C2283&", "& IF(lookups!$E$2-LEN(SOURCE!C2283) >= 0, REPT(" ",lookups!$E$2-LEN(SOURCE!C2283)), "")& SOURCE!D2283&", "& IF(lookups!$F$2-LEN(SOURCE!D2283) >= 0, REPT(" ",lookups!$F$2-LEN(SOURCE!D2283)), "")& SOURCE!E2283&", "& IF(lookups!$G$2-LEN(SOURCE!E2283) >=0, REPT(" ",lookups!$G$2-LEN(SOURCE!E2283)), "")& SOURCE!F2283&", "& IF(lookups!$H$2-LEN(SOURCE!F2283) >= 0, REPT(" ",lookups!$H$2-LEN(SOURCE!F2283)+2), "")&"("& SUBSTITUTE(TEXT(SOURCE!G2283,"??0")," ","")&" << TAM_MAX_BITS) |"& IF(lookups!$I$2-3 >= 0, REPT(" ",MAX(1,lookups!$I$2-5+4+1-1-LEN( IF(ISTEXT(SOURCE!H2283),SOURCE!H2283, SUBSTITUTE(SUBSTITUTE(TEXT(SOURCE!H2283,"????0")," ","")," ","")) ))), "")& IF(ISTEXT(SOURCE!H2283),SOURCE!H2283, SUBSTITUTE(SUBSTITUTE(TEXT(SOURCE!H2283,"????0")," ","")," ","")) &","& IF(lookups!$J$2-3 >= 0, REPT(" ",lookups!$J$2-3-5), "")& SOURCE!I2283& " | "& IF(lookups!$K$2-LEN(SOURCE!I2283) >= 0, REPT(" ",lookups!$K$2-LEN(SOURCE!I2283)), "")& SOURCE!J2283& IF(lookups!$L$2-LEN(SOURCE!J2283) >= 0, REPT(" ",lookups!$L$2-LEN(SOURCE!J2283)), "")& " | "& IF(lookups!$K$2-LEN(SOURCE!I2283) >= 0, REPT(" ",lookups!$K$2-LEN(SOURCE!I2283)), "")& SOURCE!K2283& IF(lookups!$L$2-LEN(SOURCE!K2283) >= 0, REPT(" ",lookups!$M$2-LEN(SOURCE!K2283)), "")& " | "& SOURCE!L2283& IF(lookups!$O$2-LEN(SOURCE!L2283) >= 0, REPT(" ",lookups!$O$2-LEN(SOURCE!L2283)), "")& " | "& SOURCE!M2283& IF(lookups!$P$2-LEN(SOURCE!M2283) >= 0, REPT(" ",lookups!$P$2-LEN(SOURCE!M2283)), "")& "},"&IF(SOURCE!O2283<>"",""&SOURCE!O2283,"") ) ) ) -> 0
A2278: =IF(AND(OR(SOURCE!A2284="",ISBLANK(SOURCE!A2284)),SOURCE!B2284>0),IF(ISBLANK(SOURCE!C2284),"",SOURCE!C2284), IF(SOURCE!B2284<0,VLOOKUP(SOURCE!B2284,lookups!A$1:B$25,2,0), IF(ISBLANK(SOURCE!B2284), "", "/* "&TEXT(SOURCE!B2284,"???0")&" *"& SOURCE!C2284&", "& IF(lookups!$E$2-LEN(SOURCE!C2284) >= 0, REPT(" ",lookups!$E$2-LEN(SOURCE!C2284)), "")& SOURCE!D2284&", "& IF(lookups!$F$2-LEN(SOURCE!D2284) >= 0, REPT(" ",lookups!$F$2-LEN(SOURCE!D2284)), "")& SOURCE!E2284&", "& IF(lookups!$G$2-LEN(SOURCE!E2284) >=0, REPT(" ",lookups!$G$2-LEN(SOURCE!E2284)), "")& SOURCE!F2284&", "& IF(lookups!$H$2-LEN(SOURCE!F2284) >= 0, REPT(" ",lookups!$H$2-LEN(SOURCE!F2284)+2), "")&"("& SUBSTITUTE(TEXT(SOURCE!G2284,"??0")," ","")&" << TAM_MAX_BITS) |"& IF(lookups!$I$2-3 >= 0, REPT(" ",MAX(1,lookups!$I$2-5+4+1-1-LEN( IF(ISTEXT(SOURCE!H2284),SOURCE!H2284, SUBSTITUTE(SUBSTITUTE(TEXT(SOURCE!H2284,"????0")," ","")," ","")) ))), "")& IF(ISTEXT(SOURCE!H2284),SOURCE!H2284, SUBSTITUTE(SUBSTITUTE(TEXT(SOURCE!H2284,"????0")," ","")," ","")) &","& IF(lookups!$J$2-3 >= 0, REPT(" ",lookups!$J$2-3-5), "")& SOURCE!I2284& " | "& IF(lookups!$K$2-LEN(SOURCE!I2284) >= 0, REPT(" ",lookups!$K$2-LEN(SOURCE!I2284)), "")& SOURCE!J2284& IF(lookups!$L$2-LEN(SOURCE!J2284) >= 0, REPT(" ",lookups!$L$2-LEN(SOURCE!J2284)), "")& " | "& IF(lookups!$K$2-LEN(SOURCE!I2284) >= 0, REPT(" ",lookups!$K$2-LEN(SOURCE!I2284)), "")& SOURCE!K2284& IF(lookups!$L$2-LEN(SOURCE!K2284) >= 0, REPT(" ",lookups!$M$2-LEN(SOURCE!K2284)), "")& " | "& SOURCE!L2284& IF(lookups!$O$2-LEN(SOURCE!L2284) >= 0, REPT(" ",lookups!$O$2-LEN(SOURCE!L2284)), "")& " | "& SOURCE!M2284& IF(lookups!$P$2-LEN(SOURCE!M2284) >= 0, REPT(" ",lookups!$P$2-LEN(SOURCE!M2284)), "")& "},"&IF(SOURCE!O2284<>"",""&SOURCE!O2284,"") ) ) ) -> 0
A2279: =IF(AND(OR(SOURCE!A2285="",ISBLANK(SOURCE!A2285)),SOURCE!B2285>0),IF(ISBLANK(SOURCE!C2285),"",SOURCE!C2285), IF(SOURCE!B2285<0,VLOOKUP(SOURCE!B2285,lookups!A$1:B$25,2,0), IF(ISBLANK(SOURCE!B2285), "", "/* "&TEXT(SOURCE!B2285,"???0")&" *"& SOURCE!C2285&", "& IF(lookups!$E$2-LEN(SOURCE!C2285) >= 0, REPT(" ",lookups!$E$2-LEN(SOURCE!C2285)), "")& SOURCE!D2285&", "& IF(lookups!$F$2-LEN(SOURCE!D2285) >= 0, REPT(" ",lookups!$F$2-LEN(SOURCE!D2285)), "")& SOURCE!E2285&", "& IF(lookups!$G$2-LEN(SOURCE!E2285) >=0, REPT(" ",lookups!$G$2-LEN(SOURCE!E2285)), "")& SOURCE!F2285&", "& IF(lookups!$H$2-LEN(SOURCE!F2285) >= 0, REPT(" ",lookups!$H$2-LEN(SOURCE!F2285)+2), "")&"("& SUBSTITUTE(TEXT(SOURCE!G2285,"??0")," ","")&" << TAM_MAX_BITS) |"& IF(lookups!$I$2-3 >= 0, REPT(" ",MAX(1,lookups!$I$2-5+4+1-1-LEN( IF(ISTEXT(SOURCE!H2285),SOURCE!H2285, SUBSTITUTE(SUBSTITUTE(TEXT(SOURCE!H2285,"????0")," ","")," ","")) ))), "")& IF(ISTEXT(SOURCE!H2285),SOURCE!H2285, SUBSTITUTE(SUBSTITUTE(TEXT(SOURCE!H2285,"????0")," ","")," ","")) &","& IF(lookups!$J$2-3 >= 0, REPT(" ",lookups!$J$2-3-5), "")& SOURCE!I2285& " | "& IF(lookups!$K$2-LEN(SOURCE!I2285) >= 0, REPT(" ",lookups!$K$2-LEN(SOURCE!I2285)), "")& SOURCE!J2285& IF(lookups!$L$2-LEN(SOURCE!J2285) >= 0, REPT(" ",lookups!$L$2-LEN(SOURCE!J2285)), "")& " | "& IF(lookups!$K$2-LEN(SOURCE!I2285) >= 0, REPT(" ",lookups!$K$2-LEN(SOURCE!I2285)), "")& SOURCE!K2285& IF(lookups!$L$2-LEN(SOURCE!K2285) >= 0, REPT(" ",lookups!$M$2-LEN(SOURCE!K2285)), "")& " | "& SOURCE!L2285& IF(lookups!$O$2-LEN(SOURCE!L2285) >= 0, REPT(" ",lookups!$O$2-LEN(SOURCE!L2285)), "")& " | "& SOURCE!M2285& IF(lookups!$P$2-LEN(SOURCE!M2285) >= 0, REPT(" ",lookups!$P$2-LEN(SOURCE!M2285)), "")& "},"&IF(SOURCE!O2285<>"",""&SOURCE!O2285,"") ) ) ) -> 0
A2280: =IF(AND(OR(SOURCE!A2286="",ISBLANK(SOURCE!A2286)),SOURCE!B2286>0),IF(ISBLANK(SOURCE!C2286),"",SOURCE!C2286), IF(SOURCE!B2286<0,VLOOKUP(SOURCE!B2286,lookups!A$1:B$25,2,0), IF(ISBLANK(SOURCE!B2286), "", "/* "&TEXT(SOURCE!B2286,"???0")&" *"& SOURCE!C2286&", "& IF(lookups!$E$2-LEN(SOURCE!C2286) >= 0, REPT(" ",lookups!$E$2-LEN(SOURCE!C2286)), "")& SOURCE!D2286&", "& IF(lookups!$F$2-LEN(SOURCE!D2286) >= 0, REPT(" ",lookups!$F$2-LEN(SOURCE!D2286)), "")& SOURCE!E2286&", "& IF(lookups!$G$2-LEN(SOURCE!E2286) >=0, REPT(" ",lookups!$G$2-LEN(SOURCE!E2286)), "")& SOURCE!F2286&", "& IF(lookups!$H$2-LEN(SOURCE!F2286) >= 0, REPT(" ",lookups!$H$2-LEN(SOURCE!F2286)+2), "")&"("& SUBSTITUTE(TEXT(SOURCE!G2286,"??0")," ","")&" << TAM_MAX_BITS) |"& IF(lookups!$I$2-3 >= 0, REPT(" ",MAX(1,lookups!$I$2-5+4+1-1-LEN( IF(ISTEXT(SOURCE!H2286),SOURCE!H2286, SUBSTITUTE(SUBSTITUTE(TEXT(SOURCE!H2286,"????0")," ","")," ","")) ))), "")& IF(ISTEXT(SOURCE!H2286),SOURCE!H2286, SUBSTITUTE(SUBSTITUTE(TEXT(SOURCE!H2286,"????0")," ","")," ","")) &","& IF(lookups!$J$2-3 >= 0, REPT(" ",lookups!$J$2-3-5), "")& SOURCE!I2286& " | "& IF(lookups!$K$2-LEN(SOURCE!I2286) >= 0, REPT(" ",lookups!$K$2-LEN(SOURCE!I2286)), "")& SOURCE!J2286& IF(lookups!$L$2-LEN(SOURCE!J2286) >= 0, REPT(" ",lookups!$L$2-LEN(SOURCE!J2286)), "")& " | "& IF(lookups!$K$2-LEN(SOURCE!I2286) >= 0, REPT(" ",lookups!$K$2-LEN(SOURCE!I2286)), "")& SOURCE!K2286& IF(lookups!$L$2-LEN(SOURCE!K2286) >= 0, REPT(" ",lookups!$M$2-LEN(SOURCE!K2286)), "")& " | "& SOURCE!L2286& IF(lookups!$O$2-LEN(SOURCE!L2286) >= 0, REPT(" ",lookups!$O$2-LEN(SOURCE!L2286)), "")& " | "& SOURCE!M2286& IF(lookups!$P$2-LEN(SOURCE!M2286) >= 0, REPT(" ",lookups!$P$2-LEN(SOURCE!M2286)), "")& "},"&IF(SOURCE!O2286<>"",""&SOURCE!O2286,"") ) ) ) -> 0
A2281: =IF(AND(OR(SOURCE!A2287="",ISBLANK(SOURCE!A2287)),SOURCE!B2287>0),IF(ISBLANK(SOURCE!C2287),"",SOURCE!C2287), IF(SOURCE!B2287<0,VLOOKUP(SOURCE!B2287,lookups!A$1:B$25,2,0), IF(ISBLANK(SOURCE!B2287), "", "/* "&TEXT(SOURCE!B2287,"???0")&" *"& SOURCE!C2287&", "& IF(lookups!$E$2-LEN(SOURCE!C2287) >= 0, REPT(" ",lookups!$E$2-LEN(SOURCE!C2287)), "")& SOURCE!D2287&", "& IF(lookups!$F$2-LEN(SOURCE!D2287) >= 0, REPT(" ",lookups!$F$2-LEN(SOURCE!D2287)), "")& SOURCE!E2287&", "& IF(lookups!$G$2-LEN(SOURCE!E2287) >=0, REPT(" ",lookups!$G$2-LEN(SOURCE!E2287)), "")& SOURCE!F2287&", "& IF(lookups!$H$2-LEN(SOURCE!F2287) >= 0, REPT(" ",lookups!$H$2-LEN(SOURCE!F2287)+2), "")&"("& SUBSTITUTE(TEXT(SOURCE!G2287,"??0")," ","")&" << TAM_MAX_BITS) |"& IF(lookups!$I$2-3 >= 0, REPT(" ",MAX(1,lookups!$I$2-5+4+1-1-LEN( IF(ISTEXT(SOURCE!H2287),SOURCE!H2287, SUBSTITUTE(SUBSTITUTE(TEXT(SOURCE!H2287,"????0")," ","")," ","")) ))), "")& IF(ISTEXT(SOURCE!H2287),SOURCE!H2287, SUBSTITUTE(SUBSTITUTE(TEXT(SOURCE!H2287,"????0")," ","")," ","")) &","& IF(lookups!$J$2-3 >= 0, REPT(" ",lookups!$J$2-3-5), "")& SOURCE!I2287& " | "& IF(lookups!$K$2-LEN(SOURCE!I2287) >= 0, REPT(" ",lookups!$K$2-LEN(SOURCE!I2287)), "")& SOURCE!J2287& IF(lookups!$L$2-LEN(SOURCE!J2287) >= 0, REPT(" ",lookups!$L$2-LEN(SOURCE!J2287)), "")& " | "& IF(lookups!$K$2-LEN(SOURCE!I2287) >= 0, REPT(" ",lookups!$K$2-LEN(SOURCE!I2287)), "")& SOURCE!K2287& IF(lookups!$L$2-LEN(SOURCE!K2287) >= 0, REPT(" ",lookups!$M$2-LEN(SOURCE!K2287)), "")& " | "& SOURCE!L2287& IF(lookups!$O$2-LEN(SOURCE!L2287) >= 0, REPT(" ",lookups!$O$2-LEN(SOURCE!L2287)), "")& " | "& SOURCE!M2287& IF(lookups!$P$2-LEN(SOURCE!M2287) >= 0, REPT(" ",lookups!$P$2-LEN(SOURCE!M2287)), "")& "},"&IF(SOURCE!O2287<>"",""&SOURCE!O2287,"") ) ) ) -> 0
A2282: =IF(AND(OR(SOURCE!A2288="",ISBLANK(SOURCE!A2288)),SOURCE!B2288>0),IF(ISBLANK(SOURCE!C2288),"",SOURCE!C2288), IF(SOURCE!B2288<0,VLOOKUP(SOURCE!B2288,lookups!A$1:B$25,2,0), IF(ISBLANK(SOURCE!B2288), "", "/* "&TEXT(SOURCE!B2288,"???0")&" *"& SOURCE!C2288&", "& IF(lookups!$E$2-LEN(SOURCE!C2288) >= 0, REPT(" ",lookups!$E$2-LEN(SOURCE!C2288)), "")& SOURCE!D2288&", "& IF(lookups!$F$2-LEN(SOURCE!D2288) >= 0, REPT(" ",lookups!$F$2-LEN(SOURCE!D2288)), "")& SOURCE!E2288&", "& IF(lookups!$G$2-LEN(SOURCE!E2288) >=0, REPT(" ",lookups!$G$2-LEN(SOURCE!E2288)), "")& SOURCE!F2288&", "& IF(lookups!$H$2-LEN(SOURCE!F2288) >= 0, REPT(" ",lookups!$H$2-LEN(SOURCE!F2288)+2), "")&"("& SUBSTITUTE(TEXT(SOURCE!G2288,"??0")," ","")&" << TAM_MAX_BITS) |"& IF(lookups!$I$2-3 >= 0, REPT(" ",MAX(1,lookups!$I$2-5+4+1-1-LEN( IF(ISTEXT(SOURCE!H2288),SOURCE!H2288, SUBSTITUTE(SUBSTITUTE(TEXT(SOURCE!H2288,"????0")," ","")," ","")) ))), "")& IF(ISTEXT(SOURCE!H2288),SOURCE!H2288, SUBSTITUTE(SUBSTITUTE(TEXT(SOURCE!H2288,"????0")," ","")," ","")) &","& IF(lookups!$J$2-3 >= 0, REPT(" ",lookups!$J$2-3-5), "")& SOURCE!I2288& " | "& IF(lookups!$K$2-LEN(SOURCE!I2288) >= 0, REPT(" ",lookups!$K$2-LEN(SOURCE!I2288)), "")& SOURCE!J2288& IF(lookups!$L$2-LEN(SOURCE!J2288) >= 0, REPT(" ",lookups!$L$2-LEN(SOURCE!J2288)), "")& " | "& IF(lookups!$K$2-LEN(SOURCE!I2288) >= 0, REPT(" ",lookups!$K$2-LEN(SOURCE!I2288)), "")& SOURCE!K2288& IF(lookups!$L$2-LEN(SOURCE!K2288) >= 0, REPT(" ",lookups!$M$2-LEN(SOURCE!K2288)), "")& " | "& SOURCE!L2288& IF(lookups!$O$2-LEN(SOURCE!L2288) >= 0, REPT(" ",lookups!$O$2-LEN(SOURCE!L2288)), "")& " | "& SOURCE!M2288& IF(lookups!$P$2-LEN(SOURCE!M2288) >= 0, REPT(" ",lookups!$P$2-LEN(SOURCE!M2288)), "")& "},"&IF(SOURCE!O2288<>"",""&SOURCE!O2288,"") ) ) ) -> 0
A2283: =IF(AND(OR(SOURCE!A2320="",ISBLANK(SOURCE!A2320)),SOURCE!B2320>0),IF(ISBLANK(SOURCE!C2320),"",SOURCE!C2320), IF(SOURCE!B2320<0,VLOOKUP(SOURCE!B2320,lookups!A$1:B$25,2,0), IF(ISBLANK(SOURCE!B2320), "", "/* "&TEXT(SOURCE!B2320,"???0")&" *"& SOURCE!C2320&", "& IF(lookups!$E$2-LEN(SOURCE!C2320) >= 0, REPT(" ",lookups!$E$2-LEN(SOURCE!C2320)), "")& SOURCE!D2320&", "& IF(lookups!$F$2-LEN(SOURCE!D2320) >= 0, REPT(" ",lookups!$F$2-LEN(SOURCE!D2320)), "")& SOURCE!E2320&", "& IF(lookups!$G$2-LEN(SOURCE!E2320) >=0, REPT(" ",lookups!$G$2-LEN(SOURCE!E2320)), "")& SOURCE!F2320&", "& IF(lookups!$H$2-LEN(SOURCE!F2320) >= 0, REPT(" ",lookups!$H$2-LEN(SOURCE!F2320)+2), "")&"("& SUBSTITUTE(TEXT(SOURCE!G2320,"??0")," ","")&" << TAM_MAX_BITS) |"& IF(lookups!$I$2-3 >= 0, REPT(" ",MAX(1,lookups!$I$2-5+4+1-1-LEN( IF(ISTEXT(SOURCE!H2320),SOURCE!H2320, SUBSTITUTE(SUBSTITUTE(TEXT(SOURCE!H2320,"????0")," ","")," ","")) ))), "")& IF(ISTEXT(SOURCE!H2320),SOURCE!H2320, SUBSTITUTE(SUBSTITUTE(TEXT(SOURCE!H2320,"????0")," ","")," ","")) &","& IF(lookups!$J$2-3 >= 0, REPT(" ",lookups!$J$2-3-5), "")& SOURCE!I2320& " | "& IF(lookups!$K$2-LEN(SOURCE!I2320) >= 0, REPT(" ",lookups!$K$2-LEN(SOURCE!I2320)), "")& SOURCE!J2320& IF(lookups!$L$2-LEN(SOURCE!J2320) >= 0, REPT(" ",lookups!$L$2-LEN(SOURCE!J2320)), "")& " | "& IF(lookups!$K$2-LEN(SOURCE!I2320) >= 0, REPT(" ",lookups!$K$2-LEN(SOURCE!I2320)), "")& SOURCE!K2320& IF(lookups!$L$2-LEN(SOURCE!K2320) >= 0, REPT(" ",lookups!$M$2-LEN(SOURCE!K2320)), "")& " | "& SOURCE!L2320& IF(lookups!$O$2-LEN(SOURCE!L2320) >= 0, REPT(" ",lookups!$O$2-LEN(SOURCE!L2320)), "")& " | "& SOURCE!M2320& IF(lookups!$P$2-LEN(SOURCE!M2320) >= 0, REPT(" ",lookups!$P$2-LEN(SOURCE!M2320)), "")& "},"&IF(SOURCE!O2320<>"",""&SOURCE!O2320,"") ) ) ) -> 0
A2284: =IF(AND(OR(SOURCE!A2321="",ISBLANK(SOURCE!A2321)),SOURCE!B2321>0),IF(ISBLANK(SOURCE!C2321),"",SOURCE!C2321), IF(SOURCE!B2321<0,VLOOKUP(SOURCE!B2321,lookups!A$1:B$25,2,0), IF(ISBLANK(SOURCE!B2321), "", "/* "&TEXT(SOURCE!B2321,"???0")&" *"& SOURCE!C2321&", "& IF(lookups!$E$2-LEN(SOURCE!C2321) >= 0, REPT(" ",lookups!$E$2-LEN(SOURCE!C2321)), "")& SOURCE!D2321&", "& IF(lookups!$F$2-LEN(SOURCE!D2321) >= 0, REPT(" ",lookups!$F$2-LEN(SOURCE!D2321)), "")& SOURCE!E2321&", "& IF(lookups!$G$2-LEN(SOURCE!E2321) >=0, REPT(" ",lookups!$G$2-LEN(SOURCE!E2321)), "")& SOURCE!F2321&", "& IF(lookups!$H$2-LEN(SOURCE!F2321) >= 0, REPT(" ",lookups!$H$2-LEN(SOURCE!F2321)+2), "")&"("& SUBSTITUTE(TEXT(SOURCE!G2321,"??0")," ","")&" << TAM_MAX_BITS) |"& IF(lookups!$I$2-3 >= 0, REPT(" ",MAX(1,lookups!$I$2-5+4+1-1-LEN( IF(ISTEXT(SOURCE!H2321),SOURCE!H2321, SUBSTITUTE(SUBSTITUTE(TEXT(SOURCE!H2321,"????0")," ","")," ","")) ))), "")& IF(ISTEXT(SOURCE!H2321),SOURCE!H2321, SUBSTITUTE(SUBSTITUTE(TEXT(SOURCE!H2321,"????0")," ","")," ","")) &","& IF(lookups!$J$2-3 >= 0, REPT(" ",lookups!$J$2-3-5), "")& SOURCE!I2321& " | "& IF(lookups!$K$2-LEN(SOURCE!I2321) >= 0, REPT(" ",lookups!$K$2-LEN(SOURCE!I2321)), "")& SOURCE!J2321& IF(lookups!$L$2-LEN(SOURCE!J2321) >= 0, REPT(" ",lookups!$L$2-LEN(SOURCE!J2321)), "")& " | "& IF(lookups!$K$2-LEN(SOURCE!I2321) >= 0, REPT(" ",lookups!$K$2-LEN(SOURCE!I2321)), "")& SOURCE!K2321& IF(lookups!$L$2-LEN(SOURCE!K2321) >= 0, REPT(" ",lookups!$M$2-LEN(SOURCE!K2321)), "")& " | "& SOURCE!L2321& IF(lookups!$O$2-LEN(SOURCE!L2321) >= 0, REPT(" ",lookups!$O$2-LEN(SOURCE!L2321)), "")& " | "& SOURCE!M2321& IF(lookups!$P$2-LEN(SOURCE!M2321) >= 0, REPT(" ",lookups!$P$2-LEN(SOURCE!M2321)), "")& "},"&IF(SOURCE!O2321<>"",""&SOURCE!O2321,"") ) ) ) -> 0
A2285: =IF(AND(OR(SOURCE!A2322="",ISBLANK(SOURCE!A2322)),SOURCE!B2322>0),IF(ISBLANK(SOURCE!C2322),"",SOURCE!C2322), IF(SOURCE!B2322<0,VLOOKUP(SOURCE!B2322,lookups!A$1:B$25,2,0), IF(ISBLANK(SOURCE!B2322), "", "/* "&TEXT(SOURCE!B2322,"???0")&" *"& SOURCE!C2322&", "& IF(lookups!$E$2-LEN(SOURCE!C2322) >= 0, REPT(" ",lookups!$E$2-LEN(SOURCE!C2322)), "")& SOURCE!D2322&", "& IF(lookups!$F$2-LEN(SOURCE!D2322) >= 0, REPT(" ",lookups!$F$2-LEN(SOURCE!D2322)), "")& SOURCE!E2322&", "& IF(lookups!$G$2-LEN(SOURCE!E2322) >=0, REPT(" ",lookups!$G$2-LEN(SOURCE!E2322)), "")& SOURCE!F2322&", "& IF(lookups!$H$2-LEN(SOURCE!F2322) >= 0, REPT(" ",lookups!$H$2-LEN(SOURCE!F2322)+2), "")&"("& SUBSTITUTE(TEXT(SOURCE!G2322,"??0")," ","")&" << TAM_MAX_BITS) |"& IF(lookups!$I$2-3 >= 0, REPT(" ",MAX(1,lookups!$I$2-5+4+1-1-LEN( IF(ISTEXT(SOURCE!H2322),SOURCE!H2322, SUBSTITUTE(SUBSTITUTE(TEXT(SOURCE!H2322,"????0")," ","")," ","")) ))), "")& IF(ISTEXT(SOURCE!H2322),SOURCE!H2322, SUBSTITUTE(SUBSTITUTE(TEXT(SOURCE!H2322,"????0")," ","")," ","")) &","& IF(lookups!$J$2-3 >= 0, REPT(" ",lookups!$J$2-3-5), "")& SOURCE!I2322& " | "& IF(lookups!$K$2-LEN(SOURCE!I2322) >= 0, REPT(" ",lookups!$K$2-LEN(SOURCE!I2322)), "")& SOURCE!J2322& IF(lookups!$L$2-LEN(SOURCE!J2322) >= 0, REPT(" ",lookups!$L$2-LEN(SOURCE!J2322)), "")& " | "& IF(lookups!$K$2-LEN(SOURCE!I2322) >= 0, REPT(" ",lookups!$K$2-LEN(SOURCE!I2322)), "")& SOURCE!K2322& IF(lookups!$L$2-LEN(SOURCE!K2322) >= 0, REPT(" ",lookups!$M$2-LEN(SOURCE!K2322)), "")& " | "& SOURCE!L2322& IF(lookups!$O$2-LEN(SOURCE!L2322) >= 0, REPT(" ",lookups!$O$2-LEN(SOURCE!L2322)), "")& " | "& SOURCE!M2322& IF(lookups!$P$2-LEN(SOURCE!M2322) >= 0, REPT(" ",lookups!$P$2-LEN(SOURCE!M2322)), "")& "},"&IF(SOURCE!O2322<>"",""&SOURCE!O2322,"") ) ) ) -> 0
A2286: =IF(AND(OR(SOURCE!A2323="",ISBLANK(SOURCE!A2323)),SOURCE!B2323>0),IF(ISBLANK(SOURCE!C2323),"",SOURCE!C2323), IF(SOURCE!B2323<0,VLOOKUP(SOURCE!B2323,lookups!A$1:B$25,2,0), IF(ISBLANK(SOURCE!B2323), "", "/* "&TEXT(SOURCE!B2323,"???0")&" *"& SOURCE!C2323&", "& IF(lookups!$E$2-LEN(SOURCE!C2323) >= 0, REPT(" ",lookups!$E$2-LEN(SOURCE!C2323)), "")& SOURCE!D2323&", "& IF(lookups!$F$2-LEN(SOURCE!D2323) >= 0, REPT(" ",lookups!$F$2-LEN(SOURCE!D2323)), "")& SOURCE!E2323&", "& IF(lookups!$G$2-LEN(SOURCE!E2323) >=0, REPT(" ",lookups!$G$2-LEN(SOURCE!E2323)), "")& SOURCE!F2323&", "& IF(lookups!$H$2-LEN(SOURCE!F2323) >= 0, REPT(" ",lookups!$H$2-LEN(SOURCE!F2323)+2), "")&"("& SUBSTITUTE(TEXT(SOURCE!G2323,"??0")," ","")&" << TAM_MAX_BITS) |"& IF(lookups!$I$2-3 >= 0, REPT(" ",MAX(1,lookups!$I$2-5+4+1-1-LEN( IF(ISTEXT(SOURCE!H2323),SOURCE!H2323, SUBSTITUTE(SUBSTITUTE(TEXT(SOURCE!H2323,"????0")," ","")," ","")) ))), "")& IF(ISTEXT(SOURCE!H2323),SOURCE!H2323, SUBSTITUTE(SUBSTITUTE(TEXT(SOURCE!H2323,"????0")," ","")," ","")) &","& IF(lookups!$J$2-3 >= 0, REPT(" ",lookups!$J$2-3-5), "")& SOURCE!I2323& " | "& IF(lookups!$K$2-LEN(SOURCE!I2323) >= 0, REPT(" ",lookups!$K$2-LEN(SOURCE!I2323)), "")& SOURCE!J2323& IF(lookups!$L$2-LEN(SOURCE!J2323) >= 0, REPT(" ",lookups!$L$2-LEN(SOURCE!J2323)), "")& " | "& IF(lookups!$K$2-LEN(SOURCE!I2323) >= 0, REPT(" ",lookups!$K$2-LEN(SOURCE!I2323)), "")& SOURCE!K2323& IF(lookups!$L$2-LEN(SOURCE!K2323) >= 0, REPT(" ",lookups!$M$2-LEN(SOURCE!K2323)), "")& " | "& SOURCE!L2323& IF(lookups!$O$2-LEN(SOURCE!L2323) >= 0, REPT(" ",lookups!$O$2-LEN(SOURCE!L2323)), "")& " | "& SOURCE!M2323& IF(lookups!$P$2-LEN(SOURCE!M2323) >= 0, REPT(" ",lookups!$P$2-LEN(SOURCE!M2323)), "")& "},"&IF(SOURCE!O2323<>"",""&SOURCE!O2323,"") ) ) ) -> 0
A2287: =IF(AND(OR(SOURCE!A2324="",ISBLANK(SOURCE!A2324)),SOURCE!B2324>0),IF(ISBLANK(SOURCE!C2324),"",SOURCE!C2324), IF(SOURCE!B2324<0,VLOOKUP(SOURCE!B2324,lookups!A$1:B$25,2,0), IF(ISBLANK(SOURCE!B2324), "", "/* "&TEXT(SOURCE!B2324,"???0")&" *"& SOURCE!C2324&", "& IF(lookups!$E$2-LEN(SOURCE!C2324) >= 0, REPT(" ",lookups!$E$2-LEN(SOURCE!C2324)), "")& SOURCE!D2324&", "& IF(lookups!$F$2-LEN(SOURCE!D2324) >= 0, REPT(" ",lookups!$F$2-LEN(SOURCE!D2324)), "")& SOURCE!E2324&", "& IF(lookups!$G$2-LEN(SOURCE!E2324) >=0, REPT(" ",lookups!$G$2-LEN(SOURCE!E2324)), "")& SOURCE!F2324&", "& IF(lookups!$H$2-LEN(SOURCE!F2324) >= 0, REPT(" ",lookups!$H$2-LEN(SOURCE!F2324)+2), "")&"("& SUBSTITUTE(TEXT(SOURCE!G2324,"??0")," ","")&" << TAM_MAX_BITS) |"& IF(lookups!$I$2-3 >= 0, REPT(" ",MAX(1,lookups!$I$2-5+4+1-1-LEN( IF(ISTEXT(SOURCE!H2324),SOURCE!H2324, SUBSTITUTE(SUBSTITUTE(TEXT(SOURCE!H2324,"????0")," ","")," ","")) ))), "")& IF(ISTEXT(SOURCE!H2324),SOURCE!H2324, SUBSTITUTE(SUBSTITUTE(TEXT(SOURCE!H2324,"????0")," ","")," ","")) &","& IF(lookups!$J$2-3 >= 0, REPT(" ",lookups!$J$2-3-5), "")& SOURCE!I2324& " | "& IF(lookups!$K$2-LEN(SOURCE!I2324) >= 0, REPT(" ",lookups!$K$2-LEN(SOURCE!I2324)), "")& SOURCE!J2324& IF(lookups!$L$2-LEN(SOURCE!J2324) >= 0, REPT(" ",lookups!$L$2-LEN(SOURCE!J2324)), "")& " | "& IF(lookups!$K$2-LEN(SOURCE!I2324) >= 0, REPT(" ",lookups!$K$2-LEN(SOURCE!I2324)), "")& SOURCE!K2324& IF(lookups!$L$2-LEN(SOURCE!K2324) >= 0, REPT(" ",lookups!$M$2-LEN(SOURCE!K2324)), "")& " | "& SOURCE!L2324& IF(lookups!$O$2-LEN(SOURCE!L2324) >= 0, REPT(" ",lookups!$O$2-LEN(SOURCE!L2324)), "")& " | "& SOURCE!M2324& IF(lookups!$P$2-LEN(SOURCE!M2324) >= 0, REPT(" ",lookups!$P$2-LEN(SOURCE!M2324)), "")& "},"&IF(SOURCE!O2324<>"",""&SOURCE!O2324,"") ) ) ) -> 0
A2288: =IF(AND(OR(SOURCE!A2325="",ISBLANK(SOURCE!A2325)),SOURCE!B2325>0),IF(ISBLANK(SOURCE!C2325),"",SOURCE!C2325), IF(SOURCE!B2325<0,VLOOKUP(SOURCE!B2325,lookups!A$1:B$25,2,0), IF(ISBLANK(SOURCE!B2325), "", "/* "&TEXT(SOURCE!B2325,"???0")&" *"& SOURCE!C2325&", "& IF(lookups!$E$2-LEN(SOURCE!C2325) >= 0, REPT(" ",lookups!$E$2-LEN(SOURCE!C2325)), "")& SOURCE!D2325&", "& IF(lookups!$F$2-LEN(SOURCE!D2325) >= 0, REPT(" ",lookups!$F$2-LEN(SOURCE!D2325)), "")& SOURCE!E2325&", "& IF(lookups!$G$2-LEN(SOURCE!E2325) >=0, REPT(" ",lookups!$G$2-LEN(SOURCE!E2325)), "")& SOURCE!F2325&", "& IF(lookups!$H$2-LEN(SOURCE!F2325) >= 0, REPT(" ",lookups!$H$2-LEN(SOURCE!F2325)+2), "")&"("& SUBSTITUTE(TEXT(SOURCE!G2325,"??0")," ","")&" << TAM_MAX_BITS) |"& IF(lookups!$I$2-3 >= 0, REPT(" ",MAX(1,lookups!$I$2-5+4+1-1-LEN( IF(ISTEXT(SOURCE!H2325),SOURCE!H2325, SUBSTITUTE(SUBSTITUTE(TEXT(SOURCE!H2325,"????0")," ","")," ","")) ))), "")& IF(ISTEXT(SOURCE!H2325),SOURCE!H2325, SUBSTITUTE(SUBSTITUTE(TEXT(SOURCE!H2325,"????0")," ","")," ","")) &","& IF(lookups!$J$2-3 >= 0, REPT(" ",lookups!$J$2-3-5), "")& SOURCE!I2325& " | "& IF(lookups!$K$2-LEN(SOURCE!I2325) >= 0, REPT(" ",lookups!$K$2-LEN(SOURCE!I2325)), "")& SOURCE!J2325& IF(lookups!$L$2-LEN(SOURCE!J2325) >= 0, REPT(" ",lookups!$L$2-LEN(SOURCE!J2325)), "")& " | "& IF(lookups!$K$2-LEN(SOURCE!I2325) >= 0, REPT(" ",lookups!$K$2-LEN(SOURCE!I2325)), "")& SOURCE!K2325& IF(lookups!$L$2-LEN(SOURCE!K2325) >= 0, REPT(" ",lookups!$M$2-LEN(SOURCE!K2325)), "")& " | "& SOURCE!L2325& IF(lookups!$O$2-LEN(SOURCE!L2325) >= 0, REPT(" ",lookups!$O$2-LEN(SOURCE!L2325)), "")& " | "& SOURCE!M2325& IF(lookups!$P$2-LEN(SOURCE!M2325) >= 0, REPT(" ",lookups!$P$2-LEN(SOURCE!M2325)), "")& "},"&IF(SOURCE!O2325<>"",""&SOURCE!O2325,"") ) ) ) -> 0
A2289: =IF(AND(OR(SOURCE!A2326="",ISBLANK(SOURCE!A2326)),SOURCE!B2326>0),IF(ISBLANK(SOURCE!C2326),"",SOURCE!C2326), IF(SOURCE!B2326<0,VLOOKUP(SOURCE!B2326,lookups!A$1:B$25,2,0), IF(ISBLANK(SOURCE!B2326), "", "/* "&TEXT(SOURCE!B2326,"???0")&" *"& SOURCE!C2326&", "& IF(lookups!$E$2-LEN(SOURCE!C2326) >= 0, REPT(" ",lookups!$E$2-LEN(SOURCE!C2326)), "")& SOURCE!D2326&", "& IF(lookups!$F$2-LEN(SOURCE!D2326) >= 0, REPT(" ",lookups!$F$2-LEN(SOURCE!D2326)), "")& SOURCE!E2326&", "& IF(lookups!$G$2-LEN(SOURCE!E2326) >=0, REPT(" ",lookups!$G$2-LEN(SOURCE!E2326)), "")& SOURCE!F2326&", "& IF(lookups!$H$2-LEN(SOURCE!F2326) >= 0, REPT(" ",lookups!$H$2-LEN(SOURCE!F2326)+2), "")&"("& SUBSTITUTE(TEXT(SOURCE!G2326,"??0")," ","")&" << TAM_MAX_BITS) |"& IF(lookups!$I$2-3 >= 0, REPT(" ",MAX(1,lookups!$I$2-5+4+1-1-LEN( IF(ISTEXT(SOURCE!H2326),SOURCE!H2326, SUBSTITUTE(SUBSTITUTE(TEXT(SOURCE!H2326,"????0")," ","")," ","")) ))), "")& IF(ISTEXT(SOURCE!H2326),SOURCE!H2326, SUBSTITUTE(SUBSTITUTE(TEXT(SOURCE!H2326,"????0")," ","")," ","")) &","& IF(lookups!$J$2-3 >= 0, REPT(" ",lookups!$J$2-3-5), "")& SOURCE!I2326& " | "& IF(lookups!$K$2-LEN(SOURCE!I2326) >= 0, REPT(" ",lookups!$K$2-LEN(SOURCE!I2326)), "")& SOURCE!J2326& IF(lookups!$L$2-LEN(SOURCE!J2326) >= 0, REPT(" ",lookups!$L$2-LEN(SOURCE!J2326)), "")& " | "& IF(lookups!$K$2-LEN(SOURCE!I2326) >= 0, REPT(" ",lookups!$K$2-LEN(SOURCE!I2326)), "")& SOURCE!K2326& IF(lookups!$L$2-LEN(SOURCE!K2326) >= 0, REPT(" ",lookups!$M$2-LEN(SOURCE!K2326)), "")& " | "& SOURCE!L2326& IF(lookups!$O$2-LEN(SOURCE!L2326) >= 0, REPT(" ",lookups!$O$2-LEN(SOURCE!L2326)), "")& " | "& SOURCE!M2326& IF(lookups!$P$2-LEN(SOURCE!M2326) >= 0, REPT(" ",lookups!$P$2-LEN(SOURCE!M2326)), "")& "},"&IF(SOURCE!O2326<>"",""&SOURCE!O2326,"") ) ) ) -> 0
A2290: =IF(AND(OR(SOURCE!A2327="",ISBLANK(SOURCE!A2327)),SOURCE!B2327>0),IF(ISBLANK(SOURCE!C2327),"",SOURCE!C2327), IF(SOURCE!B2327<0,VLOOKUP(SOURCE!B2327,lookups!A$1:B$25,2,0), IF(ISBLANK(SOURCE!B2327), "", "/* "&TEXT(SOURCE!B2327,"???0")&" *"& SOURCE!C2327&", "& IF(lookups!$E$2-LEN(SOURCE!C2327) >= 0, REPT(" ",lookups!$E$2-LEN(SOURCE!C2327)), "")& SOURCE!D2327&", "& IF(lookups!$F$2-LEN(SOURCE!D2327) >= 0, REPT(" ",lookups!$F$2-LEN(SOURCE!D2327)), "")& SOURCE!E2327&", "& IF(lookups!$G$2-LEN(SOURCE!E2327) >=0, REPT(" ",lookups!$G$2-LEN(SOURCE!E2327)), "")& SOURCE!F2327&", "& IF(lookups!$H$2-LEN(SOURCE!F2327) >= 0, REPT(" ",lookups!$H$2-LEN(SOURCE!F2327)+2), "")&"("& SUBSTITUTE(TEXT(SOURCE!G2327,"??0")," ","")&" << TAM_MAX_BITS) |"& IF(lookups!$I$2-3 >= 0, REPT(" ",MAX(1,lookups!$I$2-5+4+1-1-LEN( IF(ISTEXT(SOURCE!H2327),SOURCE!H2327, SUBSTITUTE(SUBSTITUTE(TEXT(SOURCE!H2327,"????0")," ","")," ","")) ))), "")& IF(ISTEXT(SOURCE!H2327),SOURCE!H2327, SUBSTITUTE(SUBSTITUTE(TEXT(SOURCE!H2327,"????0")," ","")," ","")) &","& IF(lookups!$J$2-3 >= 0, REPT(" ",lookups!$J$2-3-5), "")& SOURCE!I2327& " | "& IF(lookups!$K$2-LEN(SOURCE!I2327) >= 0, REPT(" ",lookups!$K$2-LEN(SOURCE!I2327)), "")& SOURCE!J2327& IF(lookups!$L$2-LEN(SOURCE!J2327) >= 0, REPT(" ",lookups!$L$2-LEN(SOURCE!J2327)), "")& " | "& IF(lookups!$K$2-LEN(SOURCE!I2327) >= 0, REPT(" ",lookups!$K$2-LEN(SOURCE!I2327)), "")& SOURCE!K2327& IF(lookups!$L$2-LEN(SOURCE!K2327) >= 0, REPT(" ",lookups!$M$2-LEN(SOURCE!K2327)), "")& " | "& SOURCE!L2327& IF(lookups!$O$2-LEN(SOURCE!L2327) >= 0, REPT(" ",lookups!$O$2-LEN(SOURCE!L2327)), "")& " | "& SOURCE!M2327& IF(lookups!$P$2-LEN(SOURCE!M2327) >= 0, REPT(" ",lookups!$P$2-LEN(SOURCE!M2327)), "")& "},"&IF(SOURCE!O2327<>"",""&SOURCE!O2327,"") ) ) ) -> 0
A2291: =IF(AND(OR(SOURCE!A2328="",ISBLANK(SOURCE!A2328)),SOURCE!B2328>0),IF(ISBLANK(SOURCE!C2328),"",SOURCE!C2328), IF(SOURCE!B2328<0,VLOOKUP(SOURCE!B2328,lookups!A$1:B$25,2,0), IF(ISBLANK(SOURCE!B2328), "", "/* "&TEXT(SOURCE!B2328,"???0")&" *"& SOURCE!C2328&", "& IF(lookups!$E$2-LEN(SOURCE!C2328) >= 0, REPT(" ",lookups!$E$2-LEN(SOURCE!C2328)), "")& SOURCE!D2328&", "& IF(lookups!$F$2-LEN(SOURCE!D2328) >= 0, REPT(" ",lookups!$F$2-LEN(SOURCE!D2328)), "")& SOURCE!E2328&", "& IF(lookups!$G$2-LEN(SOURCE!E2328) >=0, REPT(" ",lookups!$G$2-LEN(SOURCE!E2328)), "")& SOURCE!F2328&", "& IF(lookups!$H$2-LEN(SOURCE!F2328) >= 0, REPT(" ",lookups!$H$2-LEN(SOURCE!F2328)+2), "")&"("& SUBSTITUTE(TEXT(SOURCE!G2328,"??0")," ","")&" << TAM_MAX_BITS) |"& IF(lookups!$I$2-3 >= 0, REPT(" ",MAX(1,lookups!$I$2-5+4+1-1-LEN( IF(ISTEXT(SOURCE!H2328),SOURCE!H2328, SUBSTITUTE(SUBSTITUTE(TEXT(SOURCE!H2328,"????0")," ","")," ","")) ))), "")& IF(ISTEXT(SOURCE!H2328),SOURCE!H2328, SUBSTITUTE(SUBSTITUTE(TEXT(SOURCE!H2328,"????0")," ","")," ","")) &","& IF(lookups!$J$2-3 >= 0, REPT(" ",lookups!$J$2-3-5), "")& SOURCE!I2328& " | "& IF(lookups!$K$2-LEN(SOURCE!I2328) >= 0, REPT(" ",lookups!$K$2-LEN(SOURCE!I2328)), "")& SOURCE!J2328& IF(lookups!$L$2-LEN(SOURCE!J2328) >= 0, REPT(" ",lookups!$L$2-LEN(SOURCE!J2328)), "")& " | "& IF(lookups!$K$2-LEN(SOURCE!I2328) >= 0, REPT(" ",lookups!$K$2-LEN(SOURCE!I2328)), "")& SOURCE!K2328& IF(lookups!$L$2-LEN(SOURCE!K2328) >= 0, REPT(" ",lookups!$M$2-LEN(SOURCE!K2328)), "")& " | "& SOURCE!L2328& IF(lookups!$O$2-LEN(SOURCE!L2328) >= 0, REPT(" ",lookups!$O$2-LEN(SOURCE!L2328)), "")& " | "& SOURCE!M2328& IF(lookups!$P$2-LEN(SOURCE!M2328) >= 0, REPT(" ",lookups!$P$2-LEN(SOURCE!M2328)), "")& "},"&IF(SOURCE!O2328<>"",""&SOURCE!O2328,"") ) ) ) -> 0
A2292: =IF(AND(OR(SOURCE!A2329="",ISBLANK(SOURCE!A2329)),SOURCE!B2329>0),IF(ISBLANK(SOURCE!C2329),"",SOURCE!C2329), IF(SOURCE!B2329<0,VLOOKUP(SOURCE!B2329,lookups!A$1:B$25,2,0), IF(ISBLANK(SOURCE!B2329), "", "/* "&TEXT(SOURCE!B2329,"???0")&" *"& SOURCE!C2329&", "& IF(lookups!$E$2-LEN(SOURCE!C2329) >= 0, REPT(" ",lookups!$E$2-LEN(SOURCE!C2329)), "")& SOURCE!D2329&", "& IF(lookups!$F$2-LEN(SOURCE!D2329) >= 0, REPT(" ",lookups!$F$2-LEN(SOURCE!D2329)), "")& SOURCE!E2329&", "& IF(lookups!$G$2-LEN(SOURCE!E2329) >=0, REPT(" ",lookups!$G$2-LEN(SOURCE!E2329)), "")& SOURCE!F2329&", "& IF(lookups!$H$2-LEN(SOURCE!F2329) >= 0, REPT(" ",lookups!$H$2-LEN(SOURCE!F2329)+2), "")&"("& SUBSTITUTE(TEXT(SOURCE!G2329,"??0")," ","")&" << TAM_MAX_BITS) |"& IF(lookups!$I$2-3 >= 0, REPT(" ",MAX(1,lookups!$I$2-5+4+1-1-LEN( IF(ISTEXT(SOURCE!H2329),SOURCE!H2329, SUBSTITUTE(SUBSTITUTE(TEXT(SOURCE!H2329,"????0")," ","")," ","")) ))), "")& IF(ISTEXT(SOURCE!H2329),SOURCE!H2329, SUBSTITUTE(SUBSTITUTE(TEXT(SOURCE!H2329,"????0")," ","")," ","")) &","& IF(lookups!$J$2-3 >= 0, REPT(" ",lookups!$J$2-3-5), "")& SOURCE!I2329& " | "& IF(lookups!$K$2-LEN(SOURCE!I2329) >= 0, REPT(" ",lookups!$K$2-LEN(SOURCE!I2329)), "")& SOURCE!J2329& IF(lookups!$L$2-LEN(SOURCE!J2329) >= 0, REPT(" ",lookups!$L$2-LEN(SOURCE!J2329)), "")& " | "& IF(lookups!$K$2-LEN(SOURCE!I2329) >= 0, REPT(" ",lookups!$K$2-LEN(SOURCE!I2329)), "")& SOURCE!K2329& IF(lookups!$L$2-LEN(SOURCE!K2329) >= 0, REPT(" ",lookups!$M$2-LEN(SOURCE!K2329)), "")& " | "& SOURCE!L2329& IF(lookups!$O$2-LEN(SOURCE!L2329) >= 0, REPT(" ",lookups!$O$2-LEN(SOURCE!L2329)), "")& " | "& SOURCE!M2329& IF(lookups!$P$2-LEN(SOURCE!M2329) >= 0, REPT(" ",lookups!$P$2-LEN(SOURCE!M2329)), "")& "},"&IF(SOURCE!O2329<>"",""&SOURCE!O2329,"") ) ) ) -> 0
A2293: =IF(AND(OR(SOURCE!A2330="",ISBLANK(SOURCE!A2330)),SOURCE!B2330>0),IF(ISBLANK(SOURCE!C2330),"",SOURCE!C2330), IF(SOURCE!B2330<0,VLOOKUP(SOURCE!B2330,lookups!A$1:B$25,2,0), IF(ISBLANK(SOURCE!B2330), "", "/* "&TEXT(SOURCE!B2330,"???0")&" *"& SOURCE!C2330&", "& IF(lookups!$E$2-LEN(SOURCE!C2330) >= 0, REPT(" ",lookups!$E$2-LEN(SOURCE!C2330)), "")& SOURCE!D2330&", "& IF(lookups!$F$2-LEN(SOURCE!D2330) >= 0, REPT(" ",lookups!$F$2-LEN(SOURCE!D2330)), "")& SOURCE!E2330&", "& IF(lookups!$G$2-LEN(SOURCE!E2330) >=0, REPT(" ",lookups!$G$2-LEN(SOURCE!E2330)), "")& SOURCE!F2330&", "& IF(lookups!$H$2-LEN(SOURCE!F2330) >= 0, REPT(" ",lookups!$H$2-LEN(SOURCE!F2330)+2), "")&"("& SUBSTITUTE(TEXT(SOURCE!G2330,"??0")," ","")&" << TAM_MAX_BITS) |"& IF(lookups!$I$2-3 >= 0, REPT(" ",MAX(1,lookups!$I$2-5+4+1-1-LEN( IF(ISTEXT(SOURCE!H2330),SOURCE!H2330, SUBSTITUTE(SUBSTITUTE(TEXT(SOURCE!H2330,"????0")," ","")," ","")) ))), "")& IF(ISTEXT(SOURCE!H2330),SOURCE!H2330, SUBSTITUTE(SUBSTITUTE(TEXT(SOURCE!H2330,"????0")," ","")," ","")) &","& IF(lookups!$J$2-3 >= 0, REPT(" ",lookups!$J$2-3-5), "")& SOURCE!I2330& " | "& IF(lookups!$K$2-LEN(SOURCE!I2330) >= 0, REPT(" ",lookups!$K$2-LEN(SOURCE!I2330)), "")& SOURCE!J2330& IF(lookups!$L$2-LEN(SOURCE!J2330) >= 0, REPT(" ",lookups!$L$2-LEN(SOURCE!J2330)), "")& " | "& IF(lookups!$K$2-LEN(SOURCE!I2330) >= 0, REPT(" ",lookups!$K$2-LEN(SOURCE!I2330)), "")& SOURCE!K2330& IF(lookups!$L$2-LEN(SOURCE!K2330) >= 0, REPT(" ",lookups!$M$2-LEN(SOURCE!K2330)), "")& " | "& SOURCE!L2330& IF(lookups!$O$2-LEN(SOURCE!L2330) >= 0, REPT(" ",lookups!$O$2-LEN(SOURCE!L2330)), "")& " | "& SOURCE!M2330& IF(lookups!$P$2-LEN(SOURCE!M2330) >= 0, REPT(" ",lookups!$P$2-LEN(SOURCE!M2330)), "")& "},"&IF(SOURCE!O2330<>"",""&SOURCE!O2330,"") ) ) ) -> 0
A2294: =IF(AND(OR(SOURCE!A2331="",ISBLANK(SOURCE!A2331)),SOURCE!B2331>0),IF(ISBLANK(SOURCE!C2331),"",SOURCE!C2331), IF(SOURCE!B2331<0,VLOOKUP(SOURCE!B2331,lookups!A$1:B$25,2,0), IF(ISBLANK(SOURCE!B2331), "", "/* "&TEXT(SOURCE!B2331,"???0")&" *"& SOURCE!C2331&", "& IF(lookups!$E$2-LEN(SOURCE!C2331) >= 0, REPT(" ",lookups!$E$2-LEN(SOURCE!C2331)), "")& SOURCE!D2331&", "& IF(lookups!$F$2-LEN(SOURCE!D2331) >= 0, REPT(" ",lookups!$F$2-LEN(SOURCE!D2331)), "")& SOURCE!E2331&", "& IF(lookups!$G$2-LEN(SOURCE!E2331) >=0, REPT(" ",lookups!$G$2-LEN(SOURCE!E2331)), "")& SOURCE!F2331&", "& IF(lookups!$H$2-LEN(SOURCE!F2331) >= 0, REPT(" ",lookups!$H$2-LEN(SOURCE!F2331)+2), "")&"("& SUBSTITUTE(TEXT(SOURCE!G2331,"??0")," ","")&" << TAM_MAX_BITS) |"& IF(lookups!$I$2-3 >= 0, REPT(" ",MAX(1,lookups!$I$2-5+4+1-1-LEN( IF(ISTEXT(SOURCE!H2331),SOURCE!H2331, SUBSTITUTE(SUBSTITUTE(TEXT(SOURCE!H2331,"????0")," ","")," ","")) ))), "")& IF(ISTEXT(SOURCE!H2331),SOURCE!H2331, SUBSTITUTE(SUBSTITUTE(TEXT(SOURCE!H2331,"????0")," ","")," ","")) &","& IF(lookups!$J$2-3 >= 0, REPT(" ",lookups!$J$2-3-5), "")& SOURCE!I2331& " | "& IF(lookups!$K$2-LEN(SOURCE!I2331) >= 0, REPT(" ",lookups!$K$2-LEN(SOURCE!I2331)), "")& SOURCE!J2331& IF(lookups!$L$2-LEN(SOURCE!J2331) >= 0, REPT(" ",lookups!$L$2-LEN(SOURCE!J2331)), "")& " | "& IF(lookups!$K$2-LEN(SOURCE!I2331) >= 0, REPT(" ",lookups!$K$2-LEN(SOURCE!I2331)), "")& SOURCE!K2331& IF(lookups!$L$2-LEN(SOURCE!K2331) >= 0, REPT(" ",lookups!$M$2-LEN(SOURCE!K2331)), "")& " | "& SOURCE!L2331& IF(lookups!$O$2-LEN(SOURCE!L2331) >= 0, REPT(" ",lookups!$O$2-LEN(SOURCE!L2331)), "")& " | "& SOURCE!M2331& IF(lookups!$P$2-LEN(SOURCE!M2331) >= 0, REPT(" ",lookups!$P$2-LEN(SOURCE!M2331)), "")& "},"&IF(SOURCE!O2331<>"",""&SOURCE!O2331,"") ) ) ) -> 0
... A2676: =IF(AND(OR(SOURCE!A2713="",ISBLANK(SOURCE!A2713)),SOURCE!B2713>0),IF(ISBLANK(SOURCE!C2713),"",SOURCE!C2713), IF(SOURCE!B2713<0,VLOOKUP(SOURCE!B2713,lookups!A$1:B$25,2,0), IF(ISBLANK(SOURCE!B2713), "", "/* "&TEXT(SOURCE!B2713,"???0")&" *"& SOURCE!C2713&", "& IF(lookups!$E$2-LEN(SOURCE!C2713) >= 0, REPT(" ",lookups!$E$2-LEN(SOURCE!C2713)), "")& SOURCE!D2713&", "& IF(lookups!$F$2-LEN(SOURCE!D2713) >= 0, REPT(" ",lookups!$F$2-LEN(SOURCE!D2713)), "")& SOURCE!E2713&", "& IF(lookups!$G$2-LEN(SOURCE!E2713) >=0, REPT(" ",lookups!$G$2-LEN(SOURCE!E2713)), "")& SOURCE!F2713&", "& IF(lookups!$H$2-LEN(SOURCE!F2713) >= 0, REPT(" ",lookups!$H$2-LEN(SOURCE!F2713)+2), "")&"("& SUBSTITUTE(TEXT(SOURCE!G2713,"??0")," ","")&" << TAM_MAX_BITS) |"& IF(lookups!$I$2-3 >= 0, REPT(" ",MAX(1,lookups!$I$2-5+4+1-1-LEN( IF(ISTEXT(SOURCE!H2713),SOURCE!H2713, SUBSTITUTE(SUBSTITUTE(TEXT(SOURCE!H2713,"????0")," ","")," ","")) ))), "")& IF(ISTEXT(SOURCE!H2713),SOURCE!H2713, SUBSTITUTE(SUBSTITUTE(TEXT(SOURCE!H2713,"????0")," ","")," ","")) &","& IF(lookups!$J$2-3 >= 0, REPT(" ",lookups!$J$2-3-5), "")& SOURCE!I2713& " | "& IF(lookups!$K$2-LEN(SOURCE!I2713) >= 0, REPT(" ",lookups!$K$2-LEN(SOURCE!I2713)), "")& SOURCE!J2713& IF(lookups!$L$2-LEN(SOURCE!J2713) >= 0, REPT(" ",lookups!$L$2-LEN(SOURCE!J2713)), "")& " | "& IF(lookups!$K$2-LEN(SOURCE!I2713) >= 0, REPT(" ",lookups!$K$2-LEN(SOURCE!I2713)), "")& SOURCE!K2713& IF(lookups!$L$2-LEN(SOURCE!K2713) >= 0, REPT(" ",lookups!$M$2-LEN(SOURCE!K2713)), "")& " | "& SOURCE!L2713& IF(lookups!$O$2-LEN(SOURCE!L2713) >= 0, REPT(" ",lookups!$O$2-LEN(SOURCE!L2713)), "")& " | "& SOURCE!M2713& IF(lookups!$P$2-LEN(SOURCE!M2713) >= 0, REPT(" ",lookups!$P$2-LEN(SOURCE!M2713)), "")& "},"&IF(SOURCE!O2713<>"",""&SOURCE!O2713,"") ) ) ) -> 0

Sheet EXPORT.H
C2: Next:
A3: 0 | B3: =VLOOKUP(A3,SOURCE!B:S,15,0) -> ITM_NULL | C3: =IF( ISNUMBER(INDEX(SOURCE!B:B,MATCH(A3,SOURCE!B:B,0)+1)), VALUE(INDEX(SOURCE!B:B,MATCH(A3,SOURCE!B:B,0)+1)), "") -> 0.01 | D3: =IF(A3<>INT(A3),B3, IF(A3<0,VLOOKUP(A3,lookups!A$1:B$25,2,0), IF(ISNA(B3),"", IF(OR(ISBLANK(A3),ISNA(B3),B3=0), "", "#define "& VLOOKUP(A3,SOURCE!B:S,15,0)&IF(lookups!$N$2-LEN(VLOOKUP(A3,SOURCE!B:S,15,0))>=0,REPT(" ",lookups!$N$2-LEN(VLOOKUP(A3,SOURCE!B:S,15,0))),"")& TEXT(A3,"???0")&IF(VLOOKUP(A3,SOURCE!B:S,16,0)="",""," "&VLOOKUP(A3,SOURCE!B:S,16,0) )))) ) -> #define ITM_NULL 0
A4: =C3 -> 0.01 | B4: =VLOOKUP(A4,SOURCE!B:S,15,0) -> 0 | C4: =IF( ISNUMBER(INDEX(SOURCE!B:B,MATCH(A4,SOURCE!B:B,0)+1)), VALUE(INDEX(SOURCE!B:B,MATCH(A4,SOURCE!B:B,0)+1)), "") -> 0.02 | D4: =IF(A4<>INT(A4),B4, IF(A4<0,VLOOKUP(A4,lookups!A$1:B$25,2,0), IF(ISNA(B4),"", IF(OR(ISBLANK(A4),ISNA(B4),B4=0), "", "#define "& VLOOKUP(A4,SOURCE!B:S,15,0)&IF(lookups!$N$2-LEN(VLOOKUP(A4,SOURCE!B:S,15,0))>=0,REPT(" ",lookups!$N$2-LEN(VLOOKUP(A4,SOURCE!B:S,15,0))),"")& TEXT(A4,"???0")&IF(VLOOKUP(A4,SOURCE!B:S,16,0)="",""," "&VLOOKUP(A4,SOURCE!B:S,16,0) )))) ) -> 0
A5: =C4 -> 0.02 | B5: =VLOOKUP(A5,SOURCE!B:S,15,0) -> // Items from 1 to 127 are 1 byte OP codes | C5: =IF( ISNUMBER(INDEX(SOURCE!B:B,MATCH(A5,SOURCE!B:B,0)+1)), VALUE(INDEX(SOURCE!B:B,MATCH(A5,SOURCE!B:B,0)+1)), "") -> 1 | D5: =IF(A5<>INT(A5),B5, IF(A5<0,VLOOKUP(A5,lookups!A$1:B$25,2,0), IF(ISNA(B5),"", IF(OR(ISBLANK(A5),ISNA(B5),B5=0), "", "#define "& VLOOKUP(A5,SOURCE!B:S,15,0)&IF(lookups!$N$2-LEN(VLOOKUP(A5,SOURCE!B:S,15,0))>=0,REPT(" ",lookups!$N$2-LEN(VLOOKUP(A5,SOURCE!B:S,15,0))),"")& TEXT(A5,"???0")&IF(VLOOKUP(A5,SOURCE!B:S,16,0)="",""," "&VLOOKUP(A5,SOURCE!B:S,16,0) )))) ) -> // Items from 1 to 127 are 1 byte OP codes
A6: =C5 -> 1 | B6: =VLOOKUP(A6,SOURCE!B:S,15,0) -> ITM_LBL | C6: =IF( ISNUMBER(INDEX(SOURCE!B:B,MATCH(A6,SOURCE!B:B,0)+1)), VALUE(INDEX(SOURCE!B:B,MATCH(A6,SOURCE!B:B,0)+1)), "") -> 2 | D6: =IF(A6<>INT(A6),B6, IF(A6<0,VLOOKUP(A6,lookups!A$1:B$25,2,0), IF(ISNA(B6),"", IF(OR(ISBLANK(A6),ISNA(B6),B6=0), "", "#define "& VLOOKUP(A6,SOURCE!B:S,15,0)&IF(lookups!$N$2-LEN(VLOOKUP(A6,SOURCE!B:S,15,0))>=0,REPT(" ",lookups!$N$2-LEN(VLOOKUP(A6,SOURCE!B:S,15,0))),"")& TEXT(A6,"???0")&IF(VLOOKUP(A6,SOURCE!B:S,16,0)="",""," "&VLOOKUP(A6,SOURCE!B:S,16,0) )))) ) -> #define ITM_LBL 1
A7: =C6 -> 2 | B7: =VLOOKUP(A7,SOURCE!B:S,15,0) -> ITM_GTO | C7: =IF( ISNUMBER(INDEX(SOURCE!B:B,MATCH(A7,SOURCE!B:B,0)+1)), VALUE(INDEX(SOURCE!B:B,MATCH(A7,SOURCE!B:B,0)+1)), "") -> 3 | D7: =IF(A7<>INT(A7),B7, IF(A7<0,VLOOKUP(A7,lookups!A$1:B$25,2,0), IF(ISNA(B7),"", IF(OR(ISBLANK(A7),ISNA(B7),B7=0), "", "#define "& VLOOKUP(A7,SOURCE!B:S,15,0)&IF(lookups!$N$2-LEN(VLOOKUP(A7,SOURCE!B:S,15,0))>=0,REPT(" ",lookups!$N$2-LEN(VLOOKUP(A7,SOURCE!B:S,15,0))),"")& TEXT(A7,"???0")&IF(VLOOKUP(A7,SOURCE!B:S,16,0)="",""," "&VLOOKUP(A7,SOURCE!B:S,16,0) )))) ) -> #define ITM_GTO 2
A8: =C7 -> 3 | B8: =VLOOKUP(A8,SOURCE!B:S,15,0) -> ITM_XEQ | C8: =IF( ISNUMBER(INDEX(SOURCE!B:B,MATCH(A8,SOURCE!B:B,0)+1)), VALUE(INDEX(SOURCE!B:B,MATCH(A8,SOURCE!B:B,0)+1)), "") -> 4 | D8: =IF(A8<>INT(A8),B8, IF(A8<0,VLOOKUP(A8,lookups!A$1:B$25,2,0), IF(ISNA(B8),"", IF(OR(ISBLANK(A8),ISNA(B8),B8=0), "", "#define "& VLOOKUP(A8,SOURCE!B:S,15,0)&IF(lookups!$N$2-LEN(VLOOKUP(A8,SOURCE!B:S,15,0))>=0,REPT(" ",lookups!$N$2-LEN(VLOOKUP(A8,SOURCE!B:S,15,0))),"")& TEXT(A8,"???0")&IF(VLOOKUP(A8,SOURCE!B:S,16,0)="",""," "&VLOOKUP(A8,SOURCE!B:S,16,0) )))) ) -> #define ITM_XEQ 3
A9: =C8 -> 4 | B9: =VLOOKUP(A9,SOURCE!B:S,15,0) -> ITM_RTN | C9: =IF( ISNUMBER(INDEX(SOURCE!B:B,MATCH(A9,SOURCE!B:B,0)+1)), VALUE(INDEX(SOURCE!B:B,MATCH(A9,SOURCE!B:B,0)+1)), "") -> 5 | D9: =IF(A9<>INT(A9),B9, IF(A9<0,VLOOKUP(A9,lookups!A$1:B$25,2,0), IF(ISNA(B9),"", IF(OR(ISBLANK(A9),ISNA(B9),B9=0), "", "#define "& VLOOKUP(A9,SOURCE!B:S,15,0)&IF(lookups!$N$2-LEN(VLOOKUP(A9,SOURCE!B:S,15,0))>=0,REPT(" ",lookups!$N$2-LEN(VLOOKUP(A9,SOURCE!B:S,15,0))),"")& TEXT(A9,"???0")&IF(VLOOKUP(A9,SOURCE!B:S,16,0)="",""," "&VLOOKUP(A9,SOURCE!B:S,16,0) )))) ) -> #define ITM_RTN 4
A10: =C9 -> 5 | B10: =VLOOKUP(A10,SOURCE!B:S,15,0) -> ITM_ISE | C10: =IF( ISNUMBER(INDEX(SOURCE!B:B,MATCH(A10,SOURCE!B:B,0)+1)), VALUE(INDEX(SOURCE!B:B,MATCH(A10,SOURCE!B:B,0)+1)), "") -> 6 | D10: =IF(A10<>INT(A10),B10, IF(A10<0,VLOOKUP(A10,lookups!A$1:B$25,2,0), IF(ISNA(B10),"", IF(OR(ISBLANK(A10),ISNA(B10),B10=0), "", "#define "& VLOOKUP(A10,SOURCE!B:S,15,0)&IF(lookups!$N$2-LEN(VLOOKUP(A10,SOURCE!B:S,15,0))>=0,REPT(" ",lookups!$N$2-LEN(VLOOKUP(A10,SOURCE!B:S,15,0))),"")& TEXT(A10,"???0")&IF(VLOOKUP(A10,SOURCE!B:S,16,0)="",""," "&VLOOKUP(A10,SOURCE!B:S,16,0) )))) ) -> #define ITM_ISE 5
A11: =C10 -> 6 | B11: =VLOOKUP(A11,SOURCE!B:S,15,0) -> ITM_ISG | C11: =IF( ISNUMBER(INDEX(SOURCE!B:B,MATCH(A11,SOURCE!B:B,0)+1)), VALUE(INDEX(SOURCE!B:B,MATCH(A11,SOURCE!B:B,0)+1)), "") -> 7 | D11: =IF(A11<>INT(A11),B11, IF(A11<0,VLOOKUP(A11,lookups!A$1:B$25,2,0), IF(ISNA(B11),"", IF(OR(ISBLANK(A11),ISNA(B11),B11=0), "", "#define "& VLOOKUP(A11,SOURCE!B:S,15,0)&IF(lookups!$N$2-LEN(VLOOKUP(A11,SOURCE!B:S,15,0))>=0,REPT(" ",lookups!$N$2-LEN(VLOOKUP(A11,SOURCE!B:S,15,0))),"")& TEXT(A11,"???0")&IF(VLOOKUP(A11,SOURCE!B:S,16,0)="",""," "&VLOOKUP(A11,SOURCE!B:S,16,0) )))) ) -> #define ITM_ISG 6
A12: =C11 -> 7 | B12: =VLOOKUP(A12,SOURCE!B:S,15,0) -> ITM_ISZ | C12: =IF( ISNUMBER(INDEX(SOURCE!B:B,MATCH(A12,SOURCE!B:B,0)+1)), VALUE(INDEX(SOURCE!B:B,MATCH(A12,SOURCE!B:B,0)+1)), "") -> 8 | D12: =IF(A12<>INT(A12),B12, IF(A12<0,VLOOKUP(A12,lookups!A$1:B$25,2,0), IF(ISNA(B12),"", IF(OR(ISBLANK(A12),ISNA(B12),B12=0), "", "#define "& VLOOKUP(A12,SOURCE!B:S,15,0)&IF(lookups!$N$2-LEN(VLOOKUP(A12,SOURCE!B:S,15,0))>=0,REPT(" ",lookups!$N$2-LEN(VLOOKUP(A12,SOURCE!B:S,15,0))),"")& TEXT(A12,"???0")&IF(VLOOKUP(A12,SOURCE!B:S,16,0)="",""," "&VLOOKUP(A12,SOURCE!B:S,16,0) )))) ) -> #define ITM_ISZ 7
A13: =C12 -> 8 | B13: =VLOOKUP(A13,SOURCE!B:S,15,0) -> ITM_DSE | C13: =IF( ISNUMBER(INDEX(SOURCE!B:B,MATCH(A13,SOURCE!B:B,0)+1)), VALUE(INDEX(SOURCE!B:B,MATCH(A13,SOURCE!B:B,0)+1)), "") -> 9 | D13: =IF(A13<>INT(A13),B13, IF(A13<0,VLOOKUP(A13,lookups!A$1:B$25,2,0), IF(ISNA(B13),"", IF(OR(ISBLANK(A13),ISNA(B13),B13=0), "", "#define "& VLOOKUP(A13,SOURCE!B:S,15,0)&IF(lookups!$N$2-LEN(VLOOKUP(A13,SOURCE!B:S,15,0))>=0,REPT(" ",lookups!$N$2-LEN(VLOOKUP(A13,SOURCE!B:S,15,0))),"")& TEXT(A13,"???0")&IF(VLOOKUP(A13,SOURCE!B:S,16,0)="",""," "&VLOOKUP(A13,SOURCE!B:S,16,0) )))) ) -> #define ITM_DSE 8
A14: =C13 -> 9 | B14: =VLOOKUP(A14,SOURCE!B:S,15,0) -> ITM_DSL | C14: =IF( ISNUMBER(INDEX(SOURCE!B:B,MATCH(A14,SOURCE!B:B,0)+1)), VALUE(INDEX(SOURCE!B:B,MATCH(A14,SOURCE!B:B,0)+1)), "") -> 10 | D14: =IF(A14<>INT(A14),B14, IF(A14<0,VLOOKUP(A14,lookups!A$1:B$25,2,0), IF(ISNA(B14),"", IF(OR(ISBLANK(A14),ISNA(B14),B14=0), "", "#define "& VLOOKUP(A14,SOURCE!B:S,15,0)&IF(lookups!$N$2-LEN(VLOOKUP(A14,SOURCE!B:S,15,0))>=0,REPT(" ",lookups!$N$2-LEN(VLOOKUP(A14,SOURCE!B:S,15,0))),"")& TEXT(A14,"???0")&IF(VLOOKUP(A14,SOURCE!B:S,16,0)="",""," "&VLOOKUP(A14,SOURCE!B:S,16,0) )))) ) -> #define ITM_DSL 9
A15: =C14 -> 10 | B15: =VLOOKUP(A15,SOURCE!B:S,15,0) -> ITM_DSZ | C15: =IF( ISNUMBER(INDEX(SOURCE!B:B,MATCH(A15,SOURCE!B:B,0)+1)), VALUE(INDEX(SOURCE!B:B,MATCH(A15,SOURCE!B:B,0)+1)), "") -> 11 | D15: =IF(A15<>INT(A15),B15, IF(A15<0,VLOOKUP(A15,lookups!A$1:B$25,2,0), IF(ISNA(B15),"", IF(OR(ISBLANK(A15),ISNA(B15),B15=0), "", "#define "& VLOOKUP(A15,SOURCE!B:S,15,0)&IF(lookups!$N$2-LEN(VLOOKUP(A15,SOURCE!B:S,15,0))>=0,REPT(" ",lookups!$N$2-LEN(VLOOKUP(A15,SOURCE!B:S,15,0))),"")& TEXT(A15,"???0")&IF(VLOOKUP(A15,SOURCE!B:S,16,0)="",""," "&VLOOKUP(A15,SOURCE!B:S,16,0) )))) ) -> #define ITM_DSZ 10
... A2291: =C2290 | B2291: =VLOOKUP(A2291,SOURCE!B:S,15,0) -> #N/A | C2291: =IF( ISNUMBER(INDEX(SOURCE!B:B,MATCH(A2291,SOURCE!B:B,0)+1)), VALUE(INDEX(SOURCE!B:B,MATCH(A2291,SOURCE!B:B,0)+1)), "") | D2291: =IF(A2291<>INT(A2291),B2291, IF(A2291<0,VLOOKUP(A2291,lookups!A$1:B$25,2,0), IF(ISNA(B2291),"", IF(OR(ISBLANK(A2291),ISNA(B2291),B2291=0), "", "#define "& VLOOKUP(A2291,SOURCE!B:S,15,0)&IF(lookups!$N$2-LEN(VLOOKUP(A2291,SOURCE!B:S,15,0))>=0,REPT(" ",lookups!$N$2-LEN(VLOOKUP(A2291,SOURCE!B:S,15,0))),"")& TEXT(A2291,"???0")&IF(VLOOKUP(A2291,SOURCE!B:S,16,0)="",""," "&VLOOKUP(A2291,SOURCE!B:S,16,0) )))) ) -> #VALUE!

Sheet CNST abbreviations
B1: Abbreviation list, imported and " added | F1: yr.gregor | H1: =""""&F1&"""" -> "yr.gregor"
B2: Imported from constants_values_abbreviations_j.xlsx | F2: rad.bohr | H2: =""""&F2&"""" -> "rad.bohr"
F3: orb.moon | H3: =""""&F3&"""" -> "orb.moon"
F4: orb.earth | H4: =""""&F4&"""" -> "orb.earth"
F5: lightspeed | H5: =""""&F5&"""" -> "lightspeed"
F6: c.radiatn1 | H6: =""""&F6&"""" -> "c.radiatn1"
F7: c.radiatn2 | H7: =""""&F7&"""" -> "c.radiatn2"
F8: charge.elem | H8: =""""&F8&"""" -> "charge.elem"
F9: e.euler | H9: =""""&F9&"""" -> "e.euler"
F10: c.faraday | H10: =""""&F10&"""" -> "c.faraday"
F11: α.feigenbm | H11: =""""&F11&"""" -> "α.feigenbm"
F12: δ.feigenbm | H12: =""""&F12&"""" -> "δ.feigenbm"
F13: c.grav.nwt | H13: =""""&F13&"""" -> "c.grav.nwt"
F14: cond.quant | H14: =""""&F14&"""" -> "cond.quant"
... F79: zero | H79: =""""&F79&"""" -> "zero"

Sheet EQN texts
P1: ITM_GD | Q1: ITM_GDM1 | R1: ITM_WP
B4: ITM_SQUAREROOTX
B5: ITM_SQRT
B6: ITM_EXP
A7: ITM_LOG2
B8: ITM_LN
A9: ITM_LOG10
A12: ITM_GD
A13: ITM_GDM1
A15: ITM_arcosh
A16: ITM_arsinh
A17: ITM_artanh
A18: ITM_cosh
A19: ITM_sinh
A20: ITM_tanh | D20: ITM_LEFT_PARENTHESIS | E20: , | F20: ITM_RIGHT_PARENTHESIS | G20: , | H20: ITM_CIRCUMFLEX | I20: , | J20: ITM_ROOT_SIGN | K20: , | L20: ITM_EQ_LEFT | M20: , | N20: ITM_EQ_RIGHT | O20: , | Q20: =D20&","&MID(" ",1,26-LEN(D20)) -> ITM_LEFT_PARENTHESIS, | R20: =F20&","&MID(" ",1,26-LEN(F20)) -> ITM_RIGHT_PARENTHESIS, | S20: =H20&","&MID(" ",1,26-LEN(H20)) -> ITM_CIRCUMFLEX, | T20: =J20&","&MID(" ",1,26-LEN(J20)) -> ITM_ROOT_SIGN, | U20: =L20&","&MID(" ",1,26-LEN(L20)) -> ITM_EQ_LEFT, | V20: =N20&","&MID(" ",1,26-LEN(N20)) -> ITM_EQ_RIGHT, | Y20: =" "&Q20&R20&S20&T20&U20&V20 -> ITM_LEFT_PARENTHESIS, ITM_RIGHT_PARENTHESIS, ITM_CIRCUMFLEX, ITM_ROOT_SIGN, ITM_EQ_LEFT, ITM_EQ_RIGHT,
D21: ITM_ALOG_SYMBOL | E21: , | F21: ITM_EQUAL | G21: , | H21: ITM_SCR | I21: , | J21: CHR_num | K21: , | L21: CHR_case | M21: , | N21: ITM_COLON | O21: , | Q21: =D21&","&MID(" ",1,26-LEN(D21)) -> ITM_ALOG_SYMBOL, | R21: =F21&","&MID(" ",1,26-LEN(F21)) -> ITM_EQUAL, | S21: =H21&","&MID(" ",1,26-LEN(H21)) -> ITM_SCR, | T21: =J21&","&MID(" ",1,26-LEN(J21)) -> CHR_num, | U21: =L21&","&MID(" ",1,26-LEN(L21)) -> CHR_case, | V21: =N21&","&MID(" ",1,26-LEN(N21)) -> ITM_COLON, | Y21: =" "&Q21&R21&S21&T21&U21&V21 -> ITM_ALOG_SYMBOL, ITM_EQUAL, ITM_SCR, CHR_num, CHR_case, ITM_COLON,
A22: ITM_ACOS | D22: ITM_NULL | E22: , | F22: ITM_NULL | G22: , | H22: ITM_NULL | I22: , | J22: ITM_NULL | K22: , | L22: ITM_NULL | M22: , | N22: ITM_NULL | O22: , | Q22: =D22&","&MID(" ",1,26-LEN(D22)) -> ITM_NULL, | R22: =F22&","&MID(" ",1,26-LEN(F22)) -> ITM_NULL, | S22: =H22&","&MID(" ",1,26-LEN(H22)) -> ITM_NULL, | T22: =J22&","&MID(" ",1,26-LEN(J22)) -> ITM_NULL, | U22: =L22&","&MID(" ",1,26-LEN(L22)) -> ITM_NULL, | V22: =N22&","&MID(" ",1,26-LEN(N22)) -> ITM_NULL, | Y22: =" "&Q22&R22&S22&T22&U22&V22 -> ITM_NULL, ITM_NULL, ITM_NULL, ITM_NULL, ITM_NULL, ITM_NULL,
A23: ITM_arccos | Q23: =D23&","&MID(" ",1,26-LEN(D23)) -> , | R23: =F23&","&MID(" ",1,26-LEN(F23)) -> , | S23: =H23&","&MID(" ",1,26-LEN(H23)) -> , | T23: =J23&","&MID(" ",1,26-LEN(J23)) -> , | U23: =L23&","&MID(" ",1,26-LEN(L23)) -> , | V23: =N23&","&MID(" ",1,26-LEN(N23)) -> ,
A24: ITM_arcsin | D24: ITM_sin | E24: , | F24: ITM_cos | G24: , | H24: ITM_tan | I24: , | J24: ITM_pi | K24: , | L24: ITM_EQ_LEFT | M24: , | N24: ITM_EQ_RIGHT | O24: , | Q24: =D24&","&MID(" ",1,26-LEN(D24)) -> ITM_sin, | R24: =F24&","&MID(" ",1,26-LEN(F24)) -> ITM_cos, | S24: =H24&","&MID(" ",1,26-LEN(H24)) -> ITM_tan, | T24: =J24&","&MID(" ",1,26-LEN(J24)) -> ITM_pi, | U24: =L24&","&MID(" ",1,26-LEN(L24)) -> ITM_EQ_LEFT, | V24: =N24&","&MID(" ",1,26-LEN(N24)) -> ITM_EQ_RIGHT, | Y24: =" "&Q24&R24&S24&T24&U24&V24 -> ITM_sin, ITM_cos, ITM_tan, ITM_pi, ITM_EQ_LEFT, ITM_EQ_RIGHT,
A25: ITM_arctan | D25: ITM_arcsin | E25: , | F25: ITM_arccos | G25: , | H25: ITM_arctan | I25: , | J25: ITM_op_j_SIGN | K25: , | L25: ITM_atan2 | M25: , | N25: ITM_XSWAP | O25: , | Q25: =D25&","&MID(" ",1,26-LEN(D25)) -> ITM_arcsin, | R25: =F25&","&MID(" ",1,26-LEN(F25)) -> ITM_arccos, | S25: =H25&","&MID(" ",1,26-LEN(H25)) -> ITM_arctan, | T25: =J25&","&MID(" ",1,26-LEN(J25)) -> ITM_op_j_SIGN, | U25: =L25&","&MID(" ",1,26-LEN(L25)) -> ITM_atan2, | V25: =N25&","&MID(" ",1,26-LEN(N25)) -> ITM_XSWAP, | Y25: =" "&Q25&R25&S25&T25&U25&V25 -> ITM_arcsin, ITM_arccos, ITM_arctan, ITM_op_j_SIGN, ITM_atan2, ITM_XSWAP,
A26: ITM_ASIN | D26: ITM_NULL | E26: , | F26: ITM_NULL | G26: , | H26: ITM_NULL | I26: , | J26: ITM_NULL | K26: , | L26: ITM_NULL | M26: , | N26: ITM_NULL | O26: , | Q26: =D26&","&MID(" ",1,26-LEN(D26)) -> ITM_NULL, | R26: =F26&","&MID(" ",1,26-LEN(F26)) -> ITM_NULL, | S26: =H26&","&MID(" ",1,26-LEN(H26)) -> ITM_NULL, | T26: =J26&","&MID(" ",1,26-LEN(J26)) -> ITM_NULL, | U26: =L26&","&MID(" ",1,26-LEN(L26)) -> ITM_NULL, | V26: =N26&","&MID(" ",1,26-LEN(N26)) -> ITM_NULL, | Y26: =" "&Q26&R26&S26&T26&U26&V26 -> ITM_NULL, ITM_NULL, ITM_NULL, ITM_NULL, ITM_NULL, ITM_NULL,
A27: ITM_ATAN | Q27: =D27&","&MID(" ",1,26-LEN(D27)) -> , | R27: =F27&","&MID(" ",1,26-LEN(F27)) -> , | S27: =H27&","&MID(" ",1,26-LEN(H27)) -> , | T27: =J27&","&MID(" ",1,26-LEN(J27)) -> , | U27: =L27&","&MID(" ",1,26-LEN(L27)) -> , | V27: =N27&","&MID(" ",1,26-LEN(N27)) -> ,
A28: ITM_atan2 | D28: ITM_VERTICAL_BAR | E28: , | F28: ITM_ARG | G28: , | H28: ITM_RE | I28: , | J28: ITM_IM | K28: , | L28: ITM_EQ_LEFT | M28: , | N28: ITM_EQ_RIGHT | O28: , | Q28: =D28&","&MID(" ",1,26-LEN(D28)) -> ITM_VERTICAL_BAR, | R28: =F28&","&MID(" ",1,26-LEN(F28)) -> ITM_ARG, | S28: =H28&","&MID(" ",1,26-LEN(H28)) -> ITM_RE, | T28: =J28&","&MID(" ",1,26-LEN(J28)) -> ITM_IM, | U28: =L28&","&MID(" ",1,26-LEN(L28)) -> ITM_EQ_LEFT, | V28: =N28&","&MID(" ",1,26-LEN(N28)) -> ITM_EQ_RIGHT, | Y28: =" "&Q28&R28&S28&T28&U28&V28 -> ITM_VERTICAL_BAR, ITM_ARG, ITM_RE, ITM_IM, ITM_EQ_LEFT, ITM_EQ_RIGHT,
A29: ITM_cos | D29: ITM_FLOOR | E29: , | F29: ITM_CEIL | G29: , | H29: ITM_MAX | I29: , | J29: ITM_MIN | K29: , | L29: -MNU_CONST | M29: , | N29: ITM_XSWAP | O29: , | Q29: =D29&","&MID(" ",1,26-LEN(D29)) -> ITM_FLOOR, | R29: =F29&","&MID(" ",1,26-LEN(F29)) -> ITM_CEIL, | S29: =H29&","&MID(" ",1,26-LEN(H29)) -> ITM_MAX, | T29: =J29&","&MID(" ",1,26-LEN(J29)) -> ITM_MIN, | U29: =L29&","&MID(" ",1,26-LEN(L29)) -> -MNU_CONST, | V29: =N29&","&MID(" ",1,26-LEN(N29)) -> ITM_XSWAP, | Y29: =" "&Q29&R29&S29&T29&U29&V29 -> ITM_FLOOR, ITM_CEIL, ITM_MAX, ITM_MIN, -MNU_CONST, ITM_XSWAP,
A30: ITM_sin | D30: ITM_NULL | E30: , | F30: ITM_NULL | G30: , | H30: ITM_NULL | I30: , | J30: ITM_NULL | K30: , | L30: ITM_NULL | M30: , | N30: ITM_NULL | O30: , | Q30: =D30&","&MID(" ",1,26-LEN(D30)) -> ITM_NULL, | R30: =F30&","&MID(" ",1,26-LEN(F30)) -> ITM_NULL, | S30: =H30&","&MID(" ",1,26-LEN(H30)) -> ITM_NULL, | T30: =J30&","&MID(" ",1,26-LEN(J30)) -> ITM_NULL, | U30: =L30&","&MID(" ",1,26-LEN(L30)) -> ITM_NULL, | V30: =N30&","&MID(" ",1,26-LEN(N30)) -> ITM_NULL, | Y30: =" "&Q30&R30&S30&T30&U30&V30 -> ITM_NULL, ITM_NULL, ITM_NULL, ITM_NULL, ITM_NULL, ITM_NULL,
A31: ITM_sinc | Q31: =D31&","&MID(" ",1,26-LEN(D31)) -> , | R31: =F31&","&MID(" ",1,26-LEN(F31)) -> , | S31: =H31&","&MID(" ",1,26-LEN(H31)) -> , | T31: =J31&","&MID(" ",1,26-LEN(J31)) -> , | U31: =L31&","&MID(" ",1,26-LEN(L31)) -> , | V31: =N31&","&MID(" ",1,26-LEN(N31)) -> ,
A32: ITM_sincpi | D32: ITM_LOGXY | E32: , | F32: ITM_LOG10 | G32: , | H32: ITM_LN | I32: , | J32: ITM_LOG2 | K32: , | L32: ITM_EQ_LEFT | M32: , | N32: ITM_EQ_RIGHT | O32: , | Q32: =D32&","&MID(" ",1,26-LEN(D32)) -> ITM_LOGXY, | R32: =F32&","&MID(" ",1,26-LEN(F32)) -> ITM_LOG10, | S32: =H32&","&MID(" ",1,26-LEN(H32)) -> ITM_LN, | T32: =J32&","&MID(" ",1,26-LEN(J32)) -> ITM_LOG2, | U32: =L32&","&MID(" ",1,26-LEN(L32)) -> ITM_EQ_LEFT, | V32: =N32&","&MID(" ",1,26-LEN(N32)) -> ITM_EQ_RIGHT, | Y32: =" "&Q32&R32&S32&T32&U32&V32 -> ITM_LOGXY, ITM_LOG10, ITM_LN, ITM_LOG2, ITM_EQ_LEFT, ITM_EQ_RIGHT,
A33: ITM_tan | D33: ITM_FIB | E33: , | F33: ITM_COMB | G33: , | H33: ITM_PERM | I33: , | J33: ITM_EXCLAMATION_MARK | K33: , | L33: ITM_sinc | M33: , | N33: ITM_sincpi | O33: , | Q33: =D33&","&MID(" ",1,26-LEN(D33)) -> ITM_FIB, | R33: =F33&","&MID(" ",1,26-LEN(F33)) -> ITM_COMB, | S33: =H33&","&MID(" ",1,26-LEN(H33)) -> ITM_PERM, | T33: =J33&","&MID(" ",1,26-LEN(J33)) -> ITM_EXCLAMATION_MARK, | U33: =L33&","&MID(" ",1,26-LEN(L33)) -> ITM_sinc, | V33: =N33&","&MID(" ",1,26-LEN(N33)) -> ITM_sincpi, | Y33: =" "&Q33&R33&S33&T33&U33&V33 -> ITM_FIB, ITM_COMB, ITM_PERM, ITM_EXCLAMATION_MARK, ITM_sinc, ITM_sincpi,
D34: ITM_NULL | E34: , | F34: ITM_NULL | G34: , | H34: ITM_NULL | I34: , | J34: ITM_NULL | K34: , | L34: ITM_NULL | M34: , | N34: ITM_NULL | O34: , | Q34: =D34&","&MID(" ",1,26-LEN(D34)) -> ITM_NULL, | R34: =F34&","&MID(" ",1,26-LEN(F34)) -> ITM_NULL, | S34: =H34&","&MID(" ",1,26-LEN(H34)) -> ITM_NULL, | T34: =J34&","&MID(" ",1,26-LEN(J34)) -> ITM_NULL, | U34: =L34&","&MID(" ",1,26-LEN(L34)) -> ITM_NULL, | V34: =N34&","&MID(" ",1,26-LEN(N34)) -> ITM_NULL, | Y34: =" "&Q34&R34&S34&T34&U34&V34 -> ITM_NULL, ITM_NULL, ITM_NULL, ITM_NULL, ITM_NULL, ITM_NULL,
A35: ITM_CEIL | Q35: =D35&","&MID(" ",1,26-LEN(D35)) -> , | R35: =F35&","&MID(" ",1,26-LEN(F35)) -> , | S35: =H35&","&MID(" ",1,26-LEN(H35)) -> , | T35: =J35&","&MID(" ",1,26-LEN(J35)) -> , | U35: =L35&","&MID(" ",1,26-LEN(L35)) -> , | V35: =N35&","&MID(" ",1,26-LEN(N35)) -> ,
A36: ITM_FLOOR | D36: ITM_sinh | E36: , | F36: ITM_cosh | G36: , | H36: ITM_tanh | I36: , | J36: ITM_IDIV | K36: , | L36: ITM_EQ_LEFT | M36: , | N36: ITM_EQ_RIGHT | O36: , | Q36: =D36&","&MID(" ",1,26-LEN(D36)) -> ITM_sinh, | R36: =F36&","&MID(" ",1,26-LEN(F36)) -> ITM_cosh, | S36: =H36&","&MID(" ",1,26-LEN(H36)) -> ITM_tanh, | T36: =J36&","&MID(" ",1,26-LEN(J36)) -> ITM_IDIV, | U36: =L36&","&MID(" ",1,26-LEN(L36)) -> ITM_EQ_LEFT, | V36: =N36&","&MID(" ",1,26-LEN(N36)) -> ITM_EQ_RIGHT, | Y36: =" "&Q36&R36&S36&T36&U36&V36 -> ITM_sinh, ITM_cosh, ITM_tanh, ITM_IDIV, ITM_EQ_LEFT, ITM_EQ_RIGHT,
A37: ITM_IDIV | D37: ITM_arsinh | E37: , | F37: ITM_arcosh | G37: , | H37: ITM_artanh | I37: , | J37: ITM_MOD | K37: , | L37: ITM_RMD | M37: , | N37: ITM_XSWAP | O37: , | Q37: =D37&","&MID(" ",1,26-LEN(D37)) -> ITM_arsinh, | R37: =F37&","&MID(" ",1,26-LEN(F37)) -> ITM_arcosh, | S37: =H37&","&MID(" ",1,26-LEN(H37)) -> ITM_artanh, | T37: =J37&","&MID(" ",1,26-LEN(J37)) -> ITM_MOD, | U37: =L37&","&MID(" ",1,26-LEN(L37)) -> ITM_RMD, | V37: =N37&","&MID(" ",1,26-LEN(N37)) -> ITM_XSWAP, | Y37: =" "&Q37&R37&S37&T37&U37&V37 -> ITM_arsinh, ITM_arcosh, ITM_artanh, ITM_MOD, ITM_RMD, ITM_XSWAP,
A38: ITM_MOD | D38: ITM_NULL | E38: , | F38: ITM_NULL | G38: , | H38: ITM_NULL | I38: , | J38: ITM_NULL | K38: , | L38: ITM_NULL | M38: , | N38: ITM_NULL | O38: , | Q38: =D38&","&MID(" ",1,26-LEN(D38)) -> ITM_NULL, | R38: =F38&","&MID(" ",1,26-LEN(F38)) -> ITM_NULL, | S38: =H38&","&MID(" ",1,26-LEN(H38)) -> ITM_NULL, | T38: =J38&","&MID(" ",1,26-LEN(J38)) -> ITM_NULL, | U38: =L38&","&MID(" ",1,26-LEN(L38)) -> ITM_NULL, | V38: =N38&","&MID(" ",1,26-LEN(N38)) -> ITM_NULL, | Y38: =" "&Q38&R38&S38&T38&U38&V38 -> ITM_NULL, ITM_NULL, ITM_NULL, ITM_NULL, ITM_NULL, ITM_NULL,
A39: ITM_MAX | Q39: =D39&","&MID(" ",1,26-LEN(D39)) -> , | R39: =F39&","&MID(" ",1,26-LEN(F39)) -> , | S39: =H39&","&MID(" ",1,26-LEN(H39)) -> , | T39: =J39&","&MID(" ",1,26-LEN(J39)) -> , | U39: =L39&","&MID(" ",1,26-LEN(L39)) -> , | V39: =N39&","&MID(" ",1,26-LEN(N39)) -> ,
A40: ITM_MIN | D40: ITM_GAMMAX | E40: , | F40: ITM_HN | G40: , | H40: ITM_Lm | I40: , | J40: ITM_Pn | K40: , | L40: ITM_EQ_LEFT | M40: , | N40: ITM_EQ_RIGHT | O40: , | Q40: =D40&","&MID(" ",1,26-LEN(D40)) -> ITM_GAMMAX, | R40: =F40&","&MID(" ",1,26-LEN(F40)) -> ITM_HN, | S40: =H40&","&MID(" ",1,26-LEN(H40)) -> ITM_Lm, | T40: =J40&","&MID(" ",1,26-LEN(J40)) -> ITM_Pn, | U40: =L40&","&MID(" ",1,26-LEN(L40)) -> ITM_EQ_LEFT, | V40: =N40&","&MID(" ",1,26-LEN(N40)) -> ITM_EQ_RIGHT, | Y40: =" "&Q40&R40&S40&T40&U40&V40 -> ITM_GAMMAX, ITM_HN, ITM_Lm, ITM_Pn, ITM_EQ_LEFT, ITM_EQ_RIGHT,
A41: ITM_RMD | D41: ITM_LNGAMMA | E41: , | F41: ITM_HNP | G41: , | H41: ITM_Un | I41: , | J41: ITM_Tn | K41: , | L41: ITM_poly_SIGN | M41: , | N41: ITM_XSWAP | O41: , | Q41: =D41&","&MID(" ",1,26-LEN(D41)) -> ITM_LNGAMMA, | R41: =F41&","&MID(" ",1,26-LEN(F41)) -> ITM_HNP, | S41: =H41&","&MID(" ",1,26-LEN(H41)) -> ITM_Un, | T41: =J41&","&MID(" ",1,26-LEN(J41)) -> ITM_Tn, | U41: =L41&","&MID(" ",1,26-LEN(L41)) -> ITM_poly_SIGN, | V41: =N41&","&MID(" ",1,26-LEN(N41)) -> ITM_XSWAP, | Y41: =" "&Q41&R41&S41&T41&U41&V41 -> ITM_LNGAMMA, ITM_HNP, ITM_Un, ITM_Tn, ITM_poly_SIGN, ITM_XSWAP,
D42: ITM_NULL | E42: , | F42: ITM_NULL | G42: , | H42: ITM_NULL | I42: , | J42: ITM_NULL | K42: , | L42: ITM_NULL | M42: , | N42: ITM_NULL | O42: , | Q42: =D42&","&MID(" ",1,26-LEN(D42)) -> ITM_NULL, | R42: =F42&","&MID(" ",1,26-LEN(F42)) -> ITM_NULL, | S42: =H42&","&MID(" ",1,26-LEN(H42)) -> ITM_NULL, | T42: =J42&","&MID(" ",1,26-LEN(J42)) -> ITM_NULL, | U42: =L42&","&MID(" ",1,26-LEN(L42)) -> ITM_NULL, | V42: =N42&","&MID(" ",1,26-LEN(N42)) -> ITM_NULL, | Y42: =" "&Q42&R42&S42&T42&U42&V42 -> ITM_NULL, ITM_NULL, ITM_NULL, ITM_NULL, ITM_NULL, ITM_NULL,
B43: ITM_MAGNITUDE | Q43: =D43&","&MID(" ",1,26-LEN(D43)) -> , | R43: =F43&","&MID(" ",1,26-LEN(F43)) -> , | S43: =H43&","&MID(" ",1,26-LEN(H43)) -> , | T43: =J43&","&MID(" ",1,26-LEN(J43)) -> , | U43: =L43&","&MID(" ",1,26-LEN(L43)) -> , | V43: =N43&","&MID(" ",1,26-LEN(N43)) -> ,
B44: ITM_ABS | D44: ITM_BN | E44: , | F44: ITM_ERF | G44: , | H44: ITM_WP | I44: , | J44: ITM_zetaX | K44: , | L44: ITM_EQ_LEFT | M44: , | N44: ITM_EQ_RIGHT | O44: , | Q44: =D44&","&MID(" ",1,26-LEN(D44)) -> ITM_BN, | R44: =F44&","&MID(" ",1,26-LEN(F44)) -> ITM_ERF, | S44: =H44&","&MID(" ",1,26-LEN(H44)) -> ITM_WP, | T44: =J44&","&MID(" ",1,26-LEN(J44)) -> ITM_zetaX, | U44: =L44&","&MID(" ",1,26-LEN(L44)) -> ITM_EQ_LEFT, | V44: =N44&","&MID(" ",1,26-LEN(N44)) -> ITM_EQ_RIGHT, | Y44: =" "&Q44&R44&S44&T44&U44&V44 -> ITM_BN, ITM_ERF, ITM_WP, ITM_zetaX, ITM_EQ_LEFT, ITM_EQ_RIGHT,
A45: ITM_RE | D45: ITM_BNS | E45: , | F45: ITM_ERFC | G45: , | H45: ITM_WM1 | I45: , | J45: ITM_WM | K45: , | L45: -MNU_CHARS | M45: , | N45: ITM_XSWAP | O45: , | Q45: =D45&","&MID(" ",1,26-LEN(D45)) -> ITM_BNS, | R45: =F45&","&MID(" ",1,26-LEN(F45)) -> ITM_ERFC, | S45: =H45&","&MID(" ",1,26-LEN(H45)) -> ITM_WM1, | T45: =J45&","&MID(" ",1,26-LEN(J45)) -> ITM_WM, | U45: =L45&","&MID(" ",1,26-LEN(L45)) -> -MNU_CHARS, | V45: =N45&","&MID(" ",1,26-LEN(N45)) -> ITM_XSWAP, | Y45: =" "&Q45&R45&S45&T45&U45&V45 -> ITM_BNS, ITM_ERFC, ITM_WM1, ITM_WM, -MNU_CHARS, ITM_XSWAP,
A46: ITM_IM | D46: ITM_NULL | E46: , | F46: ITM_NULL | G46: , | H46: ITM_NULL | I46: , | J46: ITM_NULL | K46: , | L46: ITM_NULL | M46: , | N46: ITM_NULL | O46: , | Q46: =D46&","&MID(" ",1,26-LEN(D46)) -> ITM_NULL, | R46: =F46&","&MID(" ",1,26-LEN(F46)) -> ITM_NULL, | S46: =H46&","&MID(" ",1,26-LEN(H46)) -> ITM_NULL, | T46: =J46&","&MID(" ",1,26-LEN(J46)) -> ITM_NULL, | U46: =L46&","&MID(" ",1,26-LEN(L46)) -> ITM_NULL, | V46: =N46&","&MID(" ",1,26-LEN(N46)) -> ITM_NULL, | Y46: =" "&Q46&R46&S46&T46&U46&V46 -> ITM_NULL, ITM_NULL, ITM_NULL, ITM_NULL, ITM_NULL, ITM_NULL,
A47: ITM_ARG
B49: ITM_XFACT
A50: ITM_FIB
A51: ITM_GAMMAX
A52: ITM_zetaX
A53: ITM_LNGAMMA
G54: ,
A55: ITM_BN
A56: ITM_BNS
A57: ITM_ERF
A58: ITM_ERFC
A59: ITM_HN
A60: ITM_HNP
A61: ITM_Lm
A62: ITM_LmALPHA
A64: ITM_Pn
A65: ITM_Tn
A66: ITM_Un
A67: ITM_WM
... A69: ITM_WP

Sheet MENU template
P1: ITM_GD | Q1: ITM_GDM1 | R1: ITM_WP
C20: g | D20: ITM_NSIGMA | E20: , | F20: ITM_SIGMAx3 | G20: , | H20: ITM_SIGMAx4 | I20: , | J20: -MNU_REGR | K20: , | L20: ITM_PLOT_STAT | M20: , | N20: -MNU_HIST | O20: , | Q20: =D22&","&MID(" ",1,26-LEN(D22)) -> ITM_SIGMAPLUS, | R20: =F22&","&MID(" ",1,26-LEN(F22)) -> ITM_SIGMAx, | S20: =H22&","&MID(" ",1,26-LEN(H22)) -> ITM_SIGMAx2, | T20: =J22&","&MID(" ",1,26-LEN(J22)) -> ITM_SIGMAy, | U20: =L22&","&MID(" ",1,26-LEN(L22)) -> ITM_SIGMAy2, | V20: =N22&","&MID(" ",1,26-LEN(N22)) -> ITM_SIGMAxy, | Y20: =" "&Q20&R20&S20&T20&U20&V20 -> ITM_SIGMAPLUS, ITM_SIGMAx, ITM_SIGMAx2, ITM_SIGMAy, ITM_SIGMAy2, ITM_SIGMAxy,
C21: f | D21: ITM_SIGMAMINUS | E21: , | F21: ITM_SIGMA1onx | G21: , | H21: ITM_SIGMA1onx2 | I21: , | J21: ITM_SIGMA1ony | K21: , | L21: ITM_SIGMA1ony2 | M21: , | N21: ITM_SIGMAxony | O21: , | Q21: =D21&","&MID(" ",1,26-LEN(D21)) -> ITM_SIGMAMINUS, | R21: =F21&","&MID(" ",1,26-LEN(F21)) -> ITM_SIGMA1onx, | S21: =H21&","&MID(" ",1,26-LEN(H21)) -> ITM_SIGMA1onx2, | T21: =J21&","&MID(" ",1,26-LEN(J21)) -> ITM_SIGMA1ony, | U21: =L21&","&MID(" ",1,26-LEN(L21)) -> ITM_SIGMA1ony2, | V21: =N21&","&MID(" ",1,26-LEN(N21)) -> ITM_SIGMAxony, | Y21: =" "&Q21&R21&S21&T21&U21&V21 -> ITM_SIGMAMINUS, ITM_SIGMA1onx, ITM_SIGMA1onx2, ITM_SIGMA1ony, ITM_SIGMA1ony2, ITM_SIGMAxony,
C22: Primary | D22: ITM_SIGMAPLUS | E22: , | F22: ITM_SIGMAx | G22: , | H22: ITM_SIGMAx2 | I22: , | J22: ITM_SIGMAy | K22: , | L22: ITM_SIGMAy2 | M22: , | N22: ITM_SIGMAxy | O22: , | Q22: =D20&","&MID(" ",1,26-LEN(D20)) -> ITM_NSIGMA, | R22: =F20&","&MID(" ",1,26-LEN(F20)) -> ITM_SIGMAx3, | S22: =H20&","&MID(" ",1,26-LEN(H20)) -> ITM_SIGMAx4, | T22: =J20&","&MID(" ",1,26-LEN(J20)) -> -MNU_REGR, | U22: =L20&","&MID(" ",1,26-LEN(L20)) -> ITM_PLOT_STAT, | V22: =N20&","&MID(" ",1,26-LEN(N20)) -> -MNU_HIST, | Y22: =" "&Q22&R22&S22&T22&U22&V22 -> ITM_NSIGMA, ITM_SIGMAx3, ITM_SIGMAx4, -MNU_REGR, ITM_PLOT_STAT, -MNU_HIST,
Q23: =#REF!&","&MID(" ",1,26-LEN(#REF!)) -> 0 | R23: =#REF!&","&MID(" ",1,26-LEN(#REF!)) -> 0 | S23: =#REF!&","&MID(" ",1,26-LEN(#REF!)) -> 0 | T23: =#REF!&","&MID(" ",1,26-LEN(#REF!)) -> 0 | U23: =#REF!&","&MID(" ",1,26-LEN(#REF!)) -> 0 | V23: =#REF!&","&MID(" ",1,26-LEN(#REF!)) -> 0
C24: g | D24: ITM_NSIGMA | E24: , | F24: ITM_NULL | G24: , | H24: ITM_NULL | I24: , | J24: ITM_SIGMAlnyonx | K24: , | L24: ITM_NULL | M24: , | N24: ITM_CLSIGMA | O24: , | Q24: =D26&","&MID(" ",1,26-LEN(D26)) -> ITM_SIGMAPLUS, | R24: =F26&","&MID(" ",1,26-LEN(F26)) -> ITM_SIGMAlnx, | S24: =H26&","&MID(" ",1,26-LEN(H26)) -> ITM_SIGMAln2x, | T24: =J26&","&MID(" ",1,26-LEN(J26)) -> ITM_SIGMAlny, | U24: =L26&","&MID(" ",1,26-LEN(L26)) -> ITM_SIGMAln2y, | V24: =N26&","&MID(" ",1,26-LEN(N26)) -> ITM_SIGMAx2y, | Y24: =" "&Q24&R24&S24&T24&U24&V24 -> ITM_SIGMAPLUS, ITM_SIGMAlnx, ITM_SIGMAln2x, ITM_SIGMAlny, ITM_SIGMAln2y, ITM_SIGMAx2y,
C25: f | D25: ITM_SIGMAMINUS | E25: , | F25: ITM_SIGMAylnx | G25: , | H25: ITM_SIGMAlnxy | I25: , | J25: ITM_SIGMAxlny | K25: , | L25: ITM_SIGMAx2lny | M25: , | N25: ITM_SIGMAx2ony | O25: , | Q25: =D25&","&MID(" ",1,26-LEN(D25)) -> ITM_SIGMAMINUS, | R25: =F25&","&MID(" ",1,26-LEN(F25)) -> ITM_SIGMAylnx, | S25: =H25&","&MID(" ",1,26-LEN(H25)) -> ITM_SIGMAlnxy, | T25: =J25&","&MID(" ",1,26-LEN(J25)) -> ITM_SIGMAxlny, | U25: =L25&","&MID(" ",1,26-LEN(L25)) -> ITM_SIGMAx2lny, | V25: =N25&","&MID(" ",1,26-LEN(N25)) -> ITM_SIGMAx2ony, | Y25: =" "&Q25&R25&S25&T25&U25&V25 -> ITM_SIGMAMINUS, ITM_SIGMAylnx, ITM_SIGMAlnxy, ITM_SIGMAxlny, ITM_SIGMAx2lny, ITM_SIGMAx2ony,
C26: Primary | D26: ITM_SIGMAPLUS | E26: , | F26: ITM_SIGMAlnx | G26: , | H26: ITM_SIGMAln2x | I26: , | J26: ITM_SIGMAlny | K26: , | L26: ITM_SIGMAln2y | M26: , | N26: ITM_SIGMAx2y | O26: , | Q26: =D24&","&MID(" ",1,26-LEN(D24)) -> ITM_NSIGMA, | R26: =F24&","&MID(" ",1,26-LEN(F24)) -> ITM_NULL, | S26: =H24&","&MID(" ",1,26-LEN(H24)) -> ITM_NULL, | T26: =J24&","&MID(" ",1,26-LEN(J24)) -> ITM_SIGMAlnyonx, | U26: =L24&","&MID(" ",1,26-LEN(L24)) -> ITM_NULL, | V26: =N24&","&MID(" ",1,26-LEN(N24)) -> ITM_CLSIGMA, | Y26: =" "&Q26&R26&S26&T26&U26&V26 -> ITM_NSIGMA, ITM_NULL, ITM_NULL, ITM_SIGMAlnyonx, ITM_NULL, ITM_CLSIGMA,
Q27: =#REF!&","&MID(" ",1,26-LEN(#REF!)) -> 0 | R27: =#REF!&","&MID(" ",1,26-LEN(#REF!)) -> 0 | S27: =#REF!&","&MID(" ",1,26-LEN(#REF!)) -> 0 | T27: =#REF!&","&MID(" ",1,26-LEN(#REF!)) -> 0 | U27: =#REF!&","&MID(" ",1,26-LEN(#REF!)) -> 0 | V27: =#REF!&","&MID(" ",1,26-LEN(#REF!)) -> 0
C28: g | E28: , | G28: , | I28: , | K28: , | M28: , | O28: , | Q28: =D30&","&MID(" ",1,26-LEN(D30)) -> , | R28: =F30&","&MID(" ",1,26-LEN(F30)) -> , | S28: =H30&","&MID(" ",1,26-LEN(H30)) -> , | T28: =J30&","&MID(" ",1,26-LEN(J30)) -> , | U28: =L30&","&MID(" ",1,26-LEN(L30)) -> , | V28: =N30&","&MID(" ",1,26-LEN(N30)) -> , | Y28: =" "&Q28&R28&S28&T28&U28&V28 -> , , , , , ,
C29: f | E29: , | G29: , | I29: , | K29: , | M29: , | O29: , | Q29: =D29&","&MID(" ",1,26-LEN(D29)) -> , | R29: =F29&","&MID(" ",1,26-LEN(F29)) -> , | S29: =H29&","&MID(" ",1,26-LEN(H29)) -> , | T29: =J29&","&MID(" ",1,26-LEN(J29)) -> , | U29: =L29&","&MID(" ",1,26-LEN(L29)) -> , | V29: =N29&","&MID(" ",1,26-LEN(N29)) -> , | Y29: =" "&Q29&R29&S29&T29&U29&V29 -> , , , , , ,
C30: Primary | E30: , | G30: , | I30: , | K30: , | M30: , | O30: , | Q30: =D28&","&MID(" ",1,26-LEN(D28)) -> , | R30: =F28&","&MID(" ",1,26-LEN(F28)) -> , | S30: =H28&","&MID(" ",1,26-LEN(H28)) -> , | T30: =J28&","&MID(" ",1,26-LEN(J28)) -> , | U30: =L28&","&MID(" ",1,26-LEN(L28)) -> , | V30: =N28&","&MID(" ",1,26-LEN(N28)) -> , | Y30: =" "&Q30&R30&S30&T30&U30&V30 -> , , , , , ,
Q31: =D31&","&MID(" ",1,26-LEN(D31)) -> , | R31: =F31&","&MID(" ",1,26-LEN(F31)) -> , | S31: =H31&","&MID(" ",1,26-LEN(H31)) -> , | T31: =J31&","&MID(" ",1,26-LEN(J31)) -> , | U31: =L31&","&MID(" ",1,26-LEN(L31)) -> , | V31: =N31&","&MID(" ",1,26-LEN(N31)) -> ,
C32: g | E32: , | G32: , | I32: , | K32: , | M32: , | O32: , | Q32: =D34&","&MID(" ",1,26-LEN(D34)) -> , | R32: =F34&","&MID(" ",1,26-LEN(F34)) -> , | S32: =H34&","&MID(" ",1,26-LEN(H34)) -> , | T32: =J34&","&MID(" ",1,26-LEN(J34)) -> , | U32: =L34&","&MID(" ",1,26-LEN(L34)) -> , | V32: =N34&","&MID(" ",1,26-LEN(N34)) -> , | Y32: =" "&Q32&R32&S32&T32&U32&V32 -> , , , , , ,
C33: f | E33: , | G33: , | I33: , | K33: , | M33: , | O33: , | Q33: =D33&","&MID(" ",1,26-LEN(D33)) -> , | R33: =F33&","&MID(" ",1,26-LEN(F33)) -> , | S33: =H33&","&MID(" ",1,26-LEN(H33)) -> , | T33: =J33&","&MID(" ",1,26-LEN(J33)) -> , | U33: =L33&","&MID(" ",1,26-LEN(L33)) -> , | V33: =N33&","&MID(" ",1,26-LEN(N33)) -> , | Y33: =" "&Q33&R33&S33&T33&U33&V33 -> , , , , , ,
C34: Primary | E34: , | G34: , | I34: , | K34: , | M34: , | O34: , | Q34: =D32&","&MID(" ",1,26-LEN(D32)) -> , | R34: =F32&","&MID(" ",1,26-LEN(F32)) -> , | S34: =H32&","&MID(" ",1,26-LEN(H32)) -> , | T34: =J32&","&MID(" ",1,26-LEN(J32)) -> , | U34: =L32&","&MID(" ",1,26-LEN(L32)) -> , | V34: =N32&","&MID(" ",1,26-LEN(N32)) -> , | Y34: =" "&Q34&R34&S34&T34&U34&V34 -> , , , , , ,
D36: ITM_CLSIGMA | F36: ITM_SIGMAx3 | G36: , | H36: ITM_SIGMAx4 | J36: -MNU_REGR | K36: , | L36: ITM_PLOT_STAT | M36: , | N36: -MNU_HIST
D37: ITM_SIGMAMINUS | F37: ITM_SIGMAx | G37: , | H37: ITM_SIGMAx2 | J37: ITM_SIGMAxy | L37: ITM_SIGMAy2 | N37: ITM_SIGMAy
D38: ITM_SIGMAPLUS | F38: ITM_NULL | G38: , | H38: ITM_NULL | J38: ITM_NULL | L38: ITM_NULL | N38: ITM_NSIGMA
D40: ITM_SIGMAx2ony | F40: ITM_SIGMA1onx | G40: , | H40: ITM_SIGMA1onx2 | J40: ITM_SIGMAxony | L40: ITM_SIGMA1ony2 | N40: ITM_SIGMA1ony
D41: ITM_SIGMAx2y | F41: ITM_SIGMAxlny | G41: , | H41: ITM_SIGMAx2lny | J41: ITM_SIGMAlnyonx | L41: ITM_NULL | N41: ITM_SIGMAylnx
D42: ITM_SIGMAlnx | F42: ITM_SIGMAln2x | G42: , | H42: ITM_SIGMAlnxy | J42: ITM_SIGMAln2y | L42: ITM_SIGMAlny | N42: ITM_NSIGMA

Sheet REMOVED Functions
A1: 44976 | B1: First Round of functions removed due to being unused duplications from WP43
B2: ITM_toDEG | D2: not used anymore
B3: ITM_toDMS | D3: not used anymore
B4: ITM_toGRAD | D4: not used anymore
B5: ITM_toMULpi | D5: not used anymore
B6: ITM_toRAD | D6: not used anymore
B7: ITM_DtoR | D7: not used anymore
B8: ITM_RtoD | D8: not used anymore
B9: ITM_DEGto | D9: not used anymore
B10: ITM_GRADto | D10: not used anymore
B11: ITM_RADto | D11: not used anymore
B12: ITM_MPItoR | D12: not used anymore
B13: ITM_RtoMPI | D13: not used anymore
... B27: ITM_ROOTF | D27: Direct replacements made in C43
A30: 44976 | B30: Second Round of functions removed due to being unused duplications from WP43
B31: ITM_DENMAX | D31: Direct replacements made in C43
B32: ITM_DMSto | D32: Direct replacements made in C43
B33: ITM_RM | D33: Direct replacements made in C43
B34: ITM_RMQ | D34: Direct replacements made in C43
B35: ITM_SETSIG | D35: Direct replacements made in C43
B36: ITM_toPOL | D36: Direct replacements made in C43
B37: ITM_toREC | D37: Direct replacements made in C43
B38: ITM_ROUNDI | D38: Direct replacements made in C43
B39: ITM_ROUND | D39: Direct replacements made in C43
A47: 44976 | B47: Not removed
B49: ITM_SQUAREROOTX | D49: Not removed - duplicates within WP43 legacy - check why
B50: ITM_arccos | D50: Not removed - duplicates within WP43 legacy - check why
B51: ITM_arcsin | D51: Not removed - duplicates within WP43 legacy - check why
B52: ITM_arctan | D52: Not removed - duplicates within WP43 legacy - check why
B53: ITM_MAGNITUDE | D53: Not removed - duplicates within WP43 legacy - check why
B54: ITM_ABS | D54: Not removed - duplicates within WP43 legacy - check why
B55: ITM_DMS | D55: Not removed - using it in the WP43 layout
B56: ITM_MULPI | D56: Not removed - keeping for now as we do support (in the background) MULTPI
B57: ITM_toHR | D57: Part of the .d system - need to carefully check befor removal
B58: ITM_toINT | D58: Not removed - using it in the WP43 layout
B59: ITM_toREAL | D59: Part of the .d system - need to carefully check befor removal
B60: ITM_M_DET | D60: Not removed - duplicates within WP43 legacy - check why
... B68: ITM_SQRT | D68: Not removed - duplicates within WP43 legacy - check why

Sheet NEW XEQM.c
D1: XEQM item | E1: Lookup ITEMS.CAT | F1: XEQM text | G1: Using @ | H1: ="//XEQM CODE "&TEXT(NOW(),"yyyy-mm-dd") -> //XEQM CODE 2024-04-08
D2: ITM_PRIME | E2: =SUBSTITUTE(INDEX(SOURCE!E:E,MATCH(D2,SOURCE!P:P,0)),"""","") -> PRIME? | F2: PRIME? | G2: =IF(EXACT(F2,E2),"@",F2) -> @ | H2: =" {"&D2&", "&REPT(" ",25-LEN(D2))&CHAR(34)&G2&CHAR(34)&"}," -> {ITM_PRIME, "@"},
D3: ITM_ENTER | E3: =SUBSTITUTE(INDEX(SOURCE!E:E,MATCH(D3,SOURCE!P:P,0)),"""","") -> ENTER STD_UP_ARROW | F3: ENTER | G3: =IF(EXACT(F3,E3),"@",F3) -> ENTER | H3: =" {"&D3&", "&REPT(" ",25-LEN(D3))&CHAR(34)&G3&CHAR(34)&"}," -> {ITM_ENTER, "ENTER"},
D4: ITM_XexY | E4: =SUBSTITUTE(INDEX(SOURCE!E:E,MATCH(D4,SOURCE!P:P,0)),"""","") -> x STD_RIGHT_OVER_LEFT_ARROW y | F4: X<>Y | G4: =IF(EXACT(F4,E4),"@",F4) -> X<>Y | H4: =" {"&D4&", "&REPT(" ",25-LEN(D4))&CHAR(34)&G4&CHAR(34)&"}," -> {ITM_XexY, "X<>Y"},
D5: ITM_DROP | E5: =SUBSTITUTE(INDEX(SOURCE!E:E,MATCH(D5,SOURCE!P:P,0)),"""","") -> DROPx | F5: DROP | G5: =IF(EXACT(F5,E5),"@",F5) -> DROP | H5: =" {"&D5&", "&REPT(" ",25-LEN(D5))&CHAR(34)&G5&CHAR(34)&"}," -> {ITM_DROP, "DROP"},
D6: ITM_CLX | E6: =SUBSTITUTE(INDEX(SOURCE!E:E,MATCH(D6,SOURCE!P:P,0)),"""","") -> CLX | F6: CLX | G6: =IF(EXACT(F6,E6),"@",F6) -> @ | H6: =" {"&D6&", "&REPT(" ",25-LEN(D6))&CHAR(34)&G6&CHAR(34)&"}," -> {ITM_CLX, "@"},
D7: ITM_FILL | E7: =SUBSTITUTE(INDEX(SOURCE!E:E,MATCH(D7,SOURCE!P:P,0)),"""","") -> FILL | F7: FILL | G7: =IF(EXACT(F7,E7),"@",F7) -> @ | H7: =" {"&D7&", "&REPT(" ",25-LEN(D7))&CHAR(34)&G7&CHAR(34)&"}," -> {ITM_FILL, "@"},
D8: ITM_STO | E8: =SUBSTITUTE(INDEX(SOURCE!E:E,MATCH(D8,SOURCE!P:P,0)),"""","") -> STO | F8: STO | G8: =IF(EXACT(F8,E8),"@",F8) -> @ | H8: =" {"&D8&", "&REPT(" ",25-LEN(D8))&CHAR(34)&G8&CHAR(34)&"}," -> {ITM_STO, "@"},
D9: ITM_COMB | E9: =SUBSTITUTE(INDEX(SOURCE!E:E,MATCH(D9,SOURCE!P:P,0)),"""","") -> COMB | F9: COMB | G9: =IF(EXACT(F9,E9),"@",F9) -> @ | H9: =" {"&D9&", "&REPT(" ",25-LEN(D9))&CHAR(34)&G9&CHAR(34)&"}," -> {ITM_COMB, "@"},
D10: ITM_PERM | E10: =SUBSTITUTE(INDEX(SOURCE!E:E,MATCH(D10,SOURCE!P:P,0)),"""","") -> PERM | F10: PERM | G10: =IF(EXACT(F10,E10),"@",F10) -> @ | H10: =" {"&D10&", "&REPT(" ",25-LEN(D10))&CHAR(34)&G10&CHAR(34)&"}," -> {ITM_PERM, "@"},
D11: ITM_RCL | E11: =SUBSTITUTE(INDEX(SOURCE!E:E,MATCH(D11,SOURCE!P:P,0)),"""","") -> RCL | F11: RCL | G11: =IF(EXACT(F11,E11),"@",F11) -> @ | H11: =" {"&D11&", "&REPT(" ",25-LEN(D11))&CHAR(34)&G11&CHAR(34)&"}," -> {ITM_RCL, "@"},
D12: ITM_SQUARE | E12: =SUBSTITUTE(INDEX(SOURCE!E:E,MATCH(D12,SOURCE!P:P,0)),"""","") -> x STD_SUP_2 | F12: X^2 | G12: =IF(EXACT(F12,E12),"@",F12) -> X^2 | H12: =" {"&D12&", "&REPT(" ",25-LEN(D12))&CHAR(34)&G12&CHAR(34)&"}," -> {ITM_SQUARE, "X^2"},
D13: ITM_CUBE | E13: =SUBSTITUTE(INDEX(SOURCE!E:E,MATCH(D13,SOURCE!P:P,0)),"""","") -> x STD_SUP_3 | F13: X^3 | G13: =IF(EXACT(F13,E13),"@",F13) -> X^3 | H13: =" {"&D13&", "&REPT(" ",25-LEN(D13))&CHAR(34)&G13&CHAR(34)&"}," -> {ITM_CUBE, "X^3"},
... D158: ITM_M_NEW | E158: =SUBSTITUTE(INDEX(SOURCE!E:E,MATCH(D158,SOURCE!P:P,0)),"""","") -> M.NEW | F158: M.NEW | G158: =IF(EXACT(F158,E158),"@",F158) -> @ | H158: =" {"&D158&", "&REPT(" ",25-LEN(D158))&CHAR(34)&G158&CHAR(34)&"}," -> {ITM_M_NEW, "@"},
B159: REMOVED | C159: Removed | D159: ITM_ADD | E159: =SUBSTITUTE(INDEX(SOURCE!E:E,MATCH(D159,SOURCE!P:P,0)),"""","") -> + | F159: PLUS | G159: =IF(EXACT(F159,E159),"@",F159) -> PLUS
B160: REMOVED | C160: Removed | D160: ITM_SUB | E160: =SUBSTITUTE(INDEX(SOURCE!E:E,MATCH(D160,SOURCE!P:P,0)),"""","") -> - | F160: MIN | G160: =IF(EXACT(F160,E160),"@",F160) -> MIN
B161: REMOVED | C161: Removed | D161: ITM_MULT | E161: =SUBSTITUTE(INDEX(SOURCE!E:E,MATCH(D161,SOURCE!P:P,0)),"""","") -> STD_CROSS | F161: MULT | G161: =IF(EXACT(F161,E161),"@",F161) -> MULT
B162: REMOVED | C162: Removed | D162: ITM_DIV | E162: =SUBSTITUTE(INDEX(SOURCE!E:E,MATCH(D162,SOURCE!P:P,0)),"""","") -> STD_DIVIDE | F162: DIV | G162: =IF(EXACT(F162,E162),"@",F162) -> DIV
B163: REMOVED | C163: Removed | D163: ITM_GAP | E163: =SUBSTITUTE(INDEX(SOURCE!E:E,MATCH(D163,SOURCE!P:P,0)),"""","") -> #N/A | F163: GAP | G163: =IF(EXACT(F163,E163),"@",F163) -> #N/A
B164: REMOVED | C164: Removed | D164: ITM_RDXCOM | E164: =SUBSTITUTE(INDEX(SOURCE!E:E,MATCH(D164,SOURCE!P:P,0)),"""","") -> #N/A | F164: RDXCOM | G164: =IF(EXACT(F164,E164),"@",F164) -> #N/A
B165: REMOVED | C165: Removed | D165: ITM_RDXPER | E165: =SUBSTITUTE(INDEX(SOURCE!E:E,MATCH(D165,SOURCE!P:P,0)),"""","") -> #N/A | F165: RDXPER | G165: =IF(EXACT(F165,E165),"@",F165) -> #N/A
D166: ITM_MULTCR | E166: =SUBSTITUTE(INDEX(SOURCE!E:E,MATCH(D166,SOURCE!P:P,0)),"""","") -> MULT STD_CROSS | F166: MULTCR | G166: =IF(EXACT(F166,E166),"@",F166) -> MULTCR | H166: =" {"&D166&", "&REPT(" ",25-LEN(D166))&CHAR(34)&G166&CHAR(34)&"}," -> {ITM_MULTCR, "MULTCR"},
D167: ITM_MULTDOT | E167: =SUBSTITUTE(INDEX(SOURCE!E:E,MATCH(D167,SOURCE!P:P,0)),"""","") -> MULT STD_DOT | F167: MULTDOT | G167: =IF(EXACT(F167,E167),"@",F167) -> MULTDOT | H167: =" {"&D167&", "&REPT(" ",25-LEN(D167))&CHAR(34)&G167&CHAR(34)&"}," -> {ITM_MULTDOT, "MULTDOT"},
D168: ITM_DMY | E168: =SUBSTITUTE(INDEX(SOURCE!E:E,MATCH(D168,SOURCE!P:P,0)),"""","") -> DMY | F168: DMY | G168: =IF(EXACT(F168,E168),"@",F168) -> @ | H168: =" {"&D168&", "&REPT(" ",25-LEN(D168))&CHAR(34)&G168&CHAR(34)&"}," -> {ITM_DMY, "@"},
D169: ITM_YMD | E169: =SUBSTITUTE(INDEX(SOURCE!E:E,MATCH(D169,SOURCE!P:P,0)),"""","") -> YMD | F169: YMD | G169: =IF(EXACT(F169,E169),"@",F169) -> @ | H169: =" {"&D169&", "&REPT(" ",25-LEN(D169))&CHAR(34)&G169&CHAR(34)&"}," -> {ITM_YMD, "@"},
D170: ITM_MDY | E170: =SUBSTITUTE(INDEX(SOURCE!E:E,MATCH(D170,SOURCE!P:P,0)),"""","") -> MDY | F170: MDY | G170: =IF(EXACT(F170,E170),"@",F170) -> @ | H170: =" {"&D170&", "&REPT(" ",25-LEN(D170))&CHAR(34)&G170&CHAR(34)&"}," -> {ITM_MDY, "@"},
B171: REMOVED | C171: Removed | D171: ITM_CB_CPXRES | E171: =SUBSTITUTE(INDEX(SOURCE!E:E,MATCH(D171,SOURCE!P:P,0)),"""","") -> CPXRES | F171: CPXRES | G171: =IF(EXACT(F171,E171),"@",F171) -> @
B172: REMOVED | C172: Removed | D172: ITM_CB_SPCRES | E172: =SUBSTITUTE(INDEX(SOURCE!E:E,MATCH(D172,SOURCE!P:P,0)),"""","") -> SPCRES | F172: SPCRES | G172: =IF(EXACT(F172,E172),"@",F172) -> @
D173: ITM_SSIZE4 | E173: =SUBSTITUTE(INDEX(SOURCE!E:E,MATCH(D173,SOURCE!P:P,0)),"""","") -> SSIZE4 | F173: SSIZE4 | G173: =IF(EXACT(F173,E173),"@",F173) -> @ | H173: =" {"&D173&", "&REPT(" ",25-LEN(D173))&CHAR(34)&G173&CHAR(34)&"}," -> {ITM_SSIZE4, "@"},
D174: ITM_SSIZE8 | E174: =SUBSTITUTE(INDEX(SOURCE!E:E,MATCH(D174,SOURCE!P:P,0)),"""","") -> SSIZE8 | F174: SSIZE8 | G174: =IF(EXACT(F174,E174),"@",F174) -> @ | H174: =" {"&D174&", "&REPT(" ",25-LEN(D174))&CHAR(34)&G174&CHAR(34)&"}," -> {ITM_SSIZE8, "@"},
D175: ITM_CPXI | E175: =SUBSTITUTE(INDEX(SOURCE!E:E,MATCH(D175,SOURCE!P:P,0)),"""","") -> CPX STD_op_i | F175: CPXI | G175: =IF(EXACT(F175,E175),"@",F175) -> CPXI | H175: =" {"&D175&", "&REPT(" ",25-LEN(D175))&CHAR(34)&G175&CHAR(34)&"}," -> {ITM_CPXI, "CPXI"},
D176: ITM_CPXJ | E176: =SUBSTITUTE(INDEX(SOURCE!E:E,MATCH(D176,SOURCE!P:P,0)),"""","") -> CPX STD_op_j | F176: CPXJ | G176: =IF(EXACT(F176,E176),"@",F176) -> CPXJ | H176: =" {"&D176&", "&REPT(" ",25-LEN(D176))&CHAR(34)&G176&CHAR(34)&"}," -> {ITM_CPXJ, "CPXJ"},
D177: ITM_CLK12 | E177: =SUBSTITUTE(INDEX(SOURCE!E:E,MATCH(D177,SOURCE!P:P,0)),"""","") -> CLK12 | F177: CLK12 | G177: =IF(EXACT(F177,E177),"@",F177) -> @ | H177: =" {"&D177&", "&REPT(" ",25-LEN(D177))&CHAR(34)&G177&CHAR(34)&"}," -> {ITM_CLK12, "@"},
D178: ITM_CLK24 | E178: =SUBSTITUTE(INDEX(SOURCE!E:E,MATCH(D178,SOURCE!P:P,0)),"""","") -> CLK24 | F178: CLK24 | G178: =IF(EXACT(F178,E178),"@",F178) -> @ | H178: =" {"&D178&", "&REPT(" ",25-LEN(D178))&CHAR(34)&G178&CHAR(34)&"}," -> {ITM_CLK24, "@"},
D179: ITM_SCIOVR | E179: =SUBSTITUTE(INDEX(SOURCE!E:E,MATCH(D179,SOURCE!P:P,0)),"""","") -> SCIOVR | F179: SCIOVR | G179: =IF(EXACT(F179,E179),"@",F179) -> @ | H179: =" {"&D179&", "&REPT(" ",25-LEN(D179))&CHAR(34)&G179&CHAR(34)&"}," -> {ITM_SCIOVR, "@"},
D180: ITM_ENGOVR | E180: =SUBSTITUTE(INDEX(SOURCE!E:E,MATCH(D180,SOURCE!P:P,0)),"""","") -> ENGOVR | F180: ENGOVR | G180: =IF(EXACT(F180,E180),"@",F180) -> @ | H180: =" {"&D180&", "&REPT(" ",25-LEN(D180))&CHAR(34)&G180&CHAR(34)&"}," -> {ITM_ENGOVR, "@"},
D181: ITM_F1234 | E181: =SUBSTITUTE(INDEX(SOURCE!E:E,MATCH(D181,SOURCE!P:P,0)),"""","") -> F.1234 | F181: F1234 | G181: =IF(EXACT(F181,E181),"@",F181) -> F1234 | H181: =" {"&D181&", "&REPT(" ",25-LEN(D181))&CHAR(34)&G181&CHAR(34)&"}," -> {ITM_F1234, "F1234"},
D182: ITM_M1234 | E182: =SUBSTITUTE(INDEX(SOURCE!E:E,MATCH(D182,SOURCE!P:P,0)),"""","") -> M.1234 | F182: M1234 | G182: =IF(EXACT(F182,E182),"@",F182) -> M1234 | H182: =" {"&D182&", "&REPT(" ",25-LEN(D182))&CHAR(34)&G182&CHAR(34)&"}," -> {ITM_M1234, "M1234"},
D183: ITM_F14 | E183: =SUBSTITUTE(INDEX(SOURCE!E:E,MATCH(D183,SOURCE!P:P,0)),"""","") -> F.14 | F183: F14 | G183: =IF(EXACT(F183,E183),"@",F183) -> F14 | H183: =" {"&D183&", "&REPT(" ",25-LEN(D183))&CHAR(34)&G183&CHAR(34)&"}," -> {ITM_F14, "F14"},
D184: ITM_M14 | E184: =SUBSTITUTE(INDEX(SOURCE!E:E,MATCH(D184,SOURCE!P:P,0)),"""","") -> M.14 | F184: M14 | G184: =IF(EXACT(F184,E184),"@",F184) -> M14 | H184: =" {"&D184&", "&REPT(" ",25-LEN(D184))&CHAR(34)&G184&CHAR(34)&"}," -> {ITM_M14, "M14"},
... D200: ITM_SPCRES0 | E200: =SUBSTITUTE(INDEX(SOURCE!E:E,MATCH(D200,SOURCE!P:P,0)),"""","") -> SPCRES0 | F200: SPCRES0 | G200: =IF(EXACT(F200,E200),"@",F200) -> @ | H200: =" {"&D200&", "&REPT(" ",25-LEN(D200))&CHAR(34)&G200&CHAR(34)&"}," -> {ITM_SPCRES0, "@"},
B201: ADDED | D201: ITM_FGLNOFF | E201: =SUBSTITUTE(INDEX(SOURCE!E:E,MATCH(D201,SOURCE!P:P,0)),"""","") -> fg.OFF | F201: FGOFF | G201: =IF(EXACT(F201,E201),"@",F201) -> FGOFF | H201: =" {"&D201&", "&REPT(" ",25-LEN(D201))&CHAR(34)&G201&CHAR(34)&"}," -> {ITM_FGLNOFF, "FGOFF"},
B202: ADDED | D202: ITM_FGLNLIM | E202: =SUBSTITUTE(INDEX(SOURCE!E:E,MATCH(D202,SOURCE!P:P,0)),"""","") -> fg.LIM | F202: FGLIM | G202: =IF(EXACT(F202,E202),"@",F202) -> FGLIM | H202: =" {"&D202&", "&REPT(" ",25-LEN(D202))&CHAR(34)&G202&CHAR(34)&"}," -> {ITM_FGLNLIM, "FGLIM"},
B203: ADDED | D203: ITM_FGLNFUL | E203: =SUBSTITUTE(INDEX(SOURCE!E:E,MATCH(D203,SOURCE!P:P,0)),"""","") -> fg.FUL | F203: FGFUL | G203: =IF(EXACT(F203,E203),"@",F203) -> FGFUL | H203: =" {"&D203&", "&REPT(" ",25-LEN(D203))&CHAR(34)&G203&CHAR(34)&"}," -> {ITM_FGLNFUL, "FGFUL"},
B204: ADDED 2023-05-22 | D204: ITM_GAPPER_L | E204: =SUBSTITUTE(INDEX(SOURCE!E:E,MATCH(D204,SOURCE!P:P,0)),"""","") -> IPER. | F204: IPER | G204: =IF(EXACT(F204,E204),"@",F204) -> IPER | H204: =" {"&D204&", "&REPT(" ",25-LEN(D204))&CHAR(34)&G204&CHAR(34)&"}," -> {ITM_GAPPER_L, "IPER"},
B205: ADDED 2023-05-22 | D205: ITM_GAPCOM_L | E205: =SUBSTITUTE(INDEX(SOURCE!E:E,MATCH(D205,SOURCE!P:P,0)),"""","") -> ICOM, | F205: ICOM | G205: =IF(EXACT(F205,E205),"@",F205) -> ICOM | H205: =" {"&D205&", "&REPT(" ",25-LEN(D205))&CHAR(34)&G205&CHAR(34)&"}," -> {ITM_GAPCOM_L, "ICOM"},
B206: ADDED 2023-05-22 | D206: ITM_GAPAPO_L | E206: =SUBSTITUTE(INDEX(SOURCE!E:E,MATCH(D206,SOURCE!P:P,0)),"""","") -> IWTICK STD_SPACE_4_PER_EM ' | F206: IWTICK | G206: =IF(EXACT(F206,E206),"@",F206) -> IWTICK | H206: =" {"&D206&", "&REPT(" ",25-LEN(D206))&CHAR(34)&G206&CHAR(34)&"}," -> {ITM_GAPAPO_L, "IWTICK"},
B207: ADDED 2023-05-22 | D207: ITM_GAPSPC_L | E207: =SUBSTITUTE(INDEX(SOURCE!E:E,MATCH(D207,SOURCE!P:P,0)),"""","") -> ISPC STD_OPEN_BOX | F207: ISPC | G207: =IF(EXACT(F207,E207),"@",F207) -> ISPC | H207: =" {"&D207&", "&REPT(" ",25-LEN(D207))&CHAR(34)&G207&CHAR(34)&"}," -> {ITM_GAPSPC_L, "ISPC"},
B208: ADDED 2023-05-22 | D208: ITM_GAPDBLSPC_L | E208: =SUBSTITUTE(INDEX(SOURCE!E:E,MATCH(D208,SOURCE!P:P,0)),"""","") -> IWSPC STD_INV_BRIDGE STD_INV_BRIDGE | F208: IWSPC | G208: =IF(EXACT(F208,E208),"@",F208) -> IWSPC | H208: =" {"&D208&", "&REPT(" ",25-LEN(D208))&CHAR(34)&G208&CHAR(34)&"}," -> {ITM_GAPDBLSPC_L, "IWSPC"},
B209: ADDED 2023-05-22 | D209: ITM_GAPDOT_L | E209: =SUBSTITUTE(INDEX(SOURCE!E:E,MATCH(D209,SOURCE!P:P,0)),"""","") -> IDOT STD_DOT | F209: IDOT | G209: =IF(EXACT(F209,E209),"@",F209) -> IDOT | H209: =" {"&D209&", "&REPT(" ",25-LEN(D209))&CHAR(34)&G209&CHAR(34)&"}," -> {ITM_GAPDOT_L, "IDOT"},
B210: ADDED 2023-05-22 | D210: ITM_GAPUND_L | E210: =SUBSTITUTE(INDEX(SOURCE!E:E,MATCH(D210,SOURCE!P:P,0)),"""","") -> IUNDR STD_UNDERSCORE | F210: IUNDR | G210: =IF(EXACT(F210,E210),"@",F210) -> IUNDR | H210: =" {"&D210&", "&REPT(" ",25-LEN(D210))&CHAR(34)&G210&CHAR(34)&"}," -> {ITM_GAPUND_L, "IUNDR"},
B211: ADDED 2023-05-22 | D211: ITM_GAPNIL_L | E211: =SUBSTITUTE(INDEX(SOURCE!E:E,MATCH(D211,SOURCE!P:P,0)),"""","") -> INONE | F211: INONE | G211: =IF(EXACT(F211,E211),"@",F211) -> @ | H211: =" {"&D211&", "&REPT(" ",25-LEN(D211))&CHAR(34)&G211&CHAR(34)&"}," -> {ITM_GAPNIL_L, "@"},
B212: ADDED 2023-05-22 | D212: ITM_GAPNARSPC_L | E212: =SUBSTITUTE(INDEX(SOURCE!E:E,MATCH(D212,SOURCE!P:P,0)),"""","") -> INSPC STD_INV_BRIDGE | F212: INSPC | G212: =IF(EXACT(F212,E212),"@",F212) -> INSPC | H212: =" {"&D212&", "&REPT(" ",25-LEN(D212))&CHAR(34)&G212&CHAR(34)&"}," -> {ITM_GAPNARSPC_L, "INSPC"},
... B225: ADDED 2023-05-22 | D225: ITM_JUL_GREG_1949 | E225: =SUBSTITUTE(INDEX(SOURCE!E:E,MATCH(D225,SOURCE!P:P,0)),"""","") -> JG.1949 | F225: JG1949 | G225: =IF(EXACT(F225,E225),"@",F225) -> JG1949 | H225: =" {"&D225&", "&REPT(" ",25-LEN(D225))&CHAR(34)&G225&CHAR(34)&"}," -> {ITM_JUL_GREG_1949, "JG1949"},
B226: ADDED 2023-05-22 | C226: Removed | D226: MNU_GAP_L | E226: =SUBSTITUTE(INDEX(SOURCE!E:E,MATCH(D226,SOURCE!P:P,0)),"""","") -> IPART | F226: IPSEP | G226: =IF(EXACT(F226,E226),"@",F226) -> IPSEP
B227: ADDED 2023-05-22 | C227: Removed | D227: MNU_GAP_R | E227: =SUBSTITUTE(INDEX(SOURCE!E:E,MATCH(D227,SOURCE!P:P,0)),"""","") -> FPART | F227: FPSEP | G227: =IF(EXACT(F227,E227),"@",F227) -> FPSEP
B228: ADDED 2023-05-22 | D228: ITM_SET_TO_TEXT | E228: =SUBSTITUTE(INDEX(SOURCE!E:E,MATCH(D228,SOURCE!P:P,0)),"""","") -> set>TXT | F228: set>TXT | G228: =IF(EXACT(F228,E228),"@",F228) -> @ | H228: =" {"&D228&", "&REPT(" ",25-LEN(D228))&CHAR(34)&G228&CHAR(34)&"}," -> {ITM_SET_TO_TEXT, "@"},
B229: ADDED 2023-05-22 | D229: ITM_GRP_L | E229: =SUBSTITUTE(INDEX(SOURCE!E:E,MATCH(D229,SOURCE!P:P,0)),"""","") -> IPGRP | F229: IPGRP | G229: =IF(EXACT(F229,E229),"@",F229) -> @ | H229: =" {"&D229&", "&REPT(" ",25-LEN(D229))&CHAR(34)&G229&CHAR(34)&"}," -> {ITM_GRP_L, "@"},
B230: ADDED 2023-05-22 | D230: ITM_GRP1_L_OF | E230: =SUBSTITUTE(INDEX(SOURCE!E:E,MATCH(D230,SOURCE!P:P,0)),"""","") -> IPGRP1x | F230: IPGRP1X | G230: =IF(EXACT(F230,E230),"@",F230) -> IPGRP1X | H230: =" {"&D230&", "&REPT(" ",25-LEN(D230))&CHAR(34)&G230&CHAR(34)&"}," -> {ITM_GRP1_L_OF, "IPGRP1X"},
B231: ADDED 2023-05-22 | D231: ITM_GRP1_L | E231: =SUBSTITUTE(INDEX(SOURCE!E:E,MATCH(D231,SOURCE!P:P,0)),"""","") -> IPGRP1 | F231: IPGRP1 | G231: =IF(EXACT(F231,E231),"@",F231) -> @ | H231: =" {"&D231&", "&REPT(" ",25-LEN(D231))&CHAR(34)&G231&CHAR(34)&"}," -> {ITM_GRP1_L, "@"},
B232: ADDED 2023-05-22 | D232: ITM_GRP_R | E232: =SUBSTITUTE(INDEX(SOURCE!E:E,MATCH(D232,SOURCE!P:P,0)),"""","") -> FPGRP | F232: FPGRP | G232: =IF(EXACT(F232,E232),"@",F232) -> @ | H232: =" {"&D232&", "&REPT(" ",25-LEN(D232))&CHAR(34)&G232&CHAR(34)&"}," -> {ITM_GRP_R, "@"},
B233: ADDED 2023-05-22 | C233: Removed | D233: ITM_GAP_L | E233: =SUBSTITUTE(INDEX(SOURCE!E:E,MATCH(D233,SOURCE!P:P,0)),"""","") -> IPART | F233: IPSEP | G233: =IF(EXACT(F233,E233),"@",F233) -> IPSEP
B234: ADDED 2023-05-22 | C234: Removed | D234: ITM_GAP_R | E234: =SUBSTITUTE(INDEX(SOURCE!E:E,MATCH(D234,SOURCE!P:P,0)),"""","") -> FPART | F234: FPSEP | G234: =IF(EXACT(F234,E234),"@",F234) -> FPSEP
B235: ADDED 2023-06 | D235: ITM_BEEP | E235: =SUBSTITUTE(INDEX(SOURCE!E:E,MATCH(D235,SOURCE!P:P,0)),"""","") -> BEEP | F235: BEEP | G235: =IF(EXACT(F235,E235),"@",F235) -> @ | H235: =" {"&D235&", "&REPT(" ",25-LEN(D235))&CHAR(34)&G235&CHAR(34)&"}," -> {ITM_BEEP, "@"},
B236: ADDED 2023-06 | D236: ITM_TONE | E236: =SUBSTITUTE(INDEX(SOURCE!E:E,MATCH(D236,SOURCE!P:P,0)),"""","") -> TONE | F236: TONE | G236: =IF(EXACT(F236,E236),"@",F236) -> @ | H236: =" {"&D236&", "&REPT(" ",25-LEN(D236))&CHAR(34)&G236&CHAR(34)&"}," -> {ITM_TONE, "@"},
B237: Added 2023-07-14 | D237: ITM_SQRT1PX2 | E237: =SUBSTITUTE(INDEX(SOURCE!E:E,MATCH(D237,SOURCE!P:P,0)),"""","") -> STD_SQUARE_ROOT (1+x STD_SUP_2 ) | F237: SQRT1+XSQR | G237: =IF(EXACT(F237,E237),"@",F237) -> SQRT1+XSQR | H237: =" {"&D237&", "&REPT(" ",25-LEN(D237))&CHAR(34)&G237&CHAR(34)&"}," -> {ITM_SQRT1PX2, "SQRT1+XSQR"},
B238: Added 2023-07-16 | D238: ITM_PRTACT1 | E238: =SUBSTITUTE(INDEX(SOURCE!E:E,MATCH(D238,SOURCE!P:P,0)),"""","") -> PRON | F238: PRON | G238: =IF(EXACT(F238,E238),"@",F238) -> @ | H238: =" {"&D238&", "&REPT(" ",25-LEN(D238))&CHAR(34)&G238&CHAR(34)&"}," -> {ITM_PRTACT1, "@"},
B239: Added 2023-07-16 | D239: ITM_PRTACT0 | E239: =SUBSTITUTE(INDEX(SOURCE!E:E,MATCH(D239,SOURCE!P:P,0)),"""","") -> PROFF | F239: PROFF | G239: =IF(EXACT(F239,E239),"@",F239) -> @ | H239: =" {"&D239&", "&REPT(" ",25-LEN(D239))&CHAR(34)&G239&CHAR(34)&"}," -> {ITM_PRTACT0, "@"},
B240: Added 2023-07-29 | D240: ITM_HR_DEG | E240: =SUBSTITUTE(INDEX(SOURCE!E:E,MATCH(D240,SOURCE!P:P,0)),"""","") -> HOUR | F240: HOUR | G240: =IF(EXACT(F240,E240),"@",F240) -> @ | H240: =" {"&D240&", "&REPT(" ",25-LEN(D240))&CHAR(34)&G240&CHAR(34)&"}," -> {ITM_HR_DEG, "@"},
B241: Added 2023-07-29 | D241: ITM_SECOND | E241: =SUBSTITUTE(INDEX(SOURCE!E:E,MATCH(D241,SOURCE!P:P,0)),"""","") -> SEC | F241: SEC | G241: =IF(EXACT(F241,E241),"@",F241) -> @ | H241: =" {"&D241&", "&REPT(" ",25-LEN(D241))&CHAR(34)&G241&CHAR(34)&"}," -> {ITM_SECOND, "@"},
B242: Added 2023-07-30 | D242: ITM_EE_EXP_TH | E242: =SUBSTITUTE(INDEX(SOURCE!E:E,MATCH(D242,SOURCE!P:P,0)),"""","") -> STD_EulerE STD_SUP_i STD_SUP_x | F242: e^iX | G242: =IF(EXACT(F242,E242),"@",F242) -> e^iX | H242: =" {"&D242&", "&REPT(" ",25-LEN(D242))&CHAR(34)&G242&CHAR(34)&"}," -> {ITM_EE_EXP_TH, "e^iX"},

Sheet XEQM TEST Program
B2: CLSUM CLSTK ERPN DEG ALL 00
E3: Sumx | F3: Sumy
A4: PRIME? | B4: ="11 ENTER PRIME? " -> 11 ENTER PRIME? | E4: 1 | F4: 1 | H4: =SUBSTITUTE("GTO_SZ M1 DROP 1 EXIT 1 SUM+",",",".") -> GTO_SZ M1 DROP 1 EXIT 1 SUM+ | L4: =IF(B4="DONE","",B4&" "&H4) -> 11 ENTER PRIME? GTO_SZ M1 DROP 1 EXIT 1 SUM+
A5: ENTER | B5: RPN 5 ENTER + ERPN 1 + | E5: 1 | F5: 11 | H5: =SUBSTITUTE(IF(F5<0,-F5&" CHS ",F5)&" GSB M2",",",".") -> 11 GSB M2 | L5: =IF(B5="DONE","",B5&" "&H5) -> RPN 5 ENTER + ERPN 1 + 11 GSB M2
A6: X<>Y | B6: 2 ENTER 5 X<>Y / | E6: 1 | F6: 2.5 | H6: =SUBSTITUTE(IF(F6<0,-F6&" CHS ",F6)&" GSB M2",",",".") -> 2.5 GSB M2 | L6: =IF(B6="DONE","",B6&" "&H6) -> 2 ENTER 5 X<>Y / 2.5 GSB M2
A7: DROP | B7: 1 EXIT 2 DROP 1 EXIT 3 DROP | E7: 1 | F7: 1 | H7: =SUBSTITUTE(IF(F7<0,-F7&" CHS ",F7)&" GSB M2",",",".") -> 1 GSB M2 | L7: =IF(B7="DONE","",B7&" "&H7) -> 1 EXIT 2 DROP 1 EXIT 3 DROP 1 GSB M2
A8: CLX | B8: 1 ENTER 2 ENTER 3 ENTER CLX + + | E8: 1 | F8: 3 | H8: =SUBSTITUTE(IF(F8<0,-F8&" CHS ",F8)&" GSB M2",",",".") -> 3 GSB M2 | L8: =IF(B8="DONE","",B8&" "&H8) -> 1 ENTER 2 ENTER 3 ENTER CLX + + 3 GSB M2
A9: FILL | B9: 3 FILL + + + | E9: 1 | F9: 12 | H9: =SUBSTITUTE(IF(F9<0,-F9&" CHS ",F9)&" GSB M2",",",".") -> 12 GSB M2 | L9: =IF(B9="DONE","",B9&" "&H9) -> 3 FILL + + + 12 GSB M2
A10: STO | B10: 1 CHS SQRT STO 01 CLSTK RCL 01 ENTER * CHS ABS ENTER | E10: 1 | F10: 1 | H10: =SUBSTITUTE(IF(F10<0,-F10&" CHS ",F10)&" GSB M2",",",".") -> 1 GSB M2 | L10: =IF(B10="DONE","",B10&" "&H10) -> 1 CHS SQRT STO 01 CLSTK RCL 01 ENTER * CHS ABS ENTER 1 GSB M2
A11: COMB | B11: 10 ENTER 3 COMB | E11: 1 | F11: 120 | H11: =SUBSTITUTE(IF(F11<0,-F11&" CHS ",F11)&" GSB M2",",",".") -> 120 GSB M2 | L11: =IF(B11="DONE","",B11&" "&H11) -> 10 ENTER 3 COMB 120 GSB M2
A12: PERM | B12: 4 ENTER 3 PERM | E12: 1 | F12: 24 | H12: =SUBSTITUTE(IF(F12<0,-F12&" CHS ",F12)&" GSB M2",",",".") -> 24 GSB M2 | L12: =IF(B12="DONE","",B12&" "&H12) -> 4 ENTER 3 PERM 24 GSB M2
A13: RCL | B13: 1 STO + 01 CLSTK RCL 01 X^2 ABS | E13: 1 | F13: 2 | H13: =SUBSTITUTE(IF(F13<0,-F13&" CHS ",F13)&" GSB M2",",",".") -> 2 GSB M2 | L13: =IF(B13="DONE","",B13&" "&H13) -> 1 STO + 01 CLSTK RCL 01 X^2 ABS 2 GSB M2
A14: ENTRY? | H14: =SUBSTITUTE(IF(F14<0,-F14&" CHS ",F14)&" GSB M2",",",".") -> GSB M2 | L14: =IF(B14="DONE","",B14&" "&H14) -> GSB M2
A15: X^2 | B15: RCL 01 X^2 STO 02 ABS | E15: 1 | F15: 2 | H15: =SUBSTITUTE(IF(F15<0,-F15&" CHS ",F15)&" GSB M2",",",".") -> 2 GSB M2 | L15: =IF(B15="DONE","",B15&" "&H15) -> RCL 01 X^2 STO 02 ABS 2 GSB M2
A16: X^3 | B16: RCL 01 X^3 STO 03 ABS | E16: 1 | F16: =SQRT(2)^3 -> 2.8284271 | H16: =SUBSTITUTE(IF(F16<0,-F16&" CHS ",F16)&" GSB M2",",",".") -> 2.82842712474619 GSB M2 | L16: =IF(B16="DONE","",B16&" "&H16) -> RCL 01 X^3 STO 03 ABS 2.82842712474619 GSB M2
A17: Y^X | B17: RCL 01 23 Y^X STO 04 ABS | E17: 1 | F17: =ROUND(2^(23/2),10) -> 2896.3094 | H17: =SUBSTITUTE(IF(F17<0,-F17&" CHS ",F17)&" GSB M2",",",".") -> 2896.3093757401 GSB M2 | L17: =IF(B17="DONE","",B17&" "&H17) -> RCL 01 23 Y^X STO 04 ABS 2896.3093757401 GSB M2
A18: SQRT | B18: RCL 02 SQRT RCL 01 - ABS | E18: 1 | F18: 0 | H18: =SUBSTITUTE(IF(F18<0,-F18&" CHS ",F18)&" GSB M2",",",".") -> 0 GSB M2 | L18: =IF(B18="DONE","",B18&" "&H18) -> RCL 02 SQRT RCL 01 - ABS 0 GSB M2
A19: CUBRT | B19: RCL 03 CUBRT RCL 01 - ABS | E19: 1 | F19: 0 | H19: =SUBSTITUTE(IF(F19<0,-F19&" CHS ",F19)&" GSB M2",",",".") -> 0 GSB M2 | L19: =IF(B19="DONE","",B19&" "&H19) -> RCL 03 CUBRT RCL 01 - ABS 0 GSB M2
A20: XRTY | B20: 1 EXIT 0.1 COMPLEX STO 06 23 Y^X 23 XRTY RCL 06 - ABS | E20: 1 | F20: 0 | H20: =SUBSTITUTE(IF(F20<0,-F20&" CHS ",F20)&" GSB M2",",",".") -> 0 GSB M2 | L20: =IF(B20="DONE","",B20&" "&H20) -> 1 EXIT 0.1 COMPLEX STO 06 23 Y^X 23 XRTY RCL 06 - ABS 0 GSB M2
A21: 2^X | B21: ="0.2 "&A21&"" -> 0.2 2^X | E21: 1 | F21: =2^0.2 -> 1.1486984 | H21: =SUBSTITUTE(IF(F21<0,-F21&" CHS ",F21)&" GSB M2",",",".") -> 1.14869835499704 GSB M2 | L21: =IF(B21="DONE","",B21&" "&H21) -> 0.2 2^X 1.14869835499704 GSB M2
A22: E^X | B22: ="0.2 "&A22&"" -> 0.2 E^X | E22: 1 | F22: =EXP(0.2) -> 1.2214028 | H22: =SUBSTITUTE(IF(F22<0,-F22&" CHS ",F22)&" GSB M2",",",".") -> 1.22140275816017 GSB M2 | L22: =IF(B22="DONE","",B22&" "&H22) -> 0.2 E^X 1.22140275816017 GSB M2
A23: 10^X | B23: ="0.2 "&A23 -> 0.2 10^X | E23: 1 | F23: =10^0.2 -> 1.5848932 | H23: =SUBSTITUTE(IF(F23<0,-F23&" CHS ",F23)&" GSB M2",",",".") -> 1.58489319246111 GSB M2 | L23: =IF(B23="DONE","",B23&" "&H23) -> 0.2 10^X 1.58489319246111 GSB M2
A24: LOG2 | B24: ="0.2 "&A24&"" -> 0.2 LOG2 | E24: 1 | F24: =LOG(0.2)/LOG(2) -> -2.3219281 | H24: =SUBSTITUTE(IF(F24<0,-F24&" CHS ",F24)&" GSB M2",",",".") -> 2.32192809488736 CHS GSB M2 | L24: =IF(B24="DONE","",B24&" "&H24) -> 0.2 LOG2 2.32192809488736 CHS GSB M2
A25: LN | B25: ="0.2 "&A25&"" -> 0.2 LN | E25: 1 | F25: =LN(0.2) -> -1.6094379 | H25: =SUBSTITUTE(IF(F25<0,-F25&" CHS ",F25)&" GSB M2",",",".") -> 1.6094379124341 CHS GSB M2 | L25: =IF(B25="DONE","",B25&" "&H25) -> 0.2 LN 1.6094379124341 CHS GSB M2
A26: LOG10 | B26: ="0.2 ENTER "&A26&"" -> 0.2 ENTER LOG10 | E26: 1 | F26: =LOG10(0.2) -> -0.69897 | H26: =SUBSTITUTE(IF(F26<0,-F26&" CHS ",F26)&" GSB M2",",",".") -> 0.698970004336019 CHS GSB M2 | L26: =IF(B26="DONE","",B26&" "&H26) -> 0.2 ENTER LOG10 0.698970004336019 CHS GSB M2
A27: LOGXY | B27: ="0.2 EXIT 3 "&A27&"" -> 0.2 EXIT 3 LOGXY | E27: 1 | F27: =LOG(0.2)/LOG(3) -> -1.4649735 | H27: =SUBSTITUTE(IF(F27<0,-F27&" CHS ",F27)&" GSB M2",",",".") -> 1.46497352071793 CHS GSB M2 | L27: =IF(B27="DONE","",B27&" "&H27) -> 0.2 EXIT 3 LOGXY 1.46497352071793 CHS GSB M2
A28: 1/X | B28: ="0.2 ENTER "&A28&"" -> 0.2 ENTER 1/X | E28: 1 | F28: =1/0.2 -> 5 | H28: =SUBSTITUTE(IF(F28<0,-F28&" CHS ",F28)&" GSB M2",",",".") -> 5 GSB M2 | L28: =IF(B28="DONE","",B28&" "&H28) -> 0.2 ENTER 1/X 5 GSB M2
A29: COS | B29: ="16.8 "&A29&" "&A35&" STO 10" -> 16.8 COS ARCCOS STO 10 | E29: 1 | F29: 16.8 | H29: =SUBSTITUTE(IF(F29<0,-F29&" CHS ",F29)&" GSB M2",",",".") -> 16.8 GSB M2 | L29: =IF(B29="DONE","",B29&" "&H29) -> 16.8 COS ARCCOS STO 10 16.8 GSB M2
A30: COSH | B30: ="16.8 "&A30&" "&A36&" STO 11" -> 16.8 COSH ARCCOSH STO 11 | E30: 1 | F30: 16.8 | H30: =SUBSTITUTE(IF(F30<0,-F30&" CHS ",F30)&" GSB M2",",",".") -> 16.8 GSB M2 | L30: =IF(B30="DONE","",B30&" "&H30) -> 16.8 COSH ARCCOSH STO 11 16.8 GSB M2
A31: SIN | B31: ="16.8 "&A31&" "&A37&" STO 12" -> 16.8 SIN ARCSIN STO 12 | E31: 1 | F31: 16.8 | H31: =SUBSTITUTE(IF(F31<0,-F31&" CHS ",F31)&" GSB M2",",",".") -> 16.8 GSB M2 | L31: =IF(B31="DONE","",B31&" "&H31) -> 16.8 SIN ARCSIN STO 12 16.8 GSB M2
A32: SINH | B32: ="16.8 "&A32&" "&A38&" STO 13" -> 16.8 SINH ARCSINH STO 13 | E32: 1 | F32: 16.8 | H32: =SUBSTITUTE(IF(F32<0,-F32&" CHS ",F32)&" GSB M2",",",".") -> 16.8 GSB M2 | L32: =IF(B32="DONE","",B32&" "&H32) -> 16.8 SINH ARCSINH STO 13 16.8 GSB M2
A33: TAN | B33: ="16.8 "&A33&" "&A39&" STO 14" -> 16.8 TAN ARCTAN STO 14 | E33: 1 | F33: 16.8 | H33: =SUBSTITUTE(IF(F33<0,-F33&" CHS ",F33)&" GSB M2",",",".") -> 16.8 GSB M2 | L33: =IF(B33="DONE","",B33&" "&H33) -> 16.8 TAN ARCTAN STO 14 16.8 GSB M2
A34: TANH | B34: ="16.8 "&A34&" "&A40&" STO 15" -> 16.8 TANH ARCTANH STO 15 | E34: 1 | F34: 16.8 | H34: =SUBSTITUTE(IF(F34<0,-F34&" CHS ",F34)&" GSB M2",",",".") -> 16.8 GSB M2 | L34: =IF(B34="DONE","",B34&" "&H34) -> 16.8 TANH ARCTANH STO 15 16.8 GSB M2
A35: ARCCOS | B35: DONE | H35: =SUBSTITUTE(IF(F35<0,-F35&" CHS ",F35)&" GSB M2",",",".") -> GSB M2 | L35: =IF(B35="DONE","",B35&" "&H35)
A36: ARCCOSH | B36: DONE | H36: =SUBSTITUTE(IF(F36<0,-F36&" CHS ",F36)&" GSB M2",",",".") -> GSB M2 | L36: =IF(B36="DONE","",B36&" "&H36)
A37: ARCSIN | B37: DONE | H37: =SUBSTITUTE(IF(F37<0,-F37&" CHS ",F37)&" GSB M2",",",".") -> GSB M2 | L37: =IF(B37="DONE","",B37&" "&H37)
A38: ARCSINH | B38: DONE | H38: =SUBSTITUTE(IF(F38<0,-F38&" CHS ",F38)&" GSB M2",",",".") -> GSB M2 | L38: =IF(B38="DONE","",B38&" "&H38)
A39: ARCTAN | B39: DONE | H39: =SUBSTITUTE(IF(F39<0,-F39&" CHS ",F39)&" GSB M2",",",".") -> GSB M2 | L39: =IF(B39="DONE","",B39&" "&H39)
A40: ARCTANH | B40: DONE | H40: =SUBSTITUTE(IF(F40<0,-F40&" CHS ",F40)&" GSB M2",",",".") -> GSB M2 | L40: =IF(B40="DONE","",B40&" "&H40)
A41: CEIL | B41: 0.2 CEIL 0.9 CEIL + | E41: 1 | F41: 2 | H41: =SUBSTITUTE(IF(F41<0,-F41&" CHS ",F41)&" GSB M2",",",".") -> 2 GSB M2 | L41: =IF(B41="DONE","",B41&" "&H41) -> 0.2 CEIL 0.9 CEIL + 2 GSB M2
A42: FLOOR | B42: 1.2 FLOOR 1.9 FLOOR + | E42: 1 | F42: 2 | H42: =SUBSTITUTE(IF(F42<0,-F42&" CHS ",F42)&" GSB M2",",",".") -> 2 GSB M2 | L42: =IF(B42="DONE","",B42&" "&H42) -> 1.2 FLOOR 1.9 FLOOR + 2 GSB M2
A43: GCD | B43: 54 EXIT 24 GCD STO 22 | E43: 1 | F43: 6 | H43: =SUBSTITUTE(IF(F43<0,-F43&" CHS ",F43)&" GSB M2",",",".") -> 6 GSB M2 | L43: =IF(B43="DONE","",B43&" "&H43) -> 54 EXIT 24 GCD STO 22 6 GSB M2
A44: LCM | B44: 4 EXIT 6 LCM | E44: 1 | F44: 12 | H44: =SUBSTITUTE(IF(F44<0,-F44&" CHS ",F44)&" GSB M2",",",".") -> 12 GSB M2 | L44: =IF(B44="DONE","",B44&" "&H44) -> 4 EXIT 6 LCM 12 GSB M2
A45: IP | B45: 3.14159265 IP | E45: 1 | F45: 3 | H45: =SUBSTITUTE(IF(F45<0,-F45&" CHS ",F45)&" GSB M2",",",".") -> 3 GSB M2 | L45: =IF(B45="DONE","",B45&" "&H45) -> 3.14159265 IP 3 GSB M2
A46: FP | B46: 3.14159265 FP | E46: 1 | F46: =0.14159265 -> 0.14159265 | H46: =SUBSTITUTE(IF(F46<0,-F46&" CHS ",F46)&" GSB M2",",",".") -> 0.14159265 GSB M2 | L46: =IF(B46="DONE","",B46&" "&H46) -> 3.14159265 FP 0.14159265 GSB M2
A47: + | B47: 3 EXIT 4 + 5 EXIT + | E47: 1 | F47: 12 | H47: =SUBSTITUTE(IF(F47<0,-F47&" CHS ",F47)&" GSB M2",",",".") -> 12 GSB M2 | L47: =IF(B47="DONE","",B47&" "&H47) -> 3 EXIT 4 + 5 EXIT + 12 GSB M2
A48: - | B48: 3 ENTER 4 - 5 EXIT - | E48: 1 | F48: -6 | H48: =SUBSTITUTE(IF(F48<0,-F48&" CHS ",F48)&" GSB M2",",",".") -> 6 CHS GSB M2 | L48: =IF(B48="DONE","",B48&" "&H48) -> 3 ENTER 4 - 5 EXIT - 6 CHS GSB M2
A49: CHS | B49: DONE | H49: =SUBSTITUTE(IF(F49<0,-F49&" CHS ",F49)&" GSB M2",",",".") -> GSB M2 | L49: =IF(B49="DONE","",B49&" "&H49)
A50: IDIV | B50: ="5 EXIT 2 "&A50&"" -> 5 EXIT 2 IDIV | E50: 1 | F50: =INT(5/2) -> 2 | H50: =SUBSTITUTE(IF(F50<0,-F50&" CHS ",F50)&" GSB M2",",",".") -> 2 GSB M2 | L50: =IF(B50="DONE","",B50&" "&H50) -> 5 EXIT 2 IDIV 2 GSB M2
A51: MOD | B51: ="5 EXIT 2 "&A51&"" -> 5 EXIT 2 MOD | E51: 1 | F51: =MOD(5,2) -> 1 | H51: =SUBSTITUTE(IF(F51<0,-F51&" CHS ",F51)&" GSB M2",",",".") -> 1 GSB M2 | L51: =IF(B51="DONE","",B51&" "&H51) -> 5 EXIT 2 MOD 1 GSB M2
A52: MAX | B52: ="5 EXIT 2 "&A52&"" -> 5 EXIT 2 MAX | E52: 1 | F52: =MAX(5,2) -> 5 | H52: =SUBSTITUTE(IF(F52<0,-F52&" CHS ",F52)&" GSB M2",",",".") -> 5 GSB M2 | L52: =IF(B52="DONE","",B52&" "&H52) -> 5 EXIT 2 MAX 5 GSB M2
A53: MIN | B53: ="5 EXIT 2 "&A53&"" -> 5 EXIT 2 MIN | E53: 1 | F53: =MIN(5,2) -> 2 | H53: =SUBSTITUTE(IF(F53<0,-F53&" CHS ",F53)&" GSB M2",",",".") -> 2 GSB M2 | L53: =IF(B53="DONE","",B53&" "&H53) -> 5 EXIT 2 MIN 2 GSB M2
A54: ABS | B54: DONE | H54: =SUBSTITUTE(IF(F54<0,-F54&" CHS ",F54)&" GSB M2",",",".") -> GSB M2 | L54: =IF(B54="DONE","",B54&" "&H54)
A55: NEXTP | B55: ="201 "&A55&"" -> 201 NEXTP | E55: 1 | F55: 211 | H55: =SUBSTITUTE(IF(F55<0,-F55&" CHS ",F55)&" GSB M2",",",".") -> 211 GSB M2 | L55: =IF(B55="DONE","",B55&" "&H55) -> 201 NEXTP 211 GSB M2
A56: X! | B56: ="5 "&A56&"" -> 5 X! | E56: 1 | F56: =FACT(5) -> 120 | H56: =SUBSTITUTE(IF(F56<0,-F56&" CHS ",F56)&" GSB M2",",",".") -> 120 GSB M2 | L56: =IF(B56="DONE","",B56&" "&H56) -> 5 X! 120 GSB M2
A57: PI | B57: DONE | H57: =SUBSTITUTE(IF(F57<0,-F57&" CHS ",F57)&" GSB M2",",",".") -> GSB M2 | L57: =IF(B57="DONE","",B57&" "&H57)
A58: >DEG | B58: ="RAD 0.2 "&A58&" >REAL" -> RAD 0.2 >DEG >REAL | E58: 1 | F58: 0.2 | H58: =SUBSTITUTE(IF(F58<0,-F58&" CHS ",F58)&" GSB M2",",",".") -> 0.2 GSB M2 | L58: =IF(B58="DONE","",B58&" "&H58) -> RAD 0.2 >DEG >REAL 0.2 GSB M2
A59: >RAD | B59: ="DEG 20 "&A59&" >REAL" -> DEG 20 >RAD >REAL | E59: 1 | F59: =20/180*PI() -> 0.34906585 | H59: =SUBSTITUTE(IF(F59<0,-F59&" CHS ",F59)&" GSB M2",",",".") -> 0.349065850398866 GSB M2 | L59: =IF(B59="DONE","",B59&" "&H59) -> DEG 20 >RAD >REAL 0.349065850398866 GSB M2
A60: D>R | B60: ="20 "&A60&" >REAL" -> 20 D>R >REAL | E60: 1 | F60: =20/180*PI() -> 0.34906585 | H60: =SUBSTITUTE(IF(F60<0,-F60&" CHS ",F60)&" GSB M2",",",".") -> 0.349065850398866 GSB M2 | L60: =IF(B60="DONE","",B60&" "&H60) -> 20 D>R >REAL 0.349065850398866 GSB M2
A61: R>D | B61: ="20 "&A61&" >REAL" -> 20 R>D >REAL | E61: 1 | F61: =20/PI()*180 -> 1145.9156 | H61: =SUBSTITUTE(IF(F61<0,-F61&" CHS ",F61)&" GSB M2",",",".") -> 1145.91559026165 GSB M2 | L61: =IF(B61="DONE","",B61&" "&H61) -> 20 R>D >REAL 1145.91559026165 GSB M2
A62: c | B62: c | E62: 1 | F62: 299792458 | H62: =SUBSTITUTE(IF(F62<0,-F62&" CHS ",F62)&" GSB M2",",",".") -> 299792458 GSB M2 | L62: =IF(B62="DONE","",B62&" "&H62) -> c 299792458 GSB M2
A63: SINC | B63: ="RAD 20 "&A63&"" -> RAD 20 SINC | E63: 1 | F63: =SIN(20)/20 -> 0.045647263 | H63: =SUBSTITUTE(IF(F63<0,-F63&" CHS ",F63)&" GSB M2",",",".") -> 0.0456472625363814 GSB M2 | L63: =IF(B63="DONE","",B63&" "&H63) -> RAD 20 SINC 0.0456472625363814 GSB M2
A64: RE | B64: ="20 CHS SQRT "&A64&"" -> 20 CHS SQRT RE | E64: 1 | F64: 0 | H64: =SUBSTITUTE(IF(F64<0,-F64&" CHS ",F64)&" GSB M2",",",".") -> 0 GSB M2 | L64: =IF(B64="DONE","",B64&" "&H64) -> 20 CHS SQRT RE 0 GSB M2
A65: RE<>IM | B65: ="20 CHS SQRT "&A65&" RE" -> 20 CHS SQRT RE<>IM RE | E65: 1 | F65: =SQRT(20) -> 4.472136 | H65: =SUBSTITUTE(IF(F65<0,-F65&" CHS ",F65)&" GSB M2",",",".") -> 4.47213595499958 GSB M2 | L65: =IF(B65="DONE","",B65&" "&H65) -> 20 CHS SQRT RE<>IM RE 4.47213595499958 GSB M2
A66: E^X-1 | B66: ="0.98 "&A66&"" -> 0.98 E^X-1 | E66: 1 | F66: =EXP(0.98)-1 -> 1.6644562 | H66: =SUBSTITUTE(IF(F66<0,-F66&" CHS ",F66)&" GSB M2",",",".") -> 1.66445624192942 GSB M2 | L66: =IF(B66="DONE","",B66&" "&H66) -> 0.98 E^X-1 1.66445624192942 GSB M2
A67: LN(1+X) | B67: ="0.98 "&A67&"" -> 0.98 LN(1+X) | E67: 1 | F67: =LN(1.98) -> 0.68309684 | H67: =SUBSTITUTE(IF(F67<0,-F67&" CHS ",F67)&" GSB M2",",",".") -> 0.683096844706444 GSB M2 | L67: =IF(B67="DONE","",B67&" "&H67) -> 0.98 LN(1+X) 0.683096844706444 GSB M2
A68: ROUND | B68: ="FIX 01 0.9811111111 "&A68&" ALL 00" -> FIX 01 0.9811111111 ROUND ALL 00 | E68: 1 | F68: 0.9 | H68: =SUBSTITUTE(IF(F68<0,-F68&" CHS ",F68)&" GSB M2",",",".") -> 0.9 GSB M2 | L68: =IF(B68="DONE","",B68&" "&H68) -> FIX 01 0.9811111111 ROUND ALL 00 0.9 GSB M2
A69: ROUNDI | B69: ="0.98 "&A69 -> 0.98 ROUNDI | E69: 1 | F69: 1 | H69: =SUBSTITUTE(IF(F69<0,-F69&" CHS ",F69)&" GSB M2",",",".") -> 1 GSB M2 | L69: =IF(B69="DONE","",B69&" "&H69) -> 0.98 ROUNDI 1 GSB M2
A70: INC | B70: 20 STO 00 INC 00 RCL 00 | E70: 1 | F70: 21 | H70: =SUBSTITUTE(IF(F70<0,-F70&" CHS ",F70)&" GSB M2",",",".") -> 21 GSB M2 | L70: =IF(B70="DONE","",B70&" "&H70) -> 20 STO 00 INC 00 RCL 00 21 GSB M2
A71: DEC | B71: 20 STO 00 DEC 00 RCL 00 | E71: 1 | F71: 19 | H71: =SUBSTITUTE(IF(F71<0,-F71&" CHS ",F71)&" GSB M2",",",".") -> 19 GSB M2 | L71: =IF(B71="DONE","",B71&" "&H71) -> 20 STO 00 DEC 00 RCL 00 19 GSB M2
A72: * | B72: DONE | H72: =SUBSTITUTE(IF(F72<0,-F72&" CHS ",F72)&" GSB M2",",",".") -> GSB M2 | L72: =IF(B72="DONE","",B72&" "&H72)
A73: / | B73: DONE | H73: =SUBSTITUTE(IF(F73<0,-F73&" CHS ",F73)&" GSB M2",",",".") -> GSB M2 | L73: =IF(B73="DONE","",B73&" "&H73)

Sheet XPORTP translations
B1: =MID("00"&C1,1+LEN(C1),2)&MID("00"&D1,1+LEN(D1),2) -> 0020 | D1: 20 | E1: STD_SPACE | F1: =CHAR(HEX2DEC(D1)) | N1: ="//XPORTP CODE "&TEXT(NOW(),"yyyy-mm-dd") -> //XPORTP CODE 2024-04-08
B2: =MID("00"&C2,1+LEN(C2),2)&MID("00"&D2,1+LEN(D2),2) -> 0021 | D2: 21 | E2: STD_EXCLAMATION_MARK | F2: =CHAR(HEX2DEC(D2)) -> !
B3: =MID("00"&C3,1+LEN(C3),2)&MID("00"&D3,1+LEN(D3),2) -> 0022 | D3: 22 | E3: STD_DOUBLE_QUOTE | F3: =CHAR(HEX2DEC(D3)) -> "
B4: =MID("00"&C4,1+LEN(C4),2)&MID("00"&D4,1+LEN(D4),2) -> 0023 | D4: 23 | E4: STD_NUMBER_SIGN | F4: =CHAR(HEX2DEC(D4)) -> #
B5: =MID("00"&C5,1+LEN(C5),2)&MID("00"&D5,1+LEN(D5),2) -> 0024 | D5: 24 | E5: STD_DOLLAR | F5: =CHAR(HEX2DEC(D5)) -> $
B6: =MID("00"&C6,1+LEN(C6),2)&MID("00"&D6,1+LEN(D6),2) -> 0025 | D6: 25 | E6: STD_PERCENT | F6: =CHAR(HEX2DEC(D6)) -> %
B7: =MID("00"&C7,1+LEN(C7),2)&MID("00"&D7,1+LEN(D7),2) -> 0026 | D7: 26 | E7: STD_AMPERSAND | F7: =CHAR(HEX2DEC(D7)) -> &
B8: =MID("00"&C8,1+LEN(C8),2)&MID("00"&D8,1+LEN(D8),2) -> 0027 | D8: 27 | E8: STD_QUOTE | F8: =CHAR(HEX2DEC(D8)) -> '
B9: =MID("00"&C9,1+LEN(C9),2)&MID("00"&D9,1+LEN(D9),2) -> 0028 | D9: 28 | E9: STD_LEFT_PARENTHESIS | F9: =CHAR(HEX2DEC(D9)) -> (
B10: =MID("00"&C10,1+LEN(C10),2)&MID("00"&D10,1+LEN(D10),2) -> 0029 | D10: 29 | E10: STD_RIGHT_PARENTHESIS | F10: =CHAR(HEX2DEC(D10)) -> )
B11: =MID("00"&C11,1+LEN(C11),2)&MID("00"&D11,1+LEN(D11),2) -> 002a | D11: 2a | E11: STD_ASTERISK | F11: =CHAR(HEX2DEC(D11)) -> *
B12: =MID("00"&C12,1+LEN(C12),2)&MID("00"&D12,1+LEN(D12),2) -> 002b | D12: 2b | E12: STD_PLUS | F12: =CHAR(HEX2DEC(D12)) -> +
B13: =MID("00"&C13,1+LEN(C13),2)&MID("00"&D13,1+LEN(D13),2) -> 002c | D13: 2c | E13: STD_COMMA | F13: =CHAR(HEX2DEC(D13)) -> ,
B14: =MID("00"&C14,1+LEN(C14),2)&MID("00"&D14,1+LEN(D14),2) -> 002d | D14: 2d | E14: STD_MINUS | F14: =CHAR(HEX2DEC(D14)) -> -
B15: =MID("00"&C15,1+LEN(C15),2)&MID("00"&D15,1+LEN(D15),2) -> 002e | D15: 2e | E15: STD_PERIOD | F15: =CHAR(HEX2DEC(D15)) -> .
B16: =MID("00"&C16,1+LEN(C16),2)&MID("00"&D16,1+LEN(D16),2) -> 002f | D16: 2f | E16: STD_SLASH | F16: =CHAR(HEX2DEC(D16)) -> /
B17: =MID("00"&C17,1+LEN(C17),2)&MID("00"&D17,1+LEN(D17),2) -> 0030 | D17: 30 | E17: STD_0 | F17: =CHAR(HEX2DEC(D17)) -> 0
B18: =MID("00"&C18,1+LEN(C18),2)&MID("00"&D18,1+LEN(D18),2) -> 0031 | D18: 31 | E18: STD_1 | F18: =CHAR(HEX2DEC(D18)) -> 1
B19: =MID("00"&C19,1+LEN(C19),2)&MID("00"&D19,1+LEN(D19),2) -> 0032 | D19: 32 | E19: STD_2 | F19: =CHAR(HEX2DEC(D19)) -> 2
B20: =MID("00"&C20,1+LEN(C20),2)&MID("00"&D20,1+LEN(D20),2) -> 0033 | D20: 33 | E20: STD_3 | F20: =CHAR(HEX2DEC(D20)) -> 3
B21: =MID("00"&C21,1+LEN(C21),2)&MID("00"&D21,1+LEN(D21),2) -> 0034 | D21: 34 | E21: STD_4 | F21: =CHAR(HEX2DEC(D21)) -> 4
B22: =MID("00"&C22,1+LEN(C22),2)&MID("00"&D22,1+LEN(D22),2) -> 0035 | D22: 35 | E22: STD_5 | F22: =CHAR(HEX2DEC(D22)) -> 5
B23: =MID("00"&C23,1+LEN(C23),2)&MID("00"&D23,1+LEN(D23),2) -> 0036 | D23: 36 | E23: STD_6 | F23: =CHAR(HEX2DEC(D23)) -> 6
B24: =MID("00"&C24,1+LEN(C24),2)&MID("00"&D24,1+LEN(D24),2) -> 0037 | D24: 37 | E24: STD_7 | F24: =CHAR(HEX2DEC(D24)) -> 7
B25: =MID("00"&C25,1+LEN(C25),2)&MID("00"&D25,1+LEN(D25),2) -> 0038 | D25: 38 | E25: STD_8 | F25: =CHAR(HEX2DEC(D25)) -> 8
B26: =MID("00"&C26,1+LEN(C26),2)&MID("00"&D26,1+LEN(D26),2) -> 0039 | D26: 39 | E26: STD_9 | F26: =CHAR(HEX2DEC(D26)) -> 9
B27: =MID("00"&C27,1+LEN(C27),2)&MID("00"&D27,1+LEN(D27),2) -> 003a | D27: 3a | E27: STD_COLON | F27: =CHAR(HEX2DEC(D27)) -> :
B28: =MID("00"&C28,1+LEN(C28),2)&MID("00"&D28,1+LEN(D28),2) -> 003b | D28: 3b | E28: STD_SEMICOLON | F28: =CHAR(HEX2DEC(D28)) -> ;
B29: =MID("00"&C29,1+LEN(C29),2)&MID("00"&D29,1+LEN(D29),2) -> 003c | D29: 3c | E29: STD_LESS_THAN | F29: =CHAR(HEX2DEC(D29)) -> <
B30: =MID("00"&C30,1+LEN(C30),2)&MID("00"&D30,1+LEN(D30),2) -> 003d | D30: 3d | E30: STD_EQUAL | F30: =CHAR(HEX2DEC(D30)) -> =
B31: =MID("00"&C31,1+LEN(C31),2)&MID("00"&D31,1+LEN(D31),2) -> 003e | D31: 3e | E31: STD_GREATER_THAN | F31: =CHAR(HEX2DEC(D31)) -> >
B32: =MID("00"&C32,1+LEN(C32),2)&MID("00"&D32,1+LEN(D32),2) -> 003f | D32: 3f | E32: STD_QUESTION_MARK | F32: =CHAR(HEX2DEC(D32)) -> ?
B33: =MID("00"&C33,1+LEN(C33),2)&MID("00"&D33,1+LEN(D33),2) -> 0040 | D33: 40 | E33: STD_AT | F33: =CHAR(HEX2DEC(D33)) -> @
B34: =MID("00"&C34,1+LEN(C34),2)&MID("00"&D34,1+LEN(D34),2) -> 0041 | D34: 41 | E34: STD_A | F34: =CHAR(HEX2DEC(D34)) -> A
B35: =MID("00"&C35,1+LEN(C35),2)&MID("00"&D35,1+LEN(D35),2) -> 0042 | D35: 42 | E35: STD_B | F35: =CHAR(HEX2DEC(D35)) -> B
B36: =MID("00"&C36,1+LEN(C36),2)&MID("00"&D36,1+LEN(D36),2) -> 0043 | D36: 43 | E36: STD_C | F36: =CHAR(HEX2DEC(D36)) -> C
B37: =MID("00"&C37,1+LEN(C37),2)&MID("00"&D37,1+LEN(D37),2) -> 0044 | D37: 44 | E37: STD_D | F37: =CHAR(HEX2DEC(D37)) -> D
B38: =MID("00"&C38,1+LEN(C38),2)&MID("00"&D38,1+LEN(D38),2) -> 0045 | D38: 45 | E38: STD_E | F38: =CHAR(HEX2DEC(D38)) -> E
B39: =MID("00"&C39,1+LEN(C39),2)&MID("00"&D39,1+LEN(D39),2) -> 0046 | D39: 46 | E39: STD_F | F39: =CHAR(HEX2DEC(D39)) -> F
B40: =MID("00"&C40,1+LEN(C40),2)&MID("00"&D40,1+LEN(D40),2) -> 0047 | D40: 47 | E40: STD_G | F40: =CHAR(HEX2DEC(D40)) -> G
B41: =MID("00"&C41,1+LEN(C41),2)&MID("00"&D41,1+LEN(D41),2) -> 0048 | D41: 48 | E41: STD_H | F41: =CHAR(HEX2DEC(D41)) -> H
B42: =MID("00"&C42,1+LEN(C42),2)&MID("00"&D42,1+LEN(D42),2) -> 0049 | D42: 49 | E42: STD_I | F42: =CHAR(HEX2DEC(D42)) -> I
B43: =MID("00"&C43,1+LEN(C43),2)&MID("00"&D43,1+LEN(D43),2) -> 004a | D43: 4a | E43: STD_J | F43: =CHAR(HEX2DEC(D43)) -> J
B44: =MID("00"&C44,1+LEN(C44),2)&MID("00"&D44,1+LEN(D44),2) -> 004b | D44: 4b | E44: STD_K | F44: =CHAR(HEX2DEC(D44)) -> K
B45: =MID("00"&C45,1+LEN(C45),2)&MID("00"&D45,1+LEN(D45),2) -> 004c | D45: 4c | E45: STD_L | F45: =CHAR(HEX2DEC(D45)) -> L
B46: =MID("00"&C46,1+LEN(C46),2)&MID("00"&D46,1+LEN(D46),2) -> 004d | D46: 4d | E46: STD_M | F46: =CHAR(HEX2DEC(D46)) -> M
B47: =MID("00"&C47,1+LEN(C47),2)&MID("00"&D47,1+LEN(D47),2) -> 004e | D47: 4e | E47: STD_N | F47: =CHAR(HEX2DEC(D47)) -> N
B48: =MID("00"&C48,1+LEN(C48),2)&MID("00"&D48,1+LEN(D48),2) -> 004f | D48: 4f | E48: STD_O | F48: =CHAR(HEX2DEC(D48)) -> O
B49: =MID("00"&C49,1+LEN(C49),2)&MID("00"&D49,1+LEN(D49),2) -> 0050 | D49: 50 | E49: STD_P | F49: =CHAR(HEX2DEC(D49)) -> P
B50: =MID("00"&C50,1+LEN(C50),2)&MID("00"&D50,1+LEN(D50),2) -> 0051 | D50: 51 | E50: STD_Q | F50: =CHAR(HEX2DEC(D50)) -> Q
B51: =MID("00"&C51,1+LEN(C51),2)&MID("00"&D51,1+LEN(D51),2) -> 0052 | D51: 52 | E51: STD_R | F51: =CHAR(HEX2DEC(D51)) -> R
B52: =MID("00"&C52,1+LEN(C52),2)&MID("00"&D52,1+LEN(D52),2) -> 0053 | D52: 53 | E52: STD_S | F52: =CHAR(HEX2DEC(D52)) -> S
B53: =MID("00"&C53,1+LEN(C53),2)&MID("00"&D53,1+LEN(D53),2) -> 0054 | D53: 54 | E53: STD_T | F53: =CHAR(HEX2DEC(D53)) -> T
B54: =MID("00"&C54,1+LEN(C54),2)&MID("00"&D54,1+LEN(D54),2) -> 0055 | D54: 55 | E54: STD_U | F54: =CHAR(HEX2DEC(D54)) -> U
B55: =MID("00"&C55,1+LEN(C55),2)&MID("00"&D55,1+LEN(D55),2) -> 0056 | D55: 56 | E55: STD_V | F55: =CHAR(HEX2DEC(D55)) -> V
B56: =MID("00"&C56,1+LEN(C56),2)&MID("00"&D56,1+LEN(D56),2) -> 0057 | D56: 57 | E56: STD_W | F56: =CHAR(HEX2DEC(D56)) -> W
B57: =MID("00"&C57,1+LEN(C57),2)&MID("00"&D57,1+LEN(D57),2) -> 0058 | D57: 58 | E57: STD_X | F57: =CHAR(HEX2DEC(D57)) -> X
B58: =MID("00"&C58,1+LEN(C58),2)&MID("00"&D58,1+LEN(D58),2) -> 0059 | D58: 59 | E58: STD_Y | F58: =CHAR(HEX2DEC(D58)) -> Y
B59: =MID("00"&C59,1+LEN(C59),2)&MID("00"&D59,1+LEN(D59),2) -> 005a | D59: 5a | E59: STD_Z | F59: =CHAR(HEX2DEC(D59)) -> Z
B60: =MID("00"&C60,1+LEN(C60),2)&MID("00"&D60,1+LEN(D60),2) -> 005b | D60: 5b | E60: STD_LEFT_SQUARE_BRACKET | F60: =CHAR(HEX2DEC(D60)) -> [
B61: =MID("00"&C61,1+LEN(C61),2)&MID("00"&D61,1+LEN(D61),2) -> 005c | D61: 5c | E61: STD_BACK_SLASH | F61: =CHAR(HEX2DEC(D61)) -> \
B62: =MID("00"&C62,1+LEN(C62),2)&MID("00"&D62,1+LEN(D62),2) -> 005d | D62: 5d | E62: STD_RIGHT_SQUARE_BRACKET | F62: =CHAR(HEX2DEC(D62)) -> ]
B63: =MID("00"&C63,1+LEN(C63),2)&MID("00"&D63,1+LEN(D63),2) -> 005e | D63: 5e | E63: STD_CIRCUMFLEX | F63: =CHAR(HEX2DEC(D63)) -> ^
B64: =MID("00"&C64,1+LEN(C64),2)&MID("00"&D64,1+LEN(D64),2) -> 005f | D64: 5f | E64: STD_UNDERSCORE | F64: =CHAR(HEX2DEC(D64)) -> _
B65: =MID("00"&C65,1+LEN(C65),2)&MID("00"&D65,1+LEN(D65),2) -> 0061 | D65: 61 | E65: STD_a | F65: =CHAR(HEX2DEC(D65)) -> a
B66: =MID("00"&C66,1+LEN(C66),2)&MID("00"&D66,1+LEN(D66),2) -> 0062 | D66: 62 | E66: STD_b | F66: =CHAR(HEX2DEC(D66)) -> b
B67: =MID("00"&C67,1+LEN(C67),2)&MID("00"&D67,1+LEN(D67),2) -> 0063 | D67: 63 | E67: STD_c | F67: =CHAR(HEX2DEC(D67)) -> c
B68: =MID("00"&C68,1+LEN(C68),2)&MID("00"&D68,1+LEN(D68),2) -> 0064 | D68: 64 | E68: STD_d | F68: =CHAR(HEX2DEC(D68)) -> d
B69: =MID("00"&C69,1+LEN(C69),2)&MID("00"&D69,1+LEN(D69),2) -> 0065 | D69: 65 | E69: STD_e | F69: =CHAR(HEX2DEC(D69)) -> e
B70: =MID("00"&C70,1+LEN(C70),2)&MID("00"&D70,1+LEN(D70),2) -> 0066 | D70: 66 | E70: STD_f | F70: =CHAR(HEX2DEC(D70)) -> f
B71: =MID("00"&C71,1+LEN(C71),2)&MID("00"&D71,1+LEN(D71),2) -> 0067 | D71: 67 | E71: STD_g | F71: =CHAR(HEX2DEC(D71)) -> g
B72: =MID("00"&C72,1+LEN(C72),2)&MID("00"&D72,1+LEN(D72),2) -> 0068 | D72: 68 | E72: STD_h | F72: =CHAR(HEX2DEC(D72)) -> h
B73: =MID("00"&C73,1+LEN(C73),2)&MID("00"&D73,1+LEN(D73),2) -> 0069 | D73: 69 | E73: STD_i | F73: =CHAR(HEX2DEC(D73)) -> i
B74: =MID("00"&C74,1+LEN(C74),2)&MID("00"&D74,1+LEN(D74),2) -> 006a | D74: 6a | E74: STD_j | F74: =CHAR(HEX2DEC(D74)) -> j
B75: =MID("00"&C75,1+LEN(C75),2)&MID("00"&D75,1+LEN(D75),2) -> 006b | D75: 6b | E75: STD_k | F75: =CHAR(HEX2DEC(D75)) -> k
B76: =MID("00"&C76,1+LEN(C76),2)&MID("00"&D76,1+LEN(D76),2) -> 006c | D76: 6c | E76: STD_l | F76: =CHAR(HEX2DEC(D76)) -> l
B77: =MID("00"&C77,1+LEN(C77),2)&MID("00"&D77,1+LEN(D77),2) -> 006d | D77: 6d | E77: STD_m | F77: =CHAR(HEX2DEC(D77)) -> m
B78: =MID("00"&C78,1+LEN(C78),2)&MID("00"&D78,1+LEN(D78),2) -> 006e | D78: 6e | E78: STD_n | F78: =CHAR(HEX2DEC(D78)) -> n
B79: =MID("00"&C79,1+LEN(C79),2)&MID("00"&D79,1+LEN(D79),2) -> 006f | D79: 6f | E79: STD_o | F79: =CHAR(HEX2DEC(D79)) -> o
B80: =MID("00"&C80,1+LEN(C80),2)&MID("00"&D80,1+LEN(D80),2) -> 0070 | D80: 70 | E80: STD_p | F80: =CHAR(HEX2DEC(D80)) -> p
B81: =MID("00"&C81,1+LEN(C81),2)&MID("00"&D81,1+LEN(D81),2) -> 0071 | D81: 71 | E81: STD_q | F81: =CHAR(HEX2DEC(D81)) -> q
B82: =MID("00"&C82,1+LEN(C82),2)&MID("00"&D82,1+LEN(D82),2) -> 0072 | D82: 72 | E82: STD_r | F82: =CHAR(HEX2DEC(D82)) -> r
B83: =MID("00"&C83,1+LEN(C83),2)&MID("00"&D83,1+LEN(D83),2) -> 0073 | D83: 73 | E83: STD_s | F83: =CHAR(HEX2DEC(D83)) -> s
B84: =MID("00"&C84,1+LEN(C84),2)&MID("00"&D84,1+LEN(D84),2) -> 0074 | D84: 74 | E84: STD_t | F84: =CHAR(HEX2DEC(D84)) -> t
B85: =MID("00"&C85,1+LEN(C85),2)&MID("00"&D85,1+LEN(D85),2) -> 0075 | D85: 75 | E85: STD_u | F85: =CHAR(HEX2DEC(D85)) -> u
B86: =MID("00"&C86,1+LEN(C86),2)&MID("00"&D86,1+LEN(D86),2) -> 0076 | D86: 76 | E86: STD_v | F86: =CHAR(HEX2DEC(D86)) -> v
B87: =MID("00"&C87,1+LEN(C87),2)&MID("00"&D87,1+LEN(D87),2) -> 0077 | D87: 77 | E87: STD_w | F87: =CHAR(HEX2DEC(D87)) -> w
B88: =MID("00"&C88,1+LEN(C88),2)&MID("00"&D88,1+LEN(D88),2) -> 0078 | D88: 78 | E88: STD_x | F88: =CHAR(HEX2DEC(D88)) -> x
B89: =MID("00"&C89,1+LEN(C89),2)&MID("00"&D89,1+LEN(D89),2) -> 0079 | D89: 79 | E89: STD_y | F89: =CHAR(HEX2DEC(D89)) -> y
B90: =MID("00"&C90,1+LEN(C90),2)&MID("00"&D90,1+LEN(D90),2) -> 007a | D90: 7a | E90: STD_z | F90: =CHAR(HEX2DEC(D90)) -> z
B91: =MID("00"&C91,1+LEN(C91),2)&MID("00"&D91,1+LEN(D91),2) -> 007b | D91: 7b | E91: STD_LEFT_CURLY_BRACKET | F91: =CHAR(HEX2DEC(D91)) -> {
B92: =MID("00"&C92,1+LEN(C92),2)&MID("00"&D92,1+LEN(D92),2) -> 007c | D92: 7c | E92: STD_PIPE | F92: =CHAR(HEX2DEC(D92)) -> |
B93: =MID("00"&C93,1+LEN(C93),2)&MID("00"&D93,1+LEN(D93),2) -> 007d | D93: 7d | E93: STD_RIGHT_CURLY_BRACKET | F93: =CHAR(HEX2DEC(D93)) -> }
B94: =MID("00"&C94,1+LEN(C94),2)&MID("00"&D94,1+LEN(D94),2) -> 007e | D94: 7e | E94: STD_TILDE | F94: =CHAR(HEX2DEC(D94)) -> ~
B95: =MID("00"&C95,1+LEN(C95),2)&MID("00"&D95,1+LEN(D95),2) -> 80a1 | C95: 80 | D95: a1 | E95: STD_INVERTED_EXCLAMATION_MARK | F95: =_xlfn.UNICHAR(HEX2DEC(D95)) -> ¡ | G95: default not supported | I95: =HEX2DEC(C95) -> 128 | J95: =HEX2DEC(D95) -> 161
B96: =MID("00"&C96,1+LEN(C96),2)&MID("00"&D96,1+LEN(D96),2) -> 80a2 | C96: 80 | D96: a2 | E96: STD_CENT | F96: =_xlfn.UNICHAR(HEX2DEC(D96)) -> ¢ | G96: default not supported | I96: =HEX2DEC(C96) -> 128 | J96: =HEX2DEC(D96) -> 162
B97: =MID("00"&C97,1+LEN(C97),2)&MID("00"&D97,1+LEN(D97),2) -> 80a3 | C97: 80 | D97: a3 | E97: STD_POUND | F97: =_xlfn.UNICHAR(HEX2DEC(D97)) -> £ | G97: default not supported | I97: =HEX2DEC(C97) -> 128 | J97: =HEX2DEC(D97) -> 163
B98: =MID("00"&C98,1+LEN(C98),2)&MID("00"&D98,1+LEN(D98),2) -> 80a5 | C98: 80 | D98: a5 | E98: STD_YEN | F98: =_xlfn.UNICHAR(HEX2DEC(D98)) -> ¥ | G98: default not supported | I98: =HEX2DEC(C98) -> 128 | J98: =HEX2DEC(D98) -> 165
B99: =MID("00"&C99,1+LEN(C99),2)&MID("00"&D99,1+LEN(D99),2) -> 80a7 | C99: 80 | D99: a7 | E99: STD_SECTION | F99: =_xlfn.UNICHAR(HEX2DEC(D99)) -> § | G99: default not supported | I99: =HEX2DEC(C99) -> 128 | J99: =HEX2DEC(D99) -> 167
B100: =MID("00"&C100,1+LEN(C100),2)&MID("00"&D100,1+LEN(D100),2) -> 80a9 | C100: 80 | D100: a9 | E100: STD_OVERFLOW_CARRY | F100: =_xlfn.UNICHAR(HEX2DEC(D100)) -> © | G100: default not supported | I100: =HEX2DEC(C100) -> 128 | J100: =HEX2DEC(D100) -> 169
...

Sheet lookups
E1: Spacing constants for export.h
A2: -10 | B2: #ifdef JM_LAYOUT_2_DM42_STRICT //JM LAYOUT 2. DM42 STRICT. | E2: 33 | F2: 27 | G2: 45 | H2: 43 | I2: 7 | J2: 9 | K2: 8 | L2: 13 | M2: 12 | N2: 28 | O2: 12 | P2: 17 | Q2: 45
A3: -11 | B3: #endif //JM END OF LAYOUT 2 DM42 STRICT.
A4: -12 | B4: #ifdef JM_LAYOUT_1A
A5: -13 | B5: #endif //JM END OF LAYOUT 1
