Workbook
Name CRLF: Sheet2!$B$1

Sheet Sheet2
B1: PC Keyboard codes: | D1: https://docs.oracle.com/cd/E67482_01/oscar/pdf/45/OnlineHelp_45/helpOnPS2keyCodes.html
B3: 4 | C3: 10 | E3: 10 | F3: 20 | G3: 30
B4: PC Key Code | C4: Exit If NIM | D4: Calculator | E4: Calculator Mode | F4: Function to run | G4: Comment
A5: w | B5: =CODE(A5) -> 119 | C5: ExitIfNim | D5: C47 | E5: CM_NORMAL | F5: ITM_XexY | G5: s[w]ap | H5: 0
A6: x | B6: =CODE(A6) -> 120 | C6: ExitIfNim | D6: C47 | E6: CM_NORMAL | F6: ITM_XEQ | G6: [x]eq | H6: 0
A7: = | B7: =CODE(A7) -> 61 | C7: ExitIfNim | D7: C47 | E7: CM_NORMAL | F7: ITM_DRG | G7: [=]>D,R,G | H7: 1
A8: a | B8: =CODE(A8) -> 97 | C8: ExitIfNim | D8: C47 | E8: CM_NORMAL | F8: ITM_SIGMAPLUS | G8: [a]ccumulate | H8: 1
A9: v | B9: =CODE(A9) -> 118 | C9: ExitIfNim | D9: C47 | E9: CM_NORMAL | F9: ITM_1ONX | G9: in[v]erse | H9: 1
A10: y | B10: =CODE(A10) -> 121 | C10: ExitIfNim | D10: C47 | E10: CM_NORMAL | F10: ITM_YX | G10: [y]^x | H10: 1
A11: n | B11: =CODE(A11) -> 110 | C11: ExitIfNim | D11: C47 | E11: CM_NORMAL | F11: ITM_CHS | G11: CHS [n]egative | H11: 1
A12: Y | B12: =CODE(A12) -> 89 | C12: ExitIfNim | D12: C47 | E12: CM_NORMAL | F12: ITM_XTHROOT | G12: xth root of [Y] | H12: 2
A13: c | B13: =CODE(A13) -> 99 | C13: ExitIfNim | D13: C47 | E13: CM_NORMAL | F13: ITM_cos | G13: [c]osine | H13: 2
A14: s | B14: =CODE(A14) -> 115 | C14: ExitIfNim | D14: C47 | E14: CM_NORMAL | F14: ITM_sin | G14: [s]ine | H14: 2
A15: t | B15: =CODE(A15) -> 116 | C15: ExitIfNim | D15: C47 | E15: CM_NORMAL | F15: ITM_tan | G15: [t]angent | H15: 2
A16: C | B16: =CODE(A16) -> 67 | C16: ExitIfNim | D16: C47 | E16: CM_NORMAL | F16: ITM_arccos | G16: arc[C]osine | H16: 2
... A34: k | B34: =CODE(A34) -> 107 | C34: ExitIfNim | D34: C47 | E34: CM_NORMAL | F34: -MNU_STK | G34: ST[k] | H34: 5
A37: =A5 -> w | B37: =B5 -> 119 | C37: =C5 -> ExitIfNim | D37: R47 | E37: =E5 -> CM_NORMAL | F37: =F5 -> ITM_XexY | G37: =G5 -> s[w]ap | H37: =H5 -> 0
A38: =A6 -> x | B38: =B6 -> 120 | C38: =C6 -> ExitIfNim | D38: R47 | E38: =E6 -> CM_NORMAL | F38: =F6 -> ITM_XEQ | G38: =G6 -> [x]eq | H38: =H6 -> 0
A39: =A7 -> = | B39: =B7 -> 61 | C39: =C7 -> ExitIfNim | D39: R47 | E39: =E7 -> CM_NORMAL | F39: =F7 -> ITM_DRG | G39: =G7 -> [=]>D,R,G | H39: =H7 -> 1
A40: =A8 -> a | B40: =B8 -> 97 | C40: =C8 -> ExitIfNim | D40: R47 | E40: =E8 -> CM_NORMAL | F40: =F8 -> ITM_SIGMAPLUS | G40: =G8 -> [a]ccumulate | H40: =H8 -> 1
A41: =A9 -> v | B41: =B9 -> 118 | C41: =C9 -> ExitIfNim | D41: R47 | E41: =E9 -> CM_NORMAL | F41: =F9 -> ITM_1ONX | G41: =G9 -> in[v]erse | H41: =H9 -> 1
A42: =A10 -> y | B42: =B10 -> 121 | C42: =C10 -> ExitIfNim | D42: R47 | E42: =E10 -> CM_NORMAL | F42: =F10 -> ITM_YX | G42: =G10 -> [y]^x | H42: =H10 -> 1
A43: =A11 -> n | B43: =B11 -> 110 | C43: =C11 -> ExitIfNim | D43: R47 | E43: =E11 -> CM_NORMAL | F43: =F11 -> ITM_CHS | G43: =G11 -> CHS [n]egative | H43: =H11 -> 1
A44: =A12 -> Y | B44: =B12 -> 89 | C44: =C12 -> ExitIfNim | D44: R47 | E44: =E12 -> CM_NORMAL | F44: =F12 -> ITM_XTHROOT | G44: =G12 -> xth root of [Y] | H44: =H12 -> 2
A45: =A13 -> c | B45: =B13 -> 99 | C45: =C13 -> ExitIfNim | D45: R47 | E45: =E13 -> CM_NORMAL | F45: =F13 -> ITM_cos | G45: =G13 -> [c]osine | H45: =H13 -> 2
A46: =A14 -> s | B46: =B14 -> 115 | C46: =C14 -> ExitIfNim | D46: R47 | E46: =E14 -> CM_NORMAL | F46: =F14 -> ITM_sin | G46: =G14 -> [s]ine | H46: =H14 -> 2
A47: =A15 -> t | B47: =B15 -> 116 | C47: =C15 -> ExitIfNim | D47: R47 | E47: =E15 -> CM_NORMAL | F47: =F15 -> ITM_tan | G47: =G15 -> [t]angent | H47: =H15 -> 2
A48: =A16 -> C | B48: =B16 -> 67 | C48: =C16 -> ExitIfNim | D48: R47 | E48: =E16 -> CM_NORMAL | F48: =F16 -> ITM_arccos | G48: =G16 -> arc[C]osine | H48: =H16 -> 2
... A66: =A34 -> k | B66: =B34 -> 107 | C66: =C34 -> ExitIfNim | D66: R47 | E66: =E34 -> CM_NORMAL | F66: =F34 -> -MNU_STK | G66: =G34 -> ST[k] | H66: =H34 -> 5

Sheet EXPORT.C
H1: if(shortCutCommand(w, event_keyval, 61, allowCondition, exitIfNim, 9999, "", CM_NORMAL, ITM_DRG )) {return true;} else //nn = comm
H2: =SUBSTITUTE(SUBSTITUTE(SUBSTITUTE(SUBSTITUTE(SUBSTITUTE(SUBSTITUTE($H$1,"61",A2),"CM_NORMAL",E2),"ITM_DRG",F2),"nn = comm",G2),"exitIfNim",B2),"allowCondition",D2) -> if(shortCutCommand(w, event_keyval, , , , 9999, "", , )) {return true;} else //
C4: 11
A5: =REPT(" ",Sheet2!$B$3-LEN(Sheet2!B5))&Sheet2!B5 -> 119 | B5: =REPT(" ",Sheet2!$C$3-LEN(Sheet2!C5))&Sheet2!C5 -> ExitIfNim | C5: =IF(Sheet2!D5="R47","isR47FAM","!isR47FAM") -> !isR47FAM | D5: =REPT( " ",$C$4-LEN(C5) ) &C5 -> !isR47FAM | E5: =REPT(" ",Sheet2!$E$3-LEN(Sheet2!E5))&Sheet2!E5 -> CM_NORMAL | F5: =REPT(" ",Sheet2!$F$3-LEN(Sheet2!F5))&Sheet2!F5 -> ITM_XexY | G5: =REPT(" ",Sheet2!$G$3-LEN(Sheet2!G5))&Sheet2!G5 -> s[w]ap | H5: =IF(Sheet2!B5="","",SUBSTITUTE(SUBSTITUTE(SUBSTITUTE(SUBSTITUTE(SUBSTITUTE(SUBSTITUTE($H$1,"61",A5),"CM_NORMAL",E5),"ITM_DRG",F5),"nn = comm",G5),"exitIfNim",B5),"allowCondition",D5)) -> if(shortCutCommand(w, event_keyval, 119, !isR47FAM, ExitIfNim, 9999, "", CM_NORMAL, ITM_XexY )) {return true;} else // s[w]ap
A6: =REPT(" ",Sheet2!$B$3-LEN(Sheet2!B6))&Sheet2!B6 -> 120 | B6: =REPT(" ",Sheet2!$C$3-LEN(Sheet2!C6))&Sheet2!C6 -> ExitIfNim | C6: =IF(Sheet2!D6="R47","isR47FAM","!isR47FAM") -> !isR47FAM | D6: =REPT( " ",$C$4-LEN(C6) ) &C6 -> !isR47FAM | E6: =REPT(" ",Sheet2!$E$3-LEN(Sheet2!E6))&Sheet2!E6 -> CM_NORMAL | F6: =REPT(" ",Sheet2!$F$3-LEN(Sheet2!F6))&Sheet2!F6 -> ITM_XEQ | G6: =REPT(" ",Sheet2!$G$3-LEN(Sheet2!G6))&Sheet2!G6 -> [x]eq | H6: =IF(Sheet2!B6="","",SUBSTITUTE(SUBSTITUTE(SUBSTITUTE(SUBSTITUTE(SUBSTITUTE(SUBSTITUTE($H$1,"61",A6),"CM_NORMAL",E6),"ITM_DRG",F6),"nn = comm",G6),"exitIfNim",B6),"allowCondition",D6)) -> if(shortCutCommand(w, event_keyval, 120, !isR47FAM, ExitIfNim, 9999, "", CM_NORMAL, ITM_XEQ )) {return true;} else // [x]eq
A7: =REPT(" ",Sheet2!$B$3-LEN(Sheet2!B7))&Sheet2!B7 -> 61 | B7: =REPT(" ",Sheet2!$C$3-LEN(Sheet2!C7))&Sheet2!C7 -> ExitIfNim | C7: =IF(Sheet2!D7="R47","isR47FAM","!isR47FAM") -> !isR47FAM | D7: =REPT( " ",$C$4-LEN(C7) ) &C7 -> !isR47FAM | E7: =REPT(" ",Sheet2!$E$3-LEN(Sheet2!E7))&Sheet2!E7 -> CM_NORMAL | F7: =REPT(" ",Sheet2!$F$3-LEN(Sheet2!F7))&Sheet2!F7 -> ITM_DRG | G7: =REPT(" ",Sheet2!$G$3-LEN(Sheet2!G7))&Sheet2!G7 -> [=]>D,R,G | H7: =IF(Sheet2!B7="","",SUBSTITUTE(SUBSTITUTE(SUBSTITUTE(SUBSTITUTE(SUBSTITUTE(SUBSTITUTE($H$1,"61",A7),"CM_NORMAL",E7),"ITM_DRG",F7),"nn = comm",G7),"exitIfNim",B7),"allowCondition",D7)) -> if(shortCutCommand(w, event_keyval, 61, !isR47FAM, ExitIfNim, 9999, "", CM_NORMAL, ITM_DRG )) {return true;} else // [=]>D,R,G
A8: =REPT(" ",Sheet2!$B$3-LEN(Sheet2!B8))&Sheet2!B8 -> 97 | B8: =REPT(" ",Sheet2!$C$3-LEN(Sheet2!C8))&Sheet2!C8 -> ExitIfNim | C8: =IF(Sheet2!D8="R47","isR47FAM","!isR47FAM") -> !isR47FAM | D8: =REPT( " ",$C$4-LEN(C8) ) &C8 -> !isR47FAM | E8: =REPT(" ",Sheet2!$E$3-LEN(Sheet2!E8))&Sheet2!E8 -> CM_NORMAL | F8: =REPT(" ",Sheet2!$F$3-LEN(Sheet2!F8))&Sheet2!F8 -> ITM_SIGMAPLUS | G8: =REPT(" ",Sheet2!$G$3-LEN(Sheet2!G8))&Sheet2!G8 -> [a]ccumulate | H8: =IF(Sheet2!B8="","",SUBSTITUTE(SUBSTITUTE(SUBSTITUTE(SUBSTITUTE(SUBSTITUTE(SUBSTITUTE($H$1,"61",A8),"CM_NORMAL",E8),"ITM_DRG",F8),"nn = comm",G8),"exitIfNim",B8),"allowCondition",D8)) -> if(shortCutCommand(w, event_keyval, 97, !isR47FAM, ExitIfNim, 9999, "", CM_NORMAL, ITM_SIGMAPLUS )) {return true;} else // [a]ccumulate
A9: =REPT(" ",Sheet2!$B$3-LEN(Sheet2!B9))&Sheet2!B9 -> 118 | B9: =REPT(" ",Sheet2!$C$3-LEN(Sheet2!C9))&Sheet2!C9 -> ExitIfNim | C9: =IF(Sheet2!D9="R47","isR47FAM","!isR47FAM") -> !isR47FAM | D9: =REPT( " ",$C$4-LEN(C9) ) &C9 -> !isR47FAM | E9: =REPT(" ",Sheet2!$E$3-LEN(Sheet2!E9))&Sheet2!E9 -> CM_NORMAL | F9: =REPT(" ",Sheet2!$F$3-LEN(Sheet2!F9))&Sheet2!F9 -> ITM_1ONX | G9: =REPT(" ",Sheet2!$G$3-LEN(Sheet2!G9))&Sheet2!G9 -> in[v]erse | H9: =IF(Sheet2!B9="","",SUBSTITUTE(SUBSTITUTE(SUBSTITUTE(SUBSTITUTE(SUBSTITUTE(SUBSTITUTE($H$1,"61",A9),"CM_NORMAL",E9),"ITM_DRG",F9),"nn = comm",G9),"exitIfNim",B9),"allowCondition",D9)) -> if(shortCutCommand(w, event_keyval, 118, !isR47FAM, ExitIfNim, 9999, "", CM_NORMAL, ITM_1ONX )) {return true;} else // in[v]erse
A10: =REPT(" ",Sheet2!$B$3-LEN(Sheet2!B10))&Sheet2!B10 -> 121 | B10: =REPT(" ",Sheet2!$C$3-LEN(Sheet2!C10))&Sheet2!C10 -> ExitIfNim | C10: =IF(Sheet2!D10="R47","isR47FAM","!isR47FAM") -> !isR47FAM | D10: =REPT( " ",$C$4-LEN(C10) ) &C10 -> !isR47FAM | E10: =REPT(" ",Sheet2!$E$3-LEN(Sheet2!E10))&Sheet2!E10 -> CM_NORMAL | F10: =REPT(" ",Sheet2!$F$3-LEN(Sheet2!F10))&Sheet2!F10 -> ITM_YX | G10: =REPT(" ",Sheet2!$G$3-LEN(Sheet2!G10))&Sheet2!G10 -> [y]^x | H10: =IF(Sheet2!B10="","",SUBSTITUTE(SUBSTITUTE(SUBSTITUTE(SUBSTITUTE(SUBSTITUTE(SUBSTITUTE($H$1,"61",A10),"CM_NORMAL",E10),"ITM_DRG",F10),"nn = comm",G10),"exitIfNim",B10),"allowCondition",D10)) -> if(shortCutCommand(w, event_keyval, 121, !isR47FAM, ExitIfNim, 9999, "", CM_NORMAL, ITM_YX )) {return true;} else // [y]^x
A11: =REPT(" ",Sheet2!$B$3-LEN(Sheet2!B11))&Sheet2!B11 -> 110 | B11: =REPT(" ",Sheet2!$C$3-LEN(Sheet2!C11))&Sheet2!C11 -> ExitIfNim | C11: =IF(Sheet2!D11="R47","isR47FAM","!isR47FAM") -> !isR47FAM | D11: =REPT( " ",$C$4-LEN(C11) ) &C11 -> !isR47FAM | E11: =REPT(" ",Sheet2!$E$3-LEN(Sheet2!E11))&Sheet2!E11 -> CM_NORMAL | F11: =REPT(" ",Sheet2!$F$3-LEN(Sheet2!F11))&Sheet2!F11 -> ITM_CHS | G11: =REPT(" ",Sheet2!$G$3-LEN(Sheet2!G11))&Sheet2!G11 -> CHS [n]egative | H11: =IF(Sheet2!B11="","",SUBSTITUTE(SUBSTITUTE(SUBSTITUTE(SUBSTITUTE(SUBSTITUTE(SUBSTITUTE($H$1,"61",A11),"CM_NORMAL",E11),"ITM_DRG",F11),"nn = comm",G11),"exitIfNim",B11),"allowCondition",D11)) -> if(shortCutCommand(w, event_keyval, 110, !isR47FAM, ExitIfNim, 9999, "", CM_NORMAL, ITM_CHS )) {return true;} else // CHS [n]egative
A12: =REPT(" ",Sheet2!$B$3-LEN(Sheet2!B12))&Sheet2!B12 -> 89 | B12: =REPT(" ",Sheet2!$C$3-LEN(Sheet2!C12))&Sheet2!C12 -> ExitIfNim | C12: =IF(Sheet2!D12="R47","isR47FAM","!isR47FAM") -> !isR47FAM | D12: =REPT( " ",$C$4-LEN(C12) ) &C12 -> !isR47FAM | E12: =REPT(" ",Sheet2!$E$3-LEN(Sheet2!E12))&Sheet2!E12 -> CM_NORMAL | F12: =REPT(" ",Sheet2!$F$3-LEN(Sheet2!F12))&Sheet2!F12 -> ITM_XTHROOT | G12: =REPT(" ",Sheet2!$G$3-LEN(Sheet2!G12))&Sheet2!G12 -> xth root of [Y] | H12: =IF(Sheet2!B12="","",SUBSTITUTE(SUBSTITUTE(SUBSTITUTE(SUBSTITUTE(SUBSTITUTE(SUBSTITUTE($H$1,"61",A12),"CM_NORMAL",E12),"ITM_DRG",F12),"nn = comm",G12),"exitIfNim",B12),"allowCondition",D12)) -> if(shortCutCommand(w, event_keyval, 89, !isR47FAM, ExitIfNim, 9999, "", CM_NORMAL, ITM_XTHROOT )) {return true;} else // xth root of [Y]
A13: =REPT(" ",Sheet2!$B$3-LEN(Sheet2!B13))&Sheet2!B13 -> 99 | B13: =REPT(" ",Sheet2!$C$3-LEN(Sheet2!C13))&Sheet2!C13 -> ExitIfNim | C13: =IF(Sheet2!D13="R47","isR47FAM","!isR47FAM") -> !isR47FAM | D13: =REPT( " ",$C$4-LEN(C13) ) &C13 -> !isR47FAM | E13: =REPT(" ",Sheet2!$E$3-LEN(Sheet2!E13))&Sheet2!E13 -> CM_NORMAL | F13: =REPT(" ",Sheet2!$F$3-LEN(Sheet2!F13))&Sheet2!F13 -> ITM_cos | G13: =REPT(" ",Sheet2!$G$3-LEN(Sheet2!G13))&Sheet2!G13 -> [c]osine | H13: =IF(Sheet2!B13="","",SUBSTITUTE(SUBSTITUTE(SUBSTITUTE(SUBSTITUTE(SUBSTITUTE(SUBSTITUTE($H$1,"61",A13),"CM_NORMAL",E13),"ITM_DRG",F13),"nn = comm",G13),"exitIfNim",B13),"allowCondition",D13)) -> if(shortCutCommand(w, event_keyval, 99, !isR47FAM, ExitIfNim, 9999, "", CM_NORMAL, ITM_cos )) {return true;} else // [c]osine
A14: =REPT(" ",Sheet2!$B$3-LEN(Sheet2!B14))&Sheet2!B14 -> 115 | B14: =REPT(" ",Sheet2!$C$3-LEN(Sheet2!C14))&Sheet2!C14 -> ExitIfNim | C14: =IF(Sheet2!D14="R47","isR47FAM","!isR47FAM") -> !isR47FAM | D14: =REPT( " ",$C$4-LEN(C14) ) &C14 -> !isR47FAM | E14: =REPT(" ",Sheet2!$E$3-LEN(Sheet2!E14))&Sheet2!E14 -> CM_NORMAL | F14: =REPT(" ",Sheet2!$F$3-LEN(Sheet2!F14))&Sheet2!F14 -> ITM_sin | G14: =REPT(" ",Sheet2!$G$3-LEN(Sheet2!G14))&Sheet2!G14 -> [s]ine | H14: =IF(Sheet2!B14="","",SUBSTITUTE(SUBSTITUTE(SUBSTITUTE(SUBSTITUTE(SUBSTITUTE(SUBSTITUTE($H$1,"61",A14),"CM_NORMAL",E14),"ITM_DRG",F14),"nn = comm",G14),"exitIfNim",B14),"allowCondition",D14)) -> if(shortCutCommand(w, event_keyval, 115, !isR47FAM, ExitIfNim, 9999, "", CM_NORMAL, ITM_sin )) {return true;} else // [s]ine
A15: =REPT(" ",Sheet2!$B$3-LEN(Sheet2!B15))&Sheet2!B15 -> 116 | B15: =REPT(" ",Sheet2!$C$3-LEN(Sheet2!C15))&Sheet2!C15 -> ExitIfNim | C15: =IF(Sheet2!D15="R47","isR47FAM","!isR47FAM") -> !isR47FAM | D15: =REPT( " ",$C$4-LEN(C15) ) &C15 -> !isR47FAM | E15: =REPT(" ",Sheet2!$E$3-LEN(Sheet2!E15))&Sheet2!E15 -> CM_NORMAL | F15: =REPT(" ",Sheet2!$F$3-LEN(Sheet2!F15))&Sheet2!F15 -> ITM_tan | G15: =REPT(" ",Sheet2!$G$3-LEN(Sheet2!G15))&Sheet2!G15 -> [t]angent | H15: =IF(Sheet2!B15="","",SUBSTITUTE(SUBSTITUTE(SUBSTITUTE(SUBSTITUTE(SUBSTITUTE(SUBSTITUTE($H$1,"61",A15),"CM_NORMAL",E15),"ITM_DRG",F15),"nn = comm",G15),"exitIfNim",B15),"allowCondition",D15)) -> if(shortCutCommand(w, event_keyval, 116, !isR47FAM, ExitIfNim, 9999, "", CM_NORMAL, ITM_tan )) {return true;} else // [t]angent
A16: =REPT(" ",Sheet2!$B$3-LEN(Sheet2!B16))&Sheet2!B16 -> 67 | B16: =REPT(" ",Sheet2!$C$3-LEN(Sheet2!C16))&Sheet2!C16 -> ExitIfNim | C16: =IF(Sheet2!D16="R47","isR47FAM","!isR47FAM") -> !isR47FAM | D16: =REPT( " ",$C$4-LEN(C16) ) &C16 -> !isR47FAM | E16: =REPT(" ",Sheet2!$E$3-LEN(Sheet2!E16))&Sheet2!E16 -> CM_NORMAL | F16: =REPT(" ",Sheet2!$F$3-LEN(Sheet2!F16))&Sheet2!F16 -> ITM_arccos | G16: =REPT(" ",Sheet2!$G$3-LEN(Sheet2!G16))&Sheet2!G16 -> arc[C]osine | H16: =IF(Sheet2!B16="","",SUBSTITUTE(SUBSTITUTE(SUBSTITUTE(SUBSTITUTE(SUBSTITUTE(SUBSTITUTE($H$1,"61",A16),"CM_NORMAL",E16),"ITM_DRG",F16),"nn = comm",G16),"exitIfNim",B16),"allowCondition",D16)) -> if(shortCutCommand(w, event_keyval, 67, !isR47FAM, ExitIfNim, 9999, "", CM_NORMAL, ITM_arccos )) {return true;} else // arc[C]osine
... A90: =REPT(" ",Sheet2!$B$3-LEN(Sheet2!B90))&Sheet2!B90 | B90: =REPT(" ",Sheet2!$C$3-LEN(Sheet2!C90))&Sheet2!C90 | C90: =IF(Sheet2!D90="R47","isR47FAM","!isR47FAM") -> !isR47FAM | D90: =REPT( " ",$C$4-LEN(C90) ) &C90 -> !isR47FAM | E90: =REPT(" ",Sheet2!$E$3-LEN(Sheet2!E90))&Sheet2!E90 | F90: =REPT(" ",Sheet2!$F$3-LEN(Sheet2!F90))&Sheet2!F90 | G90: =REPT(" ",Sheet2!$G$3-LEN(Sheet2!G90))&Sheet2!G90 | H90: =IF(Sheet2!B90="","",SUBSTITUTE(SUBSTITUTE(SUBSTITUTE(SUBSTITUTE(SUBSTITUTE(SUBSTITUTE($H$1,"61",A90),"CM_NORMAL",E90),"ITM_DRG",F90),"nn = comm",G90),"exitIfNim",B90),"allowCondition",D90))
H2241: =IF(AND(OR(#REF!="",ISBLANK(#REF!)),#REF!>0),IF(ISBLANK(#REF!),"",#REF!), IF(#REF!<0,VLOOKUP(#REF!,#REF!,2,0), IF(ISBLANK(#REF!), "", "/* "&TEXT(#REF!,"???0")&" *" &#REF!&", "& IF(#REF!-LEN(#REF!) >= 0, REPT(" ",#REF!-LEN(#REF!)), "") &#REF!&", "& IF(#REF!-LEN(#REF!) >= 0, REPT(" ",#REF!-LEN(#REF!)), "") &#REF!&", "& IF(#REF!-LEN(#REF!) >=0, REPT(" ",#REF!-LEN(#REF!)), "") &#REF!&", "& IF(#REF!-LEN(#REF!) >= 0, REPT(" ",#REF!-LEN(#REF!)+2), "")&"("& SUBSTITUTE(TEXT(#REF!,"??0")," ","")&" << TAM_MAX_BITS) |"& IF(#REF!-3 >= 0, REPT(" ",MAX(1,#REF!-5+4+1-1-LEN( IF(ISTEXT(#REF!),#REF!, SUBSTITUTE(SUBSTITUTE(TEXT(#REF!,"????0")," ","")," ","")) ))), "")& IF(ISTEXT(#REF!),#REF!, SUBSTITUTE(SUBSTITUTE(TEXT(#REF!,"????0")," ","")," ","")) &","& IF(#REF!-3 >= 0, REPT(" ",#REF!-3-5), "") &#REF!& " | "& IF(#REF!-LEN(#REF!) >= 0, REPT(" ",#REF!-LEN(#REF!)), "") &#REF!& IF(#REF!-LEN(#REF!) >= 0, REPT(" ",#REF!-LEN(#REF!)), "")& " | "& IF(#REF!-LEN(#REF!) >= 0, REPT(" ",#REF!-LEN(#REF!)), "") &#REF!& IF(#REF!-LEN(#REF!) >= 0, REPT(" ",#REF!-LEN(#REF!)), "")& " | " &#REF!& IF(#REF!-LEN(#REF!) >= 0, REPT(" ",#REF!-LEN(#REF!)), "")& " | " &#REF!& IF(#REF!-LEN(#REF!) >= 0, REPT(" ",#REF!-LEN(#REF!)), "")& "},"&IF(#REF!<>"",""&#REF!,"") ) ) ) -> #REF!
H2242: =IF(AND(OR(#REF!="",ISBLANK(#REF!)),#REF!>0),IF(ISBLANK(#REF!),"",#REF!), IF(#REF!<0,VLOOKUP(#REF!,#REF!,2,0), IF(ISBLANK(#REF!), "", "/* "&TEXT(#REF!,"???0")&" *" &#REF!&", "& IF(#REF!-LEN(#REF!) >= 0, REPT(" ",#REF!-LEN(#REF!)), "") &#REF!&", "& IF(#REF!-LEN(#REF!) >= 0, REPT(" ",#REF!-LEN(#REF!)), "") &#REF!&", "& IF(#REF!-LEN(#REF!) >=0, REPT(" ",#REF!-LEN(#REF!)), "") &#REF!&", "& IF(#REF!-LEN(#REF!) >= 0, REPT(" ",#REF!-LEN(#REF!)+2), "")&"("& SUBSTITUTE(TEXT(#REF!,"??0")," ","")&" << TAM_MAX_BITS) |"& IF(#REF!-3 >= 0, REPT(" ",MAX(1,#REF!-5+4+1-1-LEN( IF(ISTEXT(#REF!),#REF!, SUBSTITUTE(SUBSTITUTE(TEXT(#REF!,"????0")," ","")," ","")) ))), "")& IF(ISTEXT(#REF!),#REF!, SUBSTITUTE(SUBSTITUTE(TEXT(#REF!,"????0")," ","")," ","")) &","& IF(#REF!-3 >= 0, REPT(" ",#REF!-3-5), "") &#REF!& " | "& IF(#REF!-LEN(#REF!) >= 0, REPT(" ",#REF!-LEN(#REF!)), "") &#REF!& IF(#REF!-LEN(#REF!) >= 0, REPT(" ",#REF!-LEN(#REF!)), "")& " | "& IF(#REF!-LEN(#REF!) >= 0, REPT(" ",#REF!-LEN(#REF!)), "") &#REF!& IF(#REF!-LEN(#REF!) >= 0, REPT(" ",#REF!-LEN(#REF!)), "")& " | " &#REF!& IF(#REF!-LEN(#REF!) >= 0, REPT(" ",#REF!-LEN(#REF!)), "")& " | " &#REF!& IF(#REF!-LEN(#REF!) >= 0, REPT(" ",#REF!-LEN(#REF!)), "")& "},"&IF(#REF!<>"",""&#REF!,"") ) ) ) -> #REF!
H2243: =IF(AND(OR(#REF!="",ISBLANK(#REF!)),#REF!>0),IF(ISBLANK(#REF!),"",#REF!), IF(#REF!<0,VLOOKUP(#REF!,#REF!,2,0), IF(ISBLANK(#REF!), "", "/* "&TEXT(#REF!,"???0")&" *" &#REF!&", "& IF(#REF!-LEN(#REF!) >= 0, REPT(" ",#REF!-LEN(#REF!)), "") &#REF!&", "& IF(#REF!-LEN(#REF!) >= 0, REPT(" ",#REF!-LEN(#REF!)), "") &#REF!&", "& IF(#REF!-LEN(#REF!) >=0, REPT(" ",#REF!-LEN(#REF!)), "") &#REF!&", "& IF(#REF!-LEN(#REF!) >= 0, REPT(" ",#REF!-LEN(#REF!)+2), "")&"("& SUBSTITUTE(TEXT(#REF!,"??0")," ","")&" << TAM_MAX_BITS) |"& IF(#REF!-3 >= 0, REPT(" ",MAX(1,#REF!-5+4+1-1-LEN( IF(ISTEXT(#REF!),#REF!, SUBSTITUTE(SUBSTITUTE(TEXT(#REF!,"????0")," ","")," ","")) ))), "")& IF(ISTEXT(#REF!),#REF!, SUBSTITUTE(SUBSTITUTE(TEXT(#REF!,"????0")," ","")," ","")) &","& IF(#REF!-3 >= 0, REPT(" ",#REF!-3-5), "") &#REF!& " | "& IF(#REF!-LEN(#REF!) >= 0, REPT(" ",#REF!-LEN(#REF!)), "") &#REF!& IF(#REF!-LEN(#REF!) >= 0, REPT(" ",#REF!-LEN(#REF!)), "")& " | "& IF(#REF!-LEN(#REF!) >= 0, REPT(" ",#REF!-LEN(#REF!)), "") &#REF!& IF(#REF!-LEN(#REF!) >= 0, REPT(" ",#REF!-LEN(#REF!)), "")& " | " &#REF!& IF(#REF!-LEN(#REF!) >= 0, REPT(" ",#REF!-LEN(#REF!)), "")& " | " &#REF!& IF(#REF!-LEN(#REF!) >= 0, REPT(" ",#REF!-LEN(#REF!)), "")& "},"&IF(#REF!<>"",""&#REF!,"") ) ) ) -> #REF!
H2244: =IF(AND(OR(#REF!="",ISBLANK(#REF!)),#REF!>0),IF(ISBLANK(#REF!),"",#REF!), IF(#REF!<0,VLOOKUP(#REF!,#REF!,2,0), IF(ISBLANK(#REF!), "", "/* "&TEXT(#REF!,"???0")&" *" &#REF!&", "& IF(#REF!-LEN(#REF!) >= 0, REPT(" ",#REF!-LEN(#REF!)), "") &#REF!&", "& IF(#REF!-LEN(#REF!) >= 0, REPT(" ",#REF!-LEN(#REF!)), "") &#REF!&", "& IF(#REF!-LEN(#REF!) >=0, REPT(" ",#REF!-LEN(#REF!)), "") &#REF!&", "& IF(#REF!-LEN(#REF!) >= 0, REPT(" ",#REF!-LEN(#REF!)+2), "")&"("& SUBSTITUTE(TEXT(#REF!,"??0")," ","")&" << TAM_MAX_BITS) |"& IF(#REF!-3 >= 0, REPT(" ",MAX(1,#REF!-5+4+1-1-LEN( IF(ISTEXT(#REF!),#REF!, SUBSTITUTE(SUBSTITUTE(TEXT(#REF!,"????0")," ","")," ","")) ))), "")& IF(ISTEXT(#REF!),#REF!, SUBSTITUTE(SUBSTITUTE(TEXT(#REF!,"????0")," ","")," ","")) &","& IF(#REF!-3 >= 0, REPT(" ",#REF!-3-5), "") &#REF!& " | "& IF(#REF!-LEN(#REF!) >= 0, REPT(" ",#REF!-LEN(#REF!)), "") &#REF!& IF(#REF!-LEN(#REF!) >= 0, REPT(" ",#REF!-LEN(#REF!)), "")& " | "& IF(#REF!-LEN(#REF!) >= 0, REPT(" ",#REF!-LEN(#REF!)), "") &#REF!& IF(#REF!-LEN(#REF!) >= 0, REPT(" ",#REF!-LEN(#REF!)), "")& " | " &#REF!& IF(#REF!-LEN(#REF!) >= 0, REPT(" ",#REF!-LEN(#REF!)), "")& " | " &#REF!& IF(#REF!-LEN(#REF!) >= 0, REPT(" ",#REF!-LEN(#REF!)), "")& "},"&IF(#REF!<>"",""&#REF!,"") ) ) ) -> #REF!
H2245: =IF(AND(OR(#REF!="",ISBLANK(#REF!)),#REF!>0),IF(ISBLANK(#REF!),"",#REF!), IF(#REF!<0,VLOOKUP(#REF!,#REF!,2,0), IF(ISBLANK(#REF!), "", "/* "&TEXT(#REF!,"???0")&" *" &#REF!&", "& IF(#REF!-LEN(#REF!) >= 0, REPT(" ",#REF!-LEN(#REF!)), "") &#REF!&", "& IF(#REF!-LEN(#REF!) >= 0, REPT(" ",#REF!-LEN(#REF!)), "") &#REF!&", "& IF(#REF!-LEN(#REF!) >=0, REPT(" ",#REF!-LEN(#REF!)), "") &#REF!&", "& IF(#REF!-LEN(#REF!) >= 0, REPT(" ",#REF!-LEN(#REF!)+2), "")&"("& SUBSTITUTE(TEXT(#REF!,"??0")," ","")&" << TAM_MAX_BITS) |"& IF(#REF!-3 >= 0, REPT(" ",MAX(1,#REF!-5+4+1-1-LEN( IF(ISTEXT(#REF!),#REF!, SUBSTITUTE(SUBSTITUTE(TEXT(#REF!,"????0")," ","")," ","")) ))), "")& IF(ISTEXT(#REF!),#REF!, SUBSTITUTE(SUBSTITUTE(TEXT(#REF!,"????0")," ","")," ","")) &","& IF(#REF!-3 >= 0, REPT(" ",#REF!-3-5), "") &#REF!& " | "& IF(#REF!-LEN(#REF!) >= 0, REPT(" ",#REF!-LEN(#REF!)), "") &#REF!& IF(#REF!-LEN(#REF!) >= 0, REPT(" ",#REF!-LEN(#REF!)), "")& " | "& IF(#REF!-LEN(#REF!) >= 0, REPT(" ",#REF!-LEN(#REF!)), "") &#REF!& IF(#REF!-LEN(#REF!) >= 0, REPT(" ",#REF!-LEN(#REF!)), "")& " | " &#REF!& IF(#REF!-LEN(#REF!) >= 0, REPT(" ",#REF!-LEN(#REF!)), "")& " | " &#REF!& IF(#REF!-LEN(#REF!) >= 0, REPT(" ",#REF!-LEN(#REF!)), "")& "},"&IF(#REF!<>"",""&#REF!,"") ) ) ) -> #REF!
H2246: =IF(AND(OR(#REF!="",ISBLANK(#REF!)),#REF!>0),IF(ISBLANK(#REF!),"",#REF!), IF(#REF!<0,VLOOKUP(#REF!,#REF!,2,0), IF(ISBLANK(#REF!), "", "/* "&TEXT(#REF!,"???0")&" *" &#REF!&", "& IF(#REF!-LEN(#REF!) >= 0, REPT(" ",#REF!-LEN(#REF!)), "") &#REF!&", "& IF(#REF!-LEN(#REF!) >= 0, REPT(" ",#REF!-LEN(#REF!)), "") &#REF!&", "& IF(#REF!-LEN(#REF!) >=0, REPT(" ",#REF!-LEN(#REF!)), "") &#REF!&", "& IF(#REF!-LEN(#REF!) >= 0, REPT(" ",#REF!-LEN(#REF!)+2), "")&"("& SUBSTITUTE(TEXT(#REF!,"??0")," ","")&" << TAM_MAX_BITS) |"& IF(#REF!-3 >= 0, REPT(" ",MAX(1,#REF!-5+4+1-1-LEN( IF(ISTEXT(#REF!),#REF!, SUBSTITUTE(SUBSTITUTE(TEXT(#REF!,"????0")," ","")," ","")) ))), "")& IF(ISTEXT(#REF!),#REF!, SUBSTITUTE(SUBSTITUTE(TEXT(#REF!,"????0")," ","")," ","")) &","& IF(#REF!-3 >= 0, REPT(" ",#REF!-3-5), "") &#REF!& " | "& IF(#REF!-LEN(#REF!) >= 0, REPT(" ",#REF!-LEN(#REF!)), "") &#REF!& IF(#REF!-LEN(#REF!) >= 0, REPT(" ",#REF!-LEN(#REF!)), "")& " | "& IF(#REF!-LEN(#REF!) >= 0, REPT(" ",#REF!-LEN(#REF!)), "") &#REF!& IF(#REF!-LEN(#REF!) >= 0, REPT(" ",#REF!-LEN(#REF!)), "")& " | " &#REF!& IF(#REF!-LEN(#REF!) >= 0, REPT(" ",#REF!-LEN(#REF!)), "")& " | " &#REF!& IF(#REF!-LEN(#REF!) >= 0, REPT(" ",#REF!-LEN(#REF!)), "")& "},"&IF(#REF!<>"",""&#REF!,"") ) ) ) -> #REF!
H2247: =IF(AND(OR(#REF!="",ISBLANK(#REF!)),#REF!>0),IF(ISBLANK(#REF!),"",#REF!), IF(#REF!<0,VLOOKUP(#REF!,#REF!,2,0), IF(ISBLANK(#REF!), "", "/* "&TEXT(#REF!,"???0")&" *" &#REF!&", "& IF(#REF!-LEN(#REF!) >= 0, REPT(" ",#REF!-LEN(#REF!)), "") &#REF!&", "& IF(#REF!-LEN(#REF!) >= 0, REPT(" ",#REF!-LEN(#REF!)), "") &#REF!&", "& IF(#REF!-LEN(#REF!) >=0, REPT(" ",#REF!-LEN(#REF!)), "") &#REF!&", "& IF(#REF!-LEN(#REF!) >= 0, REPT(" ",#REF!-LEN(#REF!)+2), "")&"("& SUBSTITUTE(TEXT(#REF!,"??0")," ","")&" << TAM_MAX_BITS) |"& IF(#REF!-3 >= 0, REPT(" ",MAX(1,#REF!-5+4+1-1-LEN( IF(ISTEXT(#REF!),#REF!, SUBSTITUTE(SUBSTITUTE(TEXT(#REF!,"????0")," ","")," ","")) ))), "")& IF(ISTEXT(#REF!),#REF!, SUBSTITUTE(SUBSTITUTE(TEXT(#REF!,"????0")," ","")," ","")) &","& IF(#REF!-3 >= 0, REPT(" ",#REF!-3-5), "") &#REF!& " | "& IF(#REF!-LEN(#REF!) >= 0, REPT(" ",#REF!-LEN(#REF!)), "") &#REF!& IF(#REF!-LEN(#REF!) >= 0, REPT(" ",#REF!-LEN(#REF!)), "")& " | "& IF(#REF!-LEN(#REF!) >= 0, REPT(" ",#REF!-LEN(#REF!)), "") &#REF!& IF(#REF!-LEN(#REF!) >= 0, REPT(" ",#REF!-LEN(#REF!)), "")& " | " &#REF!& IF(#REF!-LEN(#REF!) >= 0, REPT(" ",#REF!-LEN(#REF!)), "")& " | " &#REF!& IF(#REF!-LEN(#REF!) >= 0, REPT(" ",#REF!-LEN(#REF!)), "")& "},"&IF(#REF!<>"",""&#REF!,"") ) ) ) -> #REF!
H2248: =IF(AND(OR(#REF!="",ISBLANK(#REF!)),#REF!>0),IF(ISBLANK(#REF!),"",#REF!), IF(#REF!<0,VLOOKUP(#REF!,#REF!,2,0), IF(ISBLANK(#REF!), "", "/* "&TEXT(#REF!,"???0")&" *" &#REF!&", "& IF(#REF!-LEN(#REF!) >= 0, REPT(" ",#REF!-LEN(#REF!)), "") &#REF!&", "& IF(#REF!-LEN(#REF!) >= 0, REPT(" ",#REF!-LEN(#REF!)), "") &#REF!&", "& IF(#REF!-LEN(#REF!) >=0, REPT(" ",#REF!-LEN(#REF!)), "") &#REF!&", "& IF(#REF!-LEN(#REF!) >= 0, REPT(" ",#REF!-LEN(#REF!)+2), "")&"("& SUBSTITUTE(TEXT(#REF!,"??0")," ","")&" << TAM_MAX_BITS) |"& IF(#REF!-3 >= 0, REPT(" ",MAX(1,#REF!-5+4+1-1-LEN( IF(ISTEXT(#REF!),#REF!, SUBSTITUTE(SUBSTITUTE(TEXT(#REF!,"????0")," ","")," ","")) ))), "")& IF(ISTEXT(#REF!),#REF!, SUBSTITUTE(SUBSTITUTE(TEXT(#REF!,"????0")," ","")," ","")) &","& IF(#REF!-3 >= 0, REPT(" ",#REF!-3-5), "") &#REF!& " | "& IF(#REF!-LEN(#REF!) >= 0, REPT(" ",#REF!-LEN(#REF!)), "") &#REF!& IF(#REF!-LEN(#REF!) >= 0, REPT(" ",#REF!-LEN(#REF!)), "")& " | "& IF(#REF!-LEN(#REF!) >= 0, REPT(" ",#REF!-LEN(#REF!)), "") &#REF!& IF(#REF!-LEN(#REF!) >= 0, REPT(" ",#REF!-LEN(#REF!)), "")& " | " &#REF!& IF(#REF!-LEN(#REF!) >= 0, REPT(" ",#REF!-LEN(#REF!)), "")& " | " &#REF!& IF(#REF!-LEN(#REF!) >= 0, REPT(" ",#REF!-LEN(#REF!)), "")& "},"&IF(#REF!<>"",""&#REF!,"") ) ) ) -> #REF!
H2249: =IF(AND(OR(#REF!="",ISBLANK(#REF!)),#REF!>0),IF(ISBLANK(#REF!),"",#REF!), IF(#REF!<0,VLOOKUP(#REF!,#REF!,2,0), IF(ISBLANK(#REF!), "", "/* "&TEXT(#REF!,"???0")&" *" &#REF!&", "& IF(#REF!-LEN(#REF!) >= 0, REPT(" ",#REF!-LEN(#REF!)), "") &#REF!&", "& IF(#REF!-LEN(#REF!) >= 0, REPT(" ",#REF!-LEN(#REF!)), "") &#REF!&", "& IF(#REF!-LEN(#REF!) >=0, REPT(" ",#REF!-LEN(#REF!)), "") &#REF!&", "& IF(#REF!-LEN(#REF!) >= 0, REPT(" ",#REF!-LEN(#REF!)+2), "")&"("& SUBSTITUTE(TEXT(#REF!,"??0")," ","")&" << TAM_MAX_BITS) |"& IF(#REF!-3 >= 0, REPT(" ",MAX(1,#REF!-5+4+1-1-LEN( IF(ISTEXT(#REF!),#REF!, SUBSTITUTE(SUBSTITUTE(TEXT(#REF!,"????0")," ","")," ","")) ))), "")& IF(ISTEXT(#REF!),#REF!, SUBSTITUTE(SUBSTITUTE(TEXT(#REF!,"????0")," ","")," ","")) &","& IF(#REF!-3 >= 0, REPT(" ",#REF!-3-5), "") &#REF!& " | "& IF(#REF!-LEN(#REF!) >= 0, REPT(" ",#REF!-LEN(#REF!)), "") &#REF!& IF(#REF!-LEN(#REF!) >= 0, REPT(" ",#REF!-LEN(#REF!)), "")& " | "& IF(#REF!-LEN(#REF!) >= 0, REPT(" ",#REF!-LEN(#REF!)), "") &#REF!& IF(#REF!-LEN(#REF!) >= 0, REPT(" ",#REF!-LEN(#REF!)), "")& " | " &#REF!& IF(#REF!-LEN(#REF!) >= 0, REPT(" ",#REF!-LEN(#REF!)), "")& " | " &#REF!& IF(#REF!-LEN(#REF!) >= 0, REPT(" ",#REF!-LEN(#REF!)), "")& "},"&IF(#REF!<>"",""&#REF!,"") ) ) ) -> #REF!
H2250: =IF(AND(OR(#REF!="",ISBLANK(#REF!)),#REF!>0),IF(ISBLANK(#REF!),"",#REF!), IF(#REF!<0,VLOOKUP(#REF!,#REF!,2,0), IF(ISBLANK(#REF!), "", "/* "&TEXT(#REF!,"???0")&" *" &#REF!&", "& IF(#REF!-LEN(#REF!) >= 0, REPT(" ",#REF!-LEN(#REF!)), "") &#REF!&", "& IF(#REF!-LEN(#REF!) >= 0, REPT(" ",#REF!-LEN(#REF!)), "") &#REF!&", "& IF(#REF!-LEN(#REF!) >=0, REPT(" ",#REF!-LEN(#REF!)), "") &#REF!&", "& IF(#REF!-LEN(#REF!) >= 0, REPT(" ",#REF!-LEN(#REF!)+2), "")&"("& SUBSTITUTE(TEXT(#REF!,"??0")," ","")&" << TAM_MAX_BITS) |"& IF(#REF!-3 >= 0, REPT(" ",MAX(1,#REF!-5+4+1-1-LEN( IF(ISTEXT(#REF!),#REF!, SUBSTITUTE(SUBSTITUTE(TEXT(#REF!,"????0")," ","")," ","")) ))), "")& IF(ISTEXT(#REF!),#REF!, SUBSTITUTE(SUBSTITUTE(TEXT(#REF!,"????0")," ","")," ","")) &","& IF(#REF!-3 >= 0, REPT(" ",#REF!-3-5), "") &#REF!& " | "& IF(#REF!-LEN(#REF!) >= 0, REPT(" ",#REF!-LEN(#REF!)), "") &#REF!& IF(#REF!-LEN(#REF!) >= 0, REPT(" ",#REF!-LEN(#REF!)), "")& " | "& IF(#REF!-LEN(#REF!) >= 0, REPT(" ",#REF!-LEN(#REF!)), "") &#REF!& IF(#REF!-LEN(#REF!) >= 0, REPT(" ",#REF!-LEN(#REF!)), "")& " | " &#REF!& IF(#REF!-LEN(#REF!) >= 0, REPT(" ",#REF!-LEN(#REF!)), "")& " | " &#REF!& IF(#REF!-LEN(#REF!) >= 0, REPT(" ",#REF!-LEN(#REF!)), "")& "},"&IF(#REF!<>"",""&#REF!,"") ) ) ) -> #REF!
H2251: =IF(AND(OR(#REF!="",ISBLANK(#REF!)),#REF!>0),IF(ISBLANK(#REF!),"",#REF!), IF(#REF!<0,VLOOKUP(#REF!,#REF!,2,0), IF(ISBLANK(#REF!), "", "/* "&TEXT(#REF!,"???0")&" *" &#REF!&", "& IF(#REF!-LEN(#REF!) >= 0, REPT(" ",#REF!-LEN(#REF!)), "") &#REF!&", "& IF(#REF!-LEN(#REF!) >= 0, REPT(" ",#REF!-LEN(#REF!)), "") &#REF!&", "& IF(#REF!-LEN(#REF!) >=0, REPT(" ",#REF!-LEN(#REF!)), "") &#REF!&", "& IF(#REF!-LEN(#REF!) >= 0, REPT(" ",#REF!-LEN(#REF!)+2), "")&"("& SUBSTITUTE(TEXT(#REF!,"??0")," ","")&" << TAM_MAX_BITS) |"& IF(#REF!-3 >= 0, REPT(" ",MAX(1,#REF!-5+4+1-1-LEN( IF(ISTEXT(#REF!),#REF!, SUBSTITUTE(SUBSTITUTE(TEXT(#REF!,"????0")," ","")," ","")) ))), "")& IF(ISTEXT(#REF!),#REF!, SUBSTITUTE(SUBSTITUTE(TEXT(#REF!,"????0")," ","")," ","")) &","& IF(#REF!-3 >= 0, REPT(" ",#REF!-3-5), "") &#REF!& " | "& IF(#REF!-LEN(#REF!) >= 0, REPT(" ",#REF!-LEN(#REF!)), "") &#REF!& IF(#REF!-LEN(#REF!) >= 0, REPT(" ",#REF!-LEN(#REF!)), "")& " | "& IF(#REF!-LEN(#REF!) >= 0, REPT(" ",#REF!-LEN(#REF!)), "") &#REF!& IF(#REF!-LEN(#REF!) >= 0, REPT(" ",#REF!-LEN(#REF!)), "")& " | " &#REF!& IF(#REF!-LEN(#REF!) >= 0, REPT(" ",#REF!-LEN(#REF!)), "")& " | " &#REF!& IF(#REF!-LEN(#REF!) >= 0, REPT(" ",#REF!-LEN(#REF!)), "")& "},"&IF(#REF!<>"",""&#REF!,"") ) ) ) -> #REF!
H2252: =IF(AND(OR(#REF!="",ISBLANK(#REF!)),#REF!>0),IF(ISBLANK(#REF!),"",#REF!), IF(#REF!<0,VLOOKUP(#REF!,#REF!,2,0), IF(ISBLANK(#REF!), "", "/* "&TEXT(#REF!,"???0")&" *" &#REF!&", "& IF(#REF!-LEN(#REF!) >= 0, REPT(" ",#REF!-LEN(#REF!)), "") &#REF!&", "& IF(#REF!-LEN(#REF!) >= 0, REPT(" ",#REF!-LEN(#REF!)), "") &#REF!&", "& IF(#REF!-LEN(#REF!) >=0, REPT(" ",#REF!-LEN(#REF!)), "") &#REF!&", "& IF(#REF!-LEN(#REF!) >= 0, REPT(" ",#REF!-LEN(#REF!)+2), "")&"("& SUBSTITUTE(TEXT(#REF!,"??0")," ","")&" << TAM_MAX_BITS) |"& IF(#REF!-3 >= 0, REPT(" ",MAX(1,#REF!-5+4+1-1-LEN( IF(ISTEXT(#REF!),#REF!, SUBSTITUTE(SUBSTITUTE(TEXT(#REF!,"????0")," ","")," ","")) ))), "")& IF(ISTEXT(#REF!),#REF!, SUBSTITUTE(SUBSTITUTE(TEXT(#REF!,"????0")," ","")," ","")) &","& IF(#REF!-3 >= 0, REPT(" ",#REF!-3-5), "") &#REF!& " | "& IF(#REF!-LEN(#REF!) >= 0, REPT(" ",#REF!-LEN(#REF!)), "") &#REF!& IF(#REF!-LEN(#REF!) >= 0, REPT(" ",#REF!-LEN(#REF!)), "")& " | "& IF(#REF!-LEN(#REF!) >= 0, REPT(" ",#REF!-LEN(#REF!)), "") &#REF!& IF(#REF!-LEN(#REF!) >= 0, REPT(" ",#REF!-LEN(#REF!)), "")& " | " &#REF!& IF(#REF!-LEN(#REF!) >= 0, REPT(" ",#REF!-LEN(#REF!)), "")& " | " &#REF!& IF(#REF!-LEN(#REF!) >= 0, REPT(" ",#REF!-LEN(#REF!)), "")& "},"&IF(#REF!<>"",""&#REF!,"") ) ) ) -> #REF!
... H2641: =IF(AND(OR(#REF!="",ISBLANK(#REF!)),#REF!>0),IF(ISBLANK(#REF!),"",#REF!), IF(#REF!<0,VLOOKUP(#REF!,#REF!,2,0), IF(ISBLANK(#REF!), "", "/* "&TEXT(#REF!,"???0")&" *" &#REF!&", "& IF(#REF!-LEN(#REF!) >= 0, REPT(" ",#REF!-LEN(#REF!)), "") &#REF!&", "& IF(#REF!-LEN(#REF!) >= 0, REPT(" ",#REF!-LEN(#REF!)), "") &#REF!&", "& IF(#REF!-LEN(#REF!) >=0, REPT(" ",#REF!-LEN(#REF!)), "") &#REF!&", "& IF(#REF!-LEN(#REF!) >= 0, REPT(" ",#REF!-LEN(#REF!)+2), "")&"("& SUBSTITUTE(TEXT(#REF!,"??0")," ","")&" << TAM_MAX_BITS) |"& IF(#REF!-3 >= 0, REPT(" ",MAX(1,#REF!-5+4+1-1-LEN( IF(ISTEXT(#REF!),#REF!, SUBSTITUTE(SUBSTITUTE(TEXT(#REF!,"????0")," ","")," ","")) ))), "")& IF(ISTEXT(#REF!),#REF!, SUBSTITUTE(SUBSTITUTE(TEXT(#REF!,"????0")," ","")," ","")) &","& IF(#REF!-3 >= 0, REPT(" ",#REF!-3-5), "") &#REF!& " | "& IF(#REF!-LEN(#REF!) >= 0, REPT(" ",#REF!-LEN(#REF!)), "") &#REF!& IF(#REF!-LEN(#REF!) >= 0, REPT(" ",#REF!-LEN(#REF!)), "")& " | "& IF(#REF!-LEN(#REF!) >= 0, REPT(" ",#REF!-LEN(#REF!)), "") &#REF!& IF(#REF!-LEN(#REF!) >= 0, REPT(" ",#REF!-LEN(#REF!)), "")& " | " &#REF!& IF(#REF!-LEN(#REF!) >= 0, REPT(" ",#REF!-LEN(#REF!)), "")& " | " &#REF!& IF(#REF!-LEN(#REF!) >= 0, REPT(" ",#REF!-LEN(#REF!)), "")& "},"&IF(#REF!<>"",""&#REF!,"") ) ) ) -> #REF!
